Store Number,City,Transaction_Count,Total_Revenue,Total_Bottles_Sold,Average_Transaction_Value,Average_Bottles_Per_Transaction,Average_Bottle_Retail,Premium_Product_Share,Unique_Products,Unique_Categories,Cluster,Cluster_Name,PCA1,PCA2
10003,IOWA CITY,29,1820.57,102,62.778275862068966,3.5172413793103448,21.599999999999998,0.4827586206896552,27,15,0,Premium Retail Stores,-0.009186200785750609,0.5991247238634791
10004,WEST BRANCH,6,920.8199999999999,90,153.47,15.0,12.433333333333332,0.16666666666666666,6,4,1,Standard Neighbourhood Stores,-2.048685615287791,0.34024997549377584
10005,IOWA CITY,16,1646.95,161,102.934375,10.0625,26.6125,0.375,16,10,0,Premium Retail Stores,-0.4431809765651267,1.3663669381715204
10016,PERRY,5,576.65,55,115.33,11.0,13.681999999999999,0.2,5,3,1,Standard Neighbourhood Stores,-2.6268804275862387,0.24347891602357943
10019,OELWEIN,7,645.18,42,92.16857142857143,6.0,30.555714285714288,0.2857142857142857,7,6,0,Premium Retail Stores,-2.1694581586028905,1.425712572246277
10020,PANORA,21,2063.08,91,98.24190476190476,4.333333333333333,24.700000000000003,0.5714285714285714,21,16,0,Premium Retail Stores,-0.07616132940336982,1.433980190187102
10021,BONDURANT,9,1001.71,54,111.30111111111111,6.0,23.405555555555555,0.4444444444444444,9,8,0,Premium Retail Stores,-1.5909905606973742,1.3817713280757802
10024,WEST DES MOINES,9,520.14,29,57.79333333333333,3.2222222222222223,21.023333333333333,0.3333333333333333,7,5,0,Premium Retail Stores,-2.4548368023302003,0.5000725676892459
10025,URBANDALE,14,1121.9,150,80.13571428571429,10.714285714285714,12.093571428571428,0.14285714285714285,14,6,1,Standard Neighbourhood Stores,-1.1838042781649623,-0.5828764296347003
10028,CARTER LAKE,6,591.35,48,98.55833333333334,8.0,17.426666666666666,0.16666666666666666,6,5,1,Standard Neighbourhood Stores,-2.4901232362872365,0.1411225405136734
10029,DES MOINES,26,3393.17,390,130.50653846153847,15.0,26.14423076923077,0.34615384615384615,26,19,3,Balanced High-Performing Stores,0.9484271866731356,1.3455752289124774
10033,HIAWATHA,8,240.79000000000002,64,30.098750000000003,8.0,12.1575,0.25,8,7,1,Standard Neighbourhood Stores,-2.4979667106596044,-0.4582301416134252
10035,CLINTON,14,2025.42,297,144.67285714285714,21.214285714285715,17.690714285714286,0.14285714285714285,14,10,1,Standard Neighbourhood Stores,-0.3319832560549076,0.6309389980630429
10036,DUBUQUE,5,646.12,39,129.224,7.8,28.984,0.4,5,5,0,Premium Retail Stores,-2.369094462478888,2.045906262680073
10037,GLENWOOD,30,1553.35,90,51.77833333333333,3.0,19.488666666666667,0.3333333333333333,29,20,0,Premium Retail Stores,-0.02134112028243979,-0.2293328168745819
10038,WEST DES MOINES,19,2164.6,216,113.92631578947368,11.368421052631579,25.23526315789474,0.3684210526315789,19,11,0,Premium Retail Stores,-0.04442790854248398,1.2843801148884557
10039,ANKENY,19,3278.16,158,172.53473684210525,8.31578947368421,38.143157894736845,0.47368421052631576,19,12,0,Premium Retail Stores,0.26932311751219523,2.802616406104359
10040,HOSPERS,6,360.36,21,60.06,3.5,18.57166666666667,0.3333333333333333,6,5,0,Premium Retail Stores,-2.9401709057400747,0.3976960192048604
10045,BELLE PLAINE,5,676.0799999999999,48,135.21599999999998,9.6,17.114,0.2,5,3,1,Standard Neighbourhood Stores,-2.5725598577399844,0.5492853271641277
10049,REMSEN,6,847.06,37,141.17666666666665,6.166666666666667,21.736666666666665,0.5,6,6,0,Premium Retail Stores,-2.1242101295285787,1.718120533003108
10050,ANKENY,6,354.81,29,59.135,4.833333333333333,13.375,0.0,6,4,1,Standard Neighbourhood Stores,-3.1216140127912126,-1.077633261692372
10051,MARION,5,422.37,35,84.474,7.0,11.614,0.0,5,4,1,Standard Neighbourhood Stores,-3.0944359489780995,-0.9453816471491019
10053,SPRINGVILLE,6,355.84000000000003,33,59.30666666666667,5.5,20.175,0.5,6,5,0,Premium Retail Stores,-2.6419588028547034,1.1751996186681208
10057,ALTOONA,7,1047.58,76,149.6542857142857,10.857142857142858,14.404285714285715,0.42857142857142855,7,5,0,Premium Retail Stores,-1.7645917825331725,1.114212430832838
10058,DAVENPORT,10,590.95,109,59.095000000000006,10.9,10.548,0.0,10,7,1,Standard Neighbourhood Stores,-1.9089762809907052,-1.200190902241081
10060,ALTOONA,28,3235.01,634,115.53607142857143,22.642857142857142,16.682142857142857,0.25,26,15,3,Balanced High-Performing Stores,0.8960417084146505,0.587219078913564
10061,HIAWATHA,7,442.8,32,63.25714285714286,4.571428571428571,15.398571428571428,0.2857142857142857,7,4,1,Standard Neighbourhood Stores,-2.679325261224433,0.015553561134329734
10062,MONONA,6,1115.6399999999999,72,185.93999999999997,12.0,17.18166666666667,0.16666666666666666,6,6,1,Standard Neighbourhood Stores,-1.9285338164533175,0.7096003705640409
10063,WATERLOO,6,915.96,163,152.66,27.166666666666668,31.726666666666663,0.16666666666666666,6,6,0,Premium Retail Stores,-1.4479857166231733,2.452772681811607
10065,BETTENDORF,51,13497.19,836,264.6507843137255,16.392156862745097,20.927647058823528,0.27450980392156865,47,22,3,Balanced High-Performing Stores,2.4796424815557785,1.1422238564566631
10068,CLINTON,9,754.42,43,83.82444444444444,4.777777777777778,17.413333333333334,0.3333333333333333,9,7,0,Premium Retail Stores,-1.9910013410908682,0.3459893242598501
10070,LE CLAIRE,13,1904.43,133,146.4946153846154,10.23076923076923,24.01153846153846,0.5384615384615384,13,9,0,Premium Retail Stores,-0.5362562143540982,1.99422745883043
10071,FORT DODGE,11,545.51,82,49.591818181818184,7.454545454545454,18.005454545454544,0.2727272727272727,11,8,0,Premium Retail Stores,-1.723185824792159,0.07095412836321117
10072,MUSCATINE,6,767.6,85,127.93333333333334,14.166666666666666,58.169999999999995,0.3333333333333333,6,6,0,Premium Retail Stores,-1.5366988048270969,4.41379530101763
10073,OGDEN,19,1519.22,71,79.95894736842105,3.736842105263158,26.323684210526316,0.47368421052631576,18,12,0,Premium Retail Stores,-0.6078255997485276,1.2056925940105663
10074,ANKENY,16,52143.83,2039,3258.989375,127.4375,46.896875,0.9375,13,7,4,Specialized Wholesale Stores,7.284148767200453,24.656379169317002
10076,TIFFIN,24,3894.41,213,162.26708333333332,8.875,34.96,0.625,24,15,0,Premium Retail Stores,0.8091657797904099,2.92795674373498
10077,MARION,5,459.96000000000004,56,91.992,11.2,13.216000000000003,0.2,5,3,1,Standard Neighbourhood Stores,-2.734602744991358,0.10278958265474913
10080,RAYMOND,6,759.36,53,126.56,8.833333333333334,25.26,0.3333333333333333,6,5,0,Premium Retail Stores,-2.134041546352895,1.5082801723297763
10089,FAIRFIELD,12,1537.56,249,128.13,20.75,11.099166666666667,0.16666666666666666,12,7,1,Standard Neighbourhood Stores,-0.8112428868695968,0.15830511255227683
10090,OTTUMWA,6,526.14,57,87.69,9.5,19.485,0.3333333333333333,5,3,0,Premium Retail Stores,-2.485111113125727,0.9366418724358161
10091,COUNCIL BLUFFS,10,1186.16,103,118.61600000000001,10.3,24.976,0.2,10,6,0,Premium Retail Stores,-1.3701995604892643,0.9145479940602302
10093,COUNCIL BLUFFS,12,1336.16,101,111.34666666666668,8.416666666666666,28.023333333333337,0.25,10,7,0,Premium Retail Stores,-1.1893900667137438,1.1715514638335185
10094,COUNCIL BLUFFS,8,1382.82,156,172.8525,19.5,8.85125,0.0,7,4,1,Standard Neighbourhood Stores,-1.6014825467275076,-0.263371079978256
10095,COUNCIL BLUFFS,9,1224.6,98,136.06666666666666,10.88888888888889,25.994444444444444,0.2222222222222222,8,6,0,Premium Retail Stores,-1.4590083867984198,1.2305996312327836
10096,DAVENPORT,17,1709.08,221,100.53411764705882,13.0,19.976470588235294,0.4117647058823529,17,10,0,Premium Retail Stores,-0.2790586054305194,1.063026925733489
10097,COUNCIL BLUFFS,19,4109.16,335,216.27157894736843,17.63157894736842,20.15368421052632,0.42105263157894735,18,11,0,Premium Retail Stores,0.5003604568102515,1.8352685906644943
10098,FAYETTE,10,828.26,58,82.826,5.8,26.671,0.5,10,9,0,Premium Retail Stores,-1.4813851636973658,1.6438850511271654
10100,MARSHALLTOWN,15,3525.02,98,235.00133333333332,6.533333333333333,38.74,0.5333333333333333,15,10,0,Premium Retail Stores,-0.04701241997771594,3.350646977531673
10102,CHEROKEE,10,1121.69,65,112.16900000000001,6.5,21.312,0.5,10,9,0,Premium Retail Stores,-1.3397442216622593,1.385406835223001
10103,DAVENPORT,15,1813.26,172,120.884,11.466666666666667,18.449333333333335,0.2,14,9,1,Standard Neighbourhood Stores,-0.6625573720948151,0.3117218865367222
10104,MARION,30,2979.13,223,99.30433333333333,7.433333333333334,30.752666666666663,0.43333333333333335,30,19,0,Premium Retail Stores,0.8082592364671412,1.4624343808643985
10105,OELWEIN,5,632.88,80,126.576,16.0,12.297999999999998,0.0,5,4,1,Standard Neighbourhood Stores,-2.499409762455023,-0.2631645382694299
10106,LAKE MILLS,8,443.78,13,55.4725,1.625,40.13625,0.75,8,8,0,Premium Retail Stores,-2.236483192879509,3.3259309250605096
10107,CLARION,9,965.13,77,107.23666666666666,8.555555555555555,17.262222222222224,0.2222222222222222,9,8,1,Standard Neighbourhood Stores,-1.659790325163947,0.23630815982794312
10111,AMES,9,1020.6600000000001,99,113.40666666666668,11.0,11.165555555555557,0.0,9,7,1,Standard Neighbourhood Stores,-1.7559877427455914,-0.848553002521869
10112,AMES,7,780.52,66,111.50285714285714,9.428571428571429,20.368571428571425,0.2857142857142857,7,6,0,Premium Retail Stores,-1.9807032948214276,0.8555702650554375
10115,BONDURANT,11,1170.25,71,106.38636363636364,6.454545454545454,22.154545454545453,0.45454545454545453,11,9,0,Premium Retail Stores,-1.2422059836934642,1.2433132412931398
10116,LAKE MILLS,10,1426.47,72,142.647,7.2,19.137,0.4,9,8,0,Premium Retail Stores,-1.3359856154551082,1.0784258872479424
10117,WINTERSET,18,1471.01,94,81.72277777777778,5.222222222222222,19.413333333333334,0.3888888888888889,18,15,0,Premium Retail Stores,-0.5380359532155053,0.4096759939372688
10122,VINTON,5,567.36,60,113.47200000000001,12.0,12.744,0.2,5,4,1,Standard Neighbourhood Stores,-2.5669024446469106,0.1943251585466368
10127,MUSCATINE,5,310.5,16,62.1,3.2,20.25,0.4,5,4,0,Premium Retail Stores,-3.2053574541631606,0.8144379700311377
10134,WEST DES MOINES,13,1912.83,89,147.14076923076922,6.846153846153846,26.541538461538458,0.6153846153846154,12,12,0,Premium Retail Stores,-0.5649740960012458,2.2805753863044127
10136,WAUKEE,33,3220.36,164,97.58666666666667,4.96969696969697,29.233333333333334,0.42424242424242425,32,19,0,Premium Retail Stores,0.745511872878898,1.1633615082594402
10138,DAVENPORT,17,1797.2,146,105.71764705882353,8.588235294117647,18.381764705882354,0.35294117647058826,17,13,0,Premium Retail Stores,-0.39510530286612733,0.5182852465652096
10146,BROOKLYN,13,952.21,44,73.24692307692308,3.3846153846153846,21.446923076923078,0.5384615384615384,12,9,0,Premium Retail Stores,-1.41142956452877,1.131978702124139
10149,ORANGE CITY,7,372.93,30,53.27571428571429,4.285714285714286,12.837142857142856,0.14285714285714285,7,6,1,Standard Neighbourhood Stores,-2.8250910788609938,-0.7601169036522344
10152,COUNCIL BLUFFS,5,594.37,78,118.874,15.6,21.66,0.2,5,5,1,Standard Neighbourhood Stores,-2.2863451168201783,1.0994582427812054
10153,BURLINGTON,10,396.93,40,39.693,4.0,17.593,0.4,10,9,0,Premium Retail Stores,-2.1103151402151417,0.2701427402651378
10154,WEBSTER CITY,10,621.72,64,62.172000000000004,6.4,15.636000000000001,0.2,10,8,1,Standard Neighbourhood Stores,-1.9096209739039074,-0.32190510016667234
10157,CLINTON,5,1241.76,48,248.352,9.6,31.494,0.6,4,3,0,Premium Retail Stores,-1.8910404702607049,3.614549096698705
10158,WEST UNION,7,516.61,23,73.80142857142857,3.2857142857142856,19.389999999999997,0.5714285714285714,7,6,0,Premium Retail Stores,-2.444532109919608,1.2722049860204063
10159,MILFORD,11,1673.6499999999999,89,152.14999999999998,8.090909090909092,15.886363636363637,0.45454545454545453,11,9,0,Premium Retail Stores,-1.0187554806673496,1.0297482679862269
10160,SIOUX CITY,36,4533.28,670,125.92444444444443,18.61111111111111,15.123611111111112,0.19444444444444445,32,14,3,Balanced High-Performing Stores,1.1248907871607212,0.07363991082707182
10162,NEWTON,6,788.64,71,131.44,11.833333333333334,32.37833333333333,0.5,6,5,0,Premium Retail Stores,-1.7997240908364713,2.8089368434087625
10165,DAVENPORT,49,3507.82,314,71.58816326530612,6.408163265306122,18.718163265306124,0.3469387755102041,46,18,3,Balanced High-Performing Stores,1.1382668203910569,-0.11270878954594492
10167,ELDRIDGE,27,10304.9,443,381.6629629629629,16.40740740740741,20.30333333333333,0.3333333333333333,27,14,3,Balanced High-Performing Stores,1.5165910791931982,2.0960224036227006
10168,CEDAR RAPIDS,5,192.8,13,38.56,2.6,20.23,0.6,4,2,0,Premium Retail Stores,-3.5135532002650183,1.391539993480609
10170,BURLINGTON,9,1333.83,149,148.20333333333332,16.555555555555557,17.992222222222225,0.3333333333333333,8,8,0,Premium Retail Stores,-1.1400856711775362,1.2603917932962703
10171,BURLINGTON,13,5001.96,537,384.7661538461538,41.30769230769231,12.116923076923078,0.07692307692307693,12,6,1,Standard Neighbourhood Stores,0.37726479750104075,2.1026605726336483
10177,CLIVE,16,2357.06,112,147.31625,7.0,27.0875,0.75,16,12,0,Premium Retail Stores,-0.10207859956784868,2.7118577495168372
10178,CEDAR FALLS,11,2478.84,117,225.34909090909093,10.636363636363637,26.029999999999998,0.36363636363636365,11,10,0,Premium Retail Stores,-0.5781167187327139,1.9900194598496546
10180,ODEBOLT,12,577.1800000000001,28,48.098333333333336,2.3333333333333335,21.9475,0.4166666666666667,12,10,0,Premium Retail Stores,-1.867122181923693,0.5862082700567398
10182,CARSON,8,1020.88,90,127.61,11.25,13.370000000000001,0.125,8,5,1,Standard Neighbourhood Stores,-1.8353570364446625,-0.11378233944792586
10183,IOWA CITY,9,727.74,70,80.86,7.777777777777778,17.93777777777778,0.3333333333333333,9,6,0,Premium Retail Stores,-1.8323590747515828,0.5238363818920049
10187,CORALVILLE,6,955.08,81,159.18,13.5,22.811666666666667,0.3333333333333333,6,6,0,Premium Retail Stores,-1.797587615866675,1.6722333038186754
10193,SIOUX CITY,33,4954.24,241,150.12848484848485,7.303030303030303,22.59090909090909,0.48484848484848486,31,19,3,Balanced High-Performing Stores,1.0909917202333328,1.193524157395456
10198,NEWTON,23,1657.6200000000001,227,72.0704347826087,9.869565217391305,14.930869565217392,0.13043478260869565,23,13,3,Balanced High-Performing Stores,-0.2102951877394753,-0.704957342478165
10199,ELKADER,12,421.27,24,35.10583333333333,2.0,18.44333333333333,0.25,11,6,0,Premium Retail Stores,-2.3798389601137337,-0.28203866575052894
10200,WATERLOO,16,4947.3,1075,309.20625,67.1875,13.94375,0.0625,16,8,1,Standard Neighbourhood Stores,1.078055786050922,3.0087749167763542
10201,ADEL,23,1987.3899999999999,111,86.40826086956521,4.826086956521739,25.910869565217393,0.391304347826087,23,17,0,Premium Retail Stores,-0.01588682432050423,0.850870228913233
10208,CEDAR RAPIDS,9,967.0799999999999,176,107.45333333333332,19.555555555555557,19.195555555555554,0.2222222222222222,9,6,1,Standard Neighbourhood Stores,-1.3008459350092691,0.9378946264943336
10213,CHARITON,16,2027.52,214,126.72,13.375,28.015,0.3125,16,12,0,Premium Retail Stores,-0.15395007761277768,1.5158678045765703
10214,WEST DES MOINES,13,1215.2,84,93.47692307692309,6.461538461538462,17.913846153846155,0.38461538461538464,13,10,0,Premium Retail Stores,-1.095757782823188,0.5430543538397964
10216,SALEM,5,237.88,21,47.576,4.2,12.876,0.0,5,5,1,Standard Neighbourhood Stores,-3.5096190841094277,-1.1707366999626452
10217,OSKALOOSA,7,600.26,36,85.75142857142858,5.142857142857143,36.08857142857143,0.5714285714285714,7,7,0,Premium Retail Stores,-1.9924793497169606,2.7525035652492673
10227,GRIMES,19,2336.35,126,122.96578947368421,6.631578947368421,24.67105263157895,0.5789473684210527,18,12,0,Premium Retail Stores,-0.10784097714574457,1.766504634484637
10232,CENTRAL CITY,7,1513.32,68,216.1885714285714,9.714285714285714,92.21142857142857,0.42857142857142855,7,7,0,Premium Retail Stores,-0.7432436548916029,7.63250139317708
10235,MAPLETON,8,310.66,19,38.8325,2.375,16.6975,0.375,8,6,0,Premium Retail Stores,-2.7962564191447625,0.1352326225406915
10239,WEST DES MOINES,6,625.16,36,104.19333333333333,6.0,25.251666666666665,0.6666666666666666,5,5,0,Premium Retail Stores,-2.2578600085300224,2.4187419423705285
10240,SPIRIT LAKE,15,2301.24,150,153.416,10.0,17.416,0.3333333333333333,15,10,0,Premium Retail Stores,-0.4582330536819353,0.7385258284774041
10241,LE CLAIRE,12,1355.26,86,112.93833333333333,7.166666666666667,15.731666666666667,0.25,12,9,1,Standard Neighbourhood Stores,-1.2273807564877552,0.07486605137940122
10248,WATERLOO,10,1310.8600000000001,81,131.086,8.1,19.026,0.4,10,6,0,Premium Retail Stores,-1.3590609243544656,1.0633610988933675
10254,BURLINGTON,6,576.6600000000001,44,96.11000000000001,7.333333333333333,18.18166666666667,0.3333333333333333,6,4,0,Premium Retail Stores,-2.462031353691273,0.7321342484651139
10256,WATERLOO,8,572.12,67,71.515,8.375,18.25625,0.25,8,7,1,Standard Neighbourhood Stores,-2.050604695776917,0.27165451935236556
10257,AKRON,5,803.52,37,160.704,7.4,30.586000000000002,0.4,5,5,0,Premium Retail Stores,-2.256838808116036,2.3046695710251273
10261,COUNCIL BLUFFS,11,1328.7,193,120.7909090909091,17.545454545454547,17.169090909090908,0.18181818181818182,10,7,1,Standard Neighbourhood Stores,-1.0403199823130111,0.5526117665200326
10268,CEDAR RAPIDS,13,1250.22,155,96.17076923076924,11.923076923076923,19.01076923076923,0.38461538461538464,13,10,0,Premium Retail Stores,-0.79285968694333,0.9005253197670766
10270,ANKENY,33,7436.3099999999995,366,225.34272727272725,11.090909090909092,30.924242424242426,0.696969696969697,29,14,0,Premium Retail Stores,1.5342643028210683,3.1770202903017872
10272,WEST DES MOINES,16,2516.21,185,157.263125,11.5625,28.611875,0.625,16,13,0,Premium Retail Stores,0.13466020606198928,2.6627923490076286
10280,CLEARLAKE,26,2666.39,201,102.55346153846153,7.730769230769231,20.64,0.2692307692307692,25,15,3,Balanced High-Performing Stores,0.24285300203833818,0.2192336492459033
10283,SIOUX CITY,12,1459.99,96,121.66583333333334,8.0,14.8925,0.3333333333333333,12,8,0,Premium Retail Stores,-1.132054810530468,0.3797863869091093
10289,STATE CENTER,6,132.23,9,22.03833333333333,1.5,14.29,0.16666666666666666,6,6,1,Standard Neighbourhood Stores,-3.775438599705014,-0.8171394252872817
10290,WATERLOO,7,1194.84,133,170.69142857142856,19.0,20.412857142857145,0.14285714285714285,7,6,1,Standard Neighbourhood Stores,-1.4921215993630266,1.1105551890010186
10291,WATERLOO,9,913.8,155,101.53333333333333,17.22222222222222,16.724444444444444,0.1111111111111111,9,7,1,Standard Neighbourhood Stores,-1.4584518717458,0.21268640659677976
10292,CEDAR FALLS,11,832.25,62,75.6590909090909,5.636363636363637,24.537272727272725,0.45454545454545453,11,9,0,Premium Retail Stores,-1.4382402631375135,1.248181399837626
10297,DAVENPORT,19,1789.78,311,94.19894736842105,16.36842105263158,19.357368421052634,0.15789473684210525,18,11,3,Balanced High-Performing Stores,-0.17307580250451268,0.2514811610328685
10300,CEDAR RAPIDS,12,1532.61,95,127.71749999999999,7.916666666666667,21.609166666666667,0.4166666666666667,12,6,0,Premium Retail Stores,-1.062798992789323,1.2513243059195087
10302,SIOUX CENTER,8,841.18,47,105.1475,5.875,19.5425,0.375,8,6,0,Premium Retail Stores,-1.9646104690837998,0.8568091196866339
10303,DECORAH,25,1774.15,43,70.96600000000001,1.72,22.0796,0.4,25,16,0,Premium Retail Stores,-0.4496925896622509,0.34486461582366357
10304,VINTON,6,403.13,28,67.18833333333333,4.666666666666667,18.413333333333334,0.3333333333333333,6,6,0,Premium Retail Stores,-2.74228278447892,0.4619374122482258
10306,ATLANTIC,14,1305.38,55,93.24142857142859,3.9285714285714284,28.40357142857143,0.6428571428571429,14,9,0,Premium Retail Stores,-0.9520074683658621,2.1335150447220532
10307,KNOXVILLE,5,374.76,156,74.952,31.2,11.808,0.2,5,5,1,Standard Neighbourhood Stores,-2.201302897593332,0.8359260428706853
10313,CENTERVILLE,5,765.1800000000001,38,153.036,7.6,29.215999999999998,0.6,5,5,0,Premium Retail Stores,-2.158149859684687,2.8409196584292715
10314,ANKENY,9,991.5999999999999,47,110.17777777777776,5.222222222222222,27.89333333333333,0.3333333333333333,9,5,0,Premium Retail Stores,-1.7889151287351204,1.3641919836016037
10320,OELWEIN,9,693.09,71,77.01,7.888888888888889,13.378888888888888,0.1111111111111111,9,7,1,Standard Neighbourhood Stores,-2.000935722025869,-0.6183974733661065
10323,DAVENPORT,8,1009.01,218,126.12625,27.25,15.532499999999999,0.5,7,6,0,Premium Retail Stores,-1.1155113531867562,2.088145311042375
10333,NORWALK,9,1475.69,71,163.96555555555557,7.888888888888889,32.708888888888886,0.5555555555555556,9,6,0,Premium Retail Stores,-1.172958172838462,2.8671131377251857
10334,GRIMES,13,1403.45,118,107.95769230769231,9.076923076923077,20.334615384615386,0.3076923076923077,13,11,0,Premium Retail Stores,-0.8638378515991384,0.6596949650748457
10347,INDEPENDENCE,21,1695.39,75,80.73285714285714,3.5714285714285716,28.264285714285712,0.47619047619047616,21,12,0,Premium Retail Stores,-0.4178952153021243,1.3283270896282373
10348,INDIANOLA,11,1404.1200000000001,194,127.64727272727274,17.636363636363637,14.719090909090909,0.2727272727272727,11,8,1,Standard Neighbourhood Stores,-0.8986887547052523,0.6706071610562715
10349,COUNCIL BLUFFS,22,1771.49,256,80.52227272727272,11.636363636363637,26.229090909090907,0.3181818181818182,22,12,0,Premium Retail Stores,0.04568525683169937,0.9904440646462866
10350,MUSCATINE,9,1101.54,328,122.39333333333333,36.44444444444444,7.404444444444445,0.1111111111111111,7,3,1,Standard Neighbourhood Stores,-1.2414377103724796,0.5660102266485458
10352,PERRY,7,633.9,73,90.55714285714285,10.428571428571429,32.784285714285716,0.42857142857142855,7,5,0,Premium Retail Stores,-1.8557892722862437,2.2973302187694578
10367,CUMMING,8,421.18,36,52.6475,4.5,13.73375,0.125,8,5,1,Standard Neighbourhood Stores,-2.646728751515219,-0.7664598685023447
10368,GRINNELL,6,470.03999999999996,17,78.33999999999999,2.8333333333333335,37.595,0.5,6,6,0,Premium Retail Stores,-2.5669893665612538,2.546842766204717
10370,JOHNSTON,7,295.74,32,42.24857142857143,4.571428571428571,19.032857142857143,0.2857142857142857,7,6,0,Premium Retail Stores,-2.743018265369601,0.17595765466273547
10386,DUBUQUE,13,2648.34,255,203.71846153846155,19.615384615384617,14.813846153846155,0.3076923076923077,13,9,1,Standard Neighbourhood Stores,-0.25306555920097995,1.185256472546978
10389,KEOKUK,17,2239.76,118,131.75058823529412,6.9411764705882355,30.11764705882353,0.5882352941176471,17,12,0,Premium Retail Stores,-0.1436202599972768,2.3179231809977834
10394,HUDSON,14,2800.95,129,200.06785714285712,9.214285714285714,24.945714285714285,0.5714285714285714,13,7,0,Premium Retail Stores,-0.36086620456680907,2.3961343508187656
10397,WATERLOO,11,1419.65,162,129.0590909090909,14.727272727272727,19.084545454545456,0.45454545454545453,11,9,0,Premium Retail Stores,-0.790887137349837,1.492279757000766
10404,GREENFIELD,12,1370.63,87,114.21916666666668,7.25,24.5525,0.4166666666666667,12,8,0,Premium Retail Stores,-1.0571334370789403,1.3705035416881346
10405,DAVENPORT,5,807.92,274,161.584,54.8,9.02,0.0,5,5,1,Standard Neighbourhood Stores,-1.5307163328172544,1.4866315938130332
10408,CEDAR RAPIDS,5,895.5,66,179.1,13.2,15.225999999999999,0.2,5,5,1,Standard Neighbourhood Stores,-2.2104134284047445,0.7484820636173112
10416,DES MOINES,9,1304.37,75,144.92999999999998,8.333333333333334,33.37222222222223,0.4444444444444444,9,8,0,Premium Retail Stores,-1.2097622244095527,2.4548133387685405
10434,CEDAR RAPIDS,7,658.41,78,94.05857142857143,11.142857142857142,11.132857142857144,0.14285714285714285,5,5,1,Standard Neighbourhood Stores,-2.3404217162434944,-0.3126520851833102
10443,ANKENY,16,1901.67,84,118.854375,5.25,24.355625,0.5625,16,12,0,Premium Retail Stores,-0.48644111904061726,1.6445446364761307
10445,OSCEOLA,6,573.84,105,95.64,17.5,9.38,0.0,6,5,1,Standard Neighbourhood Stores,-2.314098469341957,-0.6354269791787853
10464,MANCHESTER,5,1126.92,43,225.38400000000001,8.6,41.086,0.4,5,5,0,Premium Retail Stores,-1.880328261873197,3.5083231531861343
10479,AMES,11,977.56,122,88.8690909090909,11.090909090909092,20.093636363636364,0.36363636363636365,11,8,0,Premium Retail Stores,-1.201456688993857,0.9143075536055841
10482,ALTOONA,19,1254.49,55,66.02578947368421,2.8947368421052633,30.640526315789476,0.5263157894736842,19,14,0,Premium Retail Stores,-0.6228252175244094,1.5925358877296876
10484,SPRINGVILLE,6,775.5,115,129.25,19.166666666666668,11.5,0.0,6,6,1,Standard Neighbourhood Stores,-2.055031320081115,-0.23547375194669873
10503,SPIRIT LAKE,11,990.97,48,90.08818181818182,4.363636363636363,24.88090909090909,0.6363636363636364,11,8,0,Premium Retail Stores,-1.3781455305427055,1.9129306761052338
10506,COUNCIL BLUFFS,6,597.3,34,99.55,5.666666666666667,18.325,0.3333333333333333,6,5,0,Premium Retail Stores,-2.5165562056504367,0.671594233803819
10518,TIFFIN,6,1115.52,72,185.92,12.0,19.048333333333332,0.5,6,6,0,Premium Retail Stores,-1.6958669197381615,1.9828168063109433
10523,CEDAR RAPIDS,14,1823.16,176,130.2257142857143,12.571428571428571,13.19357142857143,0.14285714285714285,14,10,1,Standard Neighbourhood Stores,-0.7111614319949907,-0.21165966686594126
10525,DAVENPORT,7,217.58,107,31.082857142857144,15.285714285714286,6.005714285714285,0.0,6,6,1,Standard Neighbourhood Stores,-2.700573532599015,-1.3756890593940336
10531,MOUNT PLEASANT,5,172.35,10,34.47,2.0,21.734,0.4,5,5,0,Premium Retail Stores,-3.574678381088573,0.7238844030153392
10536,COUNCIL BLUFFS,5,602.52,79,120.50399999999999,15.8,25.419999999999998,0.4,5,4,0,Premium Retail Stores,-2.1427528015803974,2.1057065294255217
10540,STORY CITY,5,220.65,22,44.13,4.4,14.284,0.2,5,5,1,Standard Neighbourhood Stores,-3.3802107189674397,-0.3928410112827511
10541,DAVENPORT,6,492.74,34,82.12333333333333,5.666666666666667,16.856666666666666,0.3333333333333333,6,6,0,Premium Retail Stores,-2.5869441864050926,0.4562664607827072
10545,NEVADA,6,261.73,10,43.62166666666667,1.6666666666666667,32.623333333333335,0.5,6,6,0,Premium Retail Stores,-3.0664944491924935,1.9177116941968722
10552,CEDAR FALLS,5,261.73,19,52.346000000000004,3.8,13.648,0.0,5,3,1,Standard Neighbourhood Stores,-3.5728948679323187,-1.0778729038378578
10555,DAVENPORT,8,480.5,35,60.0625,4.375,20.735,0.375,8,6,0,Premium Retail Stores,-2.333862929193775,0.6620716050868733
10558,DES MOINES,9,1779.33,115,197.70333333333332,12.777777777777779,17.13222222222222,0.4444444444444444,9,8,0,Premium Retail Stores,-0.9934109461711736,1.5974706080161742
10563,EVANSDALE,5,575.13,24,115.026,4.8,37.124,0.6,5,4,0,Premium Retail Stores,-2.4585384555874503,3.1827664013666292
10567,WEST BEND,5,429.69,19,85.938,3.8,22.348,0.8,5,4,0,Premium Retail Stores,-2.713681523730626,2.4765682597172125
10573,BETTENDORF,17,2803.59,129,164.91705882352943,7.588235294117647,24.515882352941176,0.47058823529411764,17,13,0,Premium Retail Stores,-0.07659212404527505,1.6431809804740853
10580,MUSCATINE,6,353.4,21,58.9,3.5,36.53333333333333,0.5,6,6,0,Premium Retail Stores,-2.6248208832693463,2.3925872662022094
10585,MOUNT PLEASANT,6,426.85,28,71.14166666666667,4.666666666666667,16.363333333333333,0.16666666666666666,6,6,1,Standard Neighbourhood Stores,-2.8441667413899734,-0.24507714165103955
10593,HIAWATHA,5,1421.94,294,284.38800000000003,58.8,20.922,0.2,5,5,1,Standard Neighbourhood Stores,-0.8562393611848096,3.879399996337469
10598,SPENCER,7,690.98,44,98.71142857142857,6.285714285714286,18.284285714285712,0.2857142857142857,7,6,0,Premium Retail Stores,-2.2401196078445755,0.47913300140681536
10600,AMES,8,590.27,69,73.78375,8.625,25.3125,0.625,8,8,0,Premium Retail Stores,-1.6753376600234464,2.115922926632087
10602,DES MOINES,6,1787.5,146,297.9166666666667,24.333333333333332,13.746666666666668,0.5,6,6,0,Premium Retail Stores,-1.0558920132745326,2.654984261191495
10606,COUNCIL BLUFFS,6,336.99,44,56.165,7.333333333333333,21.19333333333333,0.16666666666666666,6,6,1,Standard Neighbourhood Stores,-2.7114707492991728,0.1918801121799958
10609,CEDAR FALLS,5,388.31,31,77.662,6.2,13.952000000000002,0.2,5,5,1,Standard Neighbourhood Stores,-2.996818158919622,-0.16532208506907564
10610,DENVER,6,614.8199999999999,34,102.46999999999998,5.666666666666667,20.993333333333336,0.3333333333333333,6,6,0,Premium Retail Stores,-2.4393092869831206,0.8896047936450204
10635,WATERLOO,5,538.1,56,107.62,11.2,19.128,0.4,5,3,0,Premium Retail Stores,-2.4700801424534897,1.3295134200478558
10640,WAUKEE,10,835.46,23,83.546,2.3,43.917,0.9,10,6,0,Premium Retail Stores,-1.5228031024893691,4.266416194197267
10661,STUART,5,210.35,13,42.07,2.6,22.422,0.4,5,5,0,Premium Retail Stores,-3.3911299940597526,0.847065763698968
10693,DES MOINES,7,443.1,44,63.300000000000004,6.285714285714286,11.197142857142856,0.14285714285714285,7,6,1,Standard Neighbourhood Stores,-2.6090088945267187,-0.7495909134303915
10738,CORALVILLE,6,211.13,9,35.18833333333333,1.5,23.531666666666666,0.5,6,5,0,Premium Retail Stores,-3.3193624336642285,1.141740825550823
10745,DYERSVILLE,5,604.72,19,120.944,3.8,40.714,0.8,5,5,0,Premium Retail Stores,-2.324478244943657,4.11764166311364
10752,WEST DES MOINES,7,1866.6,67,266.65714285714284,9.571428571428571,37.15714285714286,0.7142857142857143,7,6,0,Premium Retail Stores,-1.0163624412077887,4.382460526654823
2106,CEDAR FALLS,153,37566.17,2510,245.53052287581698,16.405228758169933,17.463202614379085,0.3006535947712418,118,38,2,Large High-Volume Stores,4.691950908342848,0.364984278980852
2113,GOWRIE,32,2448.72,167,76.5225,5.21875,16.3703125,0.25,26,15,3,Balanced High-Performing Stores,0.13658308364785665,-0.46820558325851164
2130,WATERLOO,167,60151.44,3782,360.1882634730539,22.646706586826348,17.618023952095808,0.2634730538922156,110,41,2,Large High-Volume Stores,5.314029614323571,1.0362369984662512
2152,ROCKWELL,16,693.06,48,43.31625,3.0,14.98875,0.125,13,9,1,Standard Neighbourhood Stores,-1.7474403609511995,-0.9932327344438852
2178,WAUKON,67,8638.44,544,128.93194029850747,8.119402985074627,16.641940298507464,0.23880597014925373,65,32,3,Balanced High-Performing Stores,2.466606130544358,-0.5536873962082188
2190,DES MOINES,601,102943.43000000001,6672,171.28690515806989,11.101497504159735,20.8130615640599,0.3910149750415973,474,61,2,Large High-Volume Stores,7.4369868238009635,-0.3571834289718164
2191,KEOKUK,243,39021.17,2541,160.5809465020576,10.45679012345679,17.299629629629628,0.3333333333333333,187,48,2,Large High-Volume Stores,5.339218609945704,-0.47386812135801387
2200,SAC CITY,151,10075.19,646,66.72311258278145,4.2781456953642385,17.834172185430464,0.2781456953642384,114,40,2,Large High-Volume Stores,3.4067576279644256,-1.1075779133418577
2201,CEDAR FALLS,54,23040.36,1499,426.67333333333335,27.75925925925926,18.62462962962963,0.37037037037037035,49,24,2,Large High-Volume Stores,3.3615027363836094,2.517244765612216
2205,CLARINDA,41,3606.66,295,87.96731707317073,7.195121951219512,14.161707317073171,0.17073170731707318,39,20,3,Balanced High-Performing Stores,0.9161302769036599,-0.927451255107363
2228,WINTERSET,123,9555.44,681,77.68650406504065,5.536585365853658,16.709918699186993,0.3008130081300813,109,37,2,Large High-Volume Stores,3.2176881316249264,-0.93875044373452
2233,SPIRIT LAKE,64,7752.56,519,121.13375,8.109375,18.46109375,0.390625,60,31,3,Balanced High-Performing Stores,2.423250729921124,0.0989448057864048
2238,ALTOONA,9,2115.64,110,235.0711111111111,12.222222222222221,27.776666666666667,0.4444444444444444,7,5,0,Premium Retail Stores,-1.009437329621774,2.677699681322145
2248,DES MOINES,174,25718.18,1201,147.80563218390805,6.902298850574713,24.859942528735633,0.5344827586206896,158,47,2,Large High-Volume Stores,4.805046053932553,0.6760146410371605
2285,IOWA CITY,162,30472.71,1598,188.10314814814814,9.864197530864198,22.809135802469136,0.4567901234567901,152,46,2,Large High-Volume Stores,4.8967006687213885,0.6031458716701159
2290,STORM LAKE,126,7942.32,634,63.03428571428571,5.031746031746032,16.340555555555554,0.25396825396825395,114,38,2,Large High-Volume Stores,3.13412760079485,-1.2458103565735155
2327,CORNING,31,1483.95,168,47.869354838709675,5.419354838709677,15.571935483870968,0.25806451612903225,28,18,3,Balanced High-Performing Stores,0.04800038393826214,-0.6861935553495166
2353,CRESCO,43,4805.54,326,111.7567441860465,7.5813953488372094,13.76325581395349,0.18604651162790697,41,26,3,Balanced High-Performing Stores,1.357263786275323,-0.8602748745818778
2367,SHENANDOAH,12,934.9,93,77.90833333333333,7.75,12.965833333333334,0.08333333333333333,12,8,1,Standard Neighbourhood Stores,-1.5431808309768253,-0.8412400358470524
2413,DUBUQUE,64,11174.92,790,174.608125,12.34375,15.855,0.25,57,29,3,Balanced High-Performing Stores,2.608386622464872,-0.10270238350946854
2445,OAKLAND,83,4551.41,349,54.83626506024096,4.204819277108434,16.436265060240963,0.26506024096385544,64,30,3,Balanced High-Performing Stores,1.9661499378074028,-1.0283890277163086
2448,INDIANOLA,92,4899.11,318,53.25119565217391,3.4565217391304346,15.188478260869564,0.2717391304347826,80,35,3,Balanced High-Performing Stores,2.268471060718966,-1.2598798127428974
2459,GUTHRIE CENTER,58,4801.67,421,82.78741379310345,7.258620689655173,13.357931034482759,0.15517241379310345,47,20,3,Balanced High-Performing Stores,1.360928152524127,-1.1466988894906738
2460,HAMPTON,53,6660.18,501,125.66377358490567,9.452830188679245,16.82188679245283,0.22641509433962265,51,29,3,Balanced High-Performing Stores,2.0243756026363964,-0.4247223224976543
2465,DUBUQUE,197,27459.07,1518,139.38614213197968,7.7055837563451774,19.81913705583756,0.350253807106599,170,41,2,Large High-Volume Stores,4.614236121132695,-0.3138814616086905
2475,WEST BEND,27,3036.29,187,112.45518518518519,6.925925925925926,17.55222222222222,0.25925925925925924,26,19,3,Balanced High-Performing Stores,0.40896751528372915,-0.11212489385297765
2478,ALTOONA,49,8792.33,483,179.435306122449,9.857142857142858,19.625714285714285,0.42857142857142855,38,27,3,Balanced High-Performing Stores,2.1027911327101694,0.8385245986891481
2487,ANAMOSA,59,3474.88,259,58.89627118644068,4.389830508474576,13.90677966101695,0.2033898305084746,53,22,3,Balanced High-Performing Stores,1.1767007235820803,-1.238082198540841
2498,ARLINGTON,9,302.62,30,33.62444444444444,3.3333333333333335,10.604444444444445,0.0,9,6,1,Standard Neighbourhood Stores,-2.847779793278114,-1.64020879212322
2500,AMES,373,58497.96,3813,156.83099195710454,10.222520107238607,16.486005361930296,0.24396782841823056,311,58,2,Large High-Volume Stores,6.3477550577649895,-1.1350492908875358
2501,AMES,426,69532.84,4411,163.22262910798122,10.354460093896714,17.985704225352112,0.2676056338028169,354,57,2,Large High-Volume Stores,6.585761583765055,-0.9278328554191414
2502,ANKENY,344,75578.22,4438,219.70412790697674,12.901162790697674,20.66845930232558,0.35174418604651164,299,56,2,Large High-Volume Stores,6.588249284884417,0.025038849003214948
2503,ANKENY,14,1096.41,103,78.31500000000001,7.357142857142857,11.696428571428571,0.07142857142857142,14,13,1,Standard Neighbourhood Stores,-1.161577321216427,-1.1035268562953937
2505,BOONE,231,25891.03,1806,112.08238095238094,7.818181818181818,18.375021645021647,0.2857142857142857,200,49,2,Large High-Volume Stores,5.001739908272069,-0.9164001873733797
2506,BURLINGTON,389,50424.25,3245,129.62532133676092,8.34190231362468,17.448380462724934,0.2750642673521851,307,56,2,Large High-Volume Stores,6.150867108495707,-1.148882214517364
2507,BURLINGTON,89,9901.09,846,111.24820224719102,9.50561797752809,12.882134831460673,0.12359550561797752,77,33,3,Balanced High-Performing Stores,2.795305352269428,-1.3449943698797722
2508,CEDAR RAPIDS,280,35695.19,2847,127.48282142857144,10.167857142857143,15.059607142857141,0.19285714285714287,234,56,2,Large High-Volume Stores,5.646282083133689,-1.4497640226136443
2509,CEDAR RAPIDS,170,18426.04,1444,108.3884705882353,8.494117647058824,14.813235294117646,0.16470588235294117,146,47,2,Large High-Volume Stores,4.332834532433744,-1.4766425837773158
2510,CEDAR RAPIDS,22,1237.5,113,56.25,5.136363636363637,13.31590909090909,0.18181818181818182,22,18,1,Standard Neighbourhood Stores,-0.47969371382601755,-1.0076523124058585
2512,IOWA CITY,507,163754.64,13430,322.9874556213018,26.48915187376726,17.13250493096647,0.2958579881656805,389,59,2,Large High-Volume Stores,7.871718667953023,0.5347159551238988
2513,IOWA CITY,222,19897.29,1445,89.62743243243244,6.509009009009009,14.558693693693693,0.1891891891891892,180,48,2,Large High-Volume Stores,4.580011666448813,-1.6833234021182633
2514,MARION,44,3179.49,300,72.26113636363635,6.818181818181818,11.829772727272728,0.11363636363636363,41,26,3,Balanced High-Performing Stores,1.063086181873544,-1.4915649255726828
2515,MASON CITY,461,55354.95,3954,120.07581344902385,8.577006507592191,16.68459869848156,0.24945770065075923,390,59,2,Large High-Volume Stores,6.517269780337774,-1.4320409679261448
2517,NEWTON,247,48254.93,3458,195.3640890688259,14.0,15.698178137651821,0.22672064777327935,215,57,2,Large High-Volume Stores,5.921925124692971,-0.7653071673825138
2518,RED OAK,129,16844.9,1067,130.58062015503876,8.271317829457365,17.620232558139538,0.21705426356589147,110,37,2,Large High-Volume Stores,3.6637032267109557,-0.7735300076319239
2521,WEST DES MOINES,321,45520.81,3585,141.8093769470405,11.16822429906542,17.753208722741434,0.3115264797507788,266,51,2,Large High-Volume Stores,5.888835051474263,-0.700879963921972
2522,SPIRIT LAKE,291,40038.56,2554,137.5895532646048,8.776632302405499,18.83769759450172,0.3436426116838488,243,53,2,Large High-Volume Stores,5.707386083228591,-0.6311537500950639
2523,CENTERVILLE,110,17374.309999999998,1079,157.9482727272727,9.809090909090909,15.618818181818181,0.2727272727272727,101,43,2,Large High-Volume Stores,3.8532637443739177,-0.5802412570222966
2524,DUBUQUE,300,62341.82,4250,207.80606666666665,14.166666666666666,15.496166666666667,0.26,251,52,2,Large High-Volume Stores,6.103265981532609,-0.6000536591356697
2527,DES MOINES,238,41418.3,3526,174.0264705882353,14.815126050420169,14.713781512605042,0.18487394957983194,207,45,2,Large High-Volume Stores,5.34941004506881,-0.8939385725850422
2528,DES MOINES,299,43302.98,3728,144.82602006688964,12.468227424749164,16.369866220735787,0.2040133779264214,264,52,2,Large High-Volume Stores,5.820420612086598,-1.0996258245269088
2529,CEDAR RAPIDS,150,14912.12,1130,99.41413333333334,7.533333333333333,13.818733333333332,0.16666666666666666,127,37,2,Large High-Volume Stores,3.6549772432324286,-1.479765285480236
2532,DES MOINES,226,31315.27,2416,138.56314159292035,10.690265486725664,15.10424778761062,0.21238938053097345,175,43,2,Large High-Volume Stores,4.871951738233349,-1.0706515864223918
2534,URBANDALE,11,1312.55,82,119.32272727272726,7.454545454545454,16.245454545454546,0.36363636363636365,11,9,0,Premium Retail Stores,-1.2395546910326716,0.568004322524674
2535,WEST DES MOINES,190,21547.07,1621,113.40563157894736,8.531578947368422,15.511789473684209,0.24736842105263157,158,49,2,Large High-Volume Stores,4.656559171236016,-1.1687093152401333
2536,PLEASANT HILL,236,35895.5,2515,152.09957627118644,10.65677966101695,18.53614406779661,0.2796610169491525,208,48,2,Large High-Volume Stores,5.310356616993651,-0.5996202282659254
2537,FORT DODGE,7,1056.62,52,150.94571428571427,7.428571428571429,17.695714285714285,0.2857142857142857,7,5,0,Premium Retail Stores,-1.9901901393118835,0.7444788017430484
2538,WATERLOO,360,53048.68,3019,147.35744444444444,8.386111111111111,16.977694444444445,0.23055555555555557,309,55,2,Large High-Volume Stores,6.065007248535658,-1.229830341558378
2539,IOWA FALLS,192,29769.3,2032,155.0484375,10.583333333333334,17.092864583333334,0.2604166666666667,154,45,2,Large High-Volume Stores,4.802666441303064,-0.6541632775209918
2543,OTTUMWA,253,27018.45,1997,106.79229249011858,7.893280632411067,14.795256916996047,0.20948616600790515,217,44,2,Large High-Volume Stores,4.859715518373138,-1.4527565898614887
2544,MARSHALLTOWN,332,49148.86,3326,148.03873493975902,10.018072289156626,15.956777108433734,0.2289156626506024,285,50,2,Large High-Volume Stores,5.824791255411364,-1.154231711892166
2545,IOWA CITY,255,20507.46,1408,80.42141176470588,5.52156862745098,17.566549019607844,0.2549019607843137,219,45,2,Large High-Volume Stores,4.674639273274678,-1.328331621021799
2548,ALTOONA,318,65251.42,3969,205.19314465408806,12.481132075471699,17.57754716981132,0.27672955974842767,278,53,2,Large High-Volume Stores,6.215139417290756,-0.5051802909141136
2549,INDIANOLA,211,30617.12,2109,145.10483412322273,9.995260663507109,17.100284360189573,0.23222748815165878,184,44,2,Large High-Volume Stores,4.876989716170829,-0.8554528265490425
2550,OSCEOLA,91,7687.02,537,84.47274725274725,5.9010989010989015,16.82857142857143,0.2857142857142857,76,34,3,Balanced High-Performing Stores,2.649936449115143,-0.7901131017647739
2551,CHARITON,171,16649.26,1146,97.36409356725146,6.701754385964913,16.44719298245614,0.24561403508771928,155,45,2,Large High-Volume Stores,4.2049596388210615,-1.1966573560169977
2552,CEDAR RAPIDS,350,51180.71,3727,146.2306,10.648571428571428,16.899628571428572,0.24857142857142858,300,55,2,Large High-Volume Stores,6.135456769291604,-1.0655029616514702
2553,CRESTON,106,11299.98,765,106.60358490566037,7.216981132075472,16.193301886792455,0.20754716981132076,98,36,2,Large High-Volume Stores,3.1598533190430302,-1.025205254388032
2554,DAVENPORT,87,9115.73,797,104.77850574712643,9.160919540229886,14.477586206896552,0.10344827586206896,79,28,3,Balanced High-Performing Stores,2.555478396738963,-1.2740693562050922
2555,KEOKUK,260,35087.77,2320,134.95296153846152,8.923076923076923,16.077576923076922,0.24615384615384617,228,49,2,Large High-Volume Stores,5.3081082515736675,-1.114434063061396
2556,ESTHERVILLE,129,15561.06,1071,120.62837209302324,8.30232558139535,14.940852713178295,0.20155038759689922,115,38,2,Large High-Volume Stores,3.643633003624014,-1.107484808041123
2558,MOUNT PLEASANT,190,36567.549999999996,2499,192.4607894736842,13.152631578947368,19.15478947368421,0.26842105263157895,163,47,2,Large High-Volume Stores,5.146359404653816,-0.19720376181178842
2559,ALBIA,34,3840.78,257,112.96411764705883,7.5588235294117645,15.162058823529412,0.17647058823529413,32,19,3,Balanced High-Performing Stores,0.7318798010415447,-0.6185859477903546
2560,MARION,359,45494.28,2957,126.7250139275766,8.236768802228413,16.668356545961,0.2395543175487465,297,58,2,Large High-Volume Stores,6.065770804219355,-1.3565146058618995
2561,DES MOINES,316,85631.73,5087,270.98648734177215,16.098101265822784,17.04636075949367,0.24050632911392406,263,53,2,Large High-Volume Stores,6.4678504778316634,-0.18633979664096875
2562,FORT DODGE,94,13532.86,919,143.96659574468086,9.77659574468085,15.578297872340425,0.24468085106382978,84,35,2,Large High-Volume Stores,3.2242897609408687,-0.5976309600469334
2564,WATERLOO,55,11724.17,831,213.1667272727273,15.10909090909091,14.818181818181818,0.16363636363636364,53,27,3,Balanced High-Performing Stores,2.4837315820538657,-0.11123022942072729
2565,SPENCER,402,38480.92,2314,95.7236815920398,5.756218905472637,16.358880597014927,0.2562189054726368,313,55,2,Large High-Volume Stores,5.823382184771659,-1.578857152081739
2566,KNOXVILLE,129,17010.31,1069,131.86286821705428,8.286821705426357,17.134573643410853,0.24031007751937986,118,43,2,Large High-Volume Stores,3.929227839142288,-0.8100916013319193
2567,DAVENPORT,240,23145.02,1415,96.43758333333334,5.895833333333333,15.534291666666666,0.20416666666666666,206,50,2,Large High-Volume Stores,4.817781009376435,-1.607113049463111
2568,CEDAR RAPIDS,90,7408.9,979,82.32111111111111,10.877777777777778,10.697111111111111,0.06666666666666667,73,25,3,Balanced High-Performing Stores,2.35301027886471,-1.6877981609624397
2569,CEDAR RAPIDS,216,19464.49,1334,90.11337962962963,6.175925925925926,14.869259259259259,0.18518518518518517,174,44,2,Large High-Volume Stores,4.3679334980157,-1.6282070174353152
2571,WATERLOO,199,34585.409999999996,2371,173.79603015075375,11.914572864321608,14.959899497487438,0.22613065326633167,177,47,2,Large High-Volume Stores,5.059569703820195,-0.8445477903624776
2572,CEDAR FALLS,520,42885.42,2809,82.47196153846153,5.401923076923077,17.33878846153846,0.26153846153846155,414,55,2,Large High-Volume Stores,6.169187373147766,-1.6478898585007609
2573,MUSCATINE,380,53771.14,3485,141.503,9.171052631578947,18.14242105263158,0.3263157894736842,313,58,2,Large High-Volume Stores,6.334752149428317,-0.8488905704101368
2575,WATERLOO,99,10182.23,740,102.85080808080808,7.474747474747475,15.351111111111111,0.1414141414141414,79,35,2,Large High-Volume Stores,2.8922252144768166,-1.263262672074883
2576,STORM LAKE,270,25116.95,1531,93.02574074074074,5.67037037037037,17.911444444444445,0.3037037037037037,228,46,2,Large High-Volume Stores,4.91123490745829,-1.0942484629708185
2578,CHARLES CITY,176,26697.13,1998,151.68823863636365,11.352272727272727,15.410965909090908,0.21022727272727273,157,42,2,Large High-Volume Stores,4.573117459879879,-0.8948422989797875
2579,GRINNELL,94,13687.289999999999,787,145.60946808510639,8.372340425531915,18.45531914893617,0.3404255319148936,84,40,2,Large High-Volume Stores,3.4309471932291014,-0.15924569127774982
2582,MASON CITY,248,28417.72,2452,114.5875806451613,9.887096774193548,15.333991935483871,0.21370967741935484,207,51,2,Large High-Volume Stores,5.214627730896213,-1.335067683980547
2583,WASHINGTON,14,1528.22,94,109.15857142857143,6.714285714285714,17.108571428571427,0.35714285714285715,13,11,0,Premium Retail Stores,-0.908240088042712,0.4517308377311582
2584,FORT MADISON,143,14675.92,906,102.62881118881118,6.335664335664336,17.436573426573425,0.2937062937062937,121,40,2,Large High-Volume Stores,3.743420369563646,-0.8195932715109584
2585,ALGONA,176,22417.75,2130,127.37357954545455,12.102272727272727,16.015511363636364,0.18181818181818182,155,44,2,Large High-Volume Stores,4.564219472011418,-1.0419421749655342
2587,JOHNSTON,304,42798.9,2711,140.7858552631579,8.917763157894736,17.403223684210527,0.27960526315789475,262,53,2,Large High-Volume Stores,5.757352049676189,-0.9603642471223294
2588,CEDAR RAPIDS,355,43633.37,2971,122.91090140845071,8.369014084507043,18.65608450704225,0.29577464788732394,304,54,2,Large High-Volume Stores,5.965804107181023,-0.9743209469180729
2590,CEDAR RAPIDS,450,66898.23,4552,148.66273333333334,10.115555555555556,15.628155555555555,0.26,353,56,2,Large High-Volume Stores,6.52047767415616,-1.218723549012226
2591,ATLANTIC,208,27621.59,2003,132.79610576923076,9.629807692307692,15.922500000000001,0.22596153846153846,180,45,2,Large High-Volume Stores,4.805314199200504,-1.0527188945186685
2592,MARSHALLTOWN,41,2599.09,226,63.39243902439025,5.512195121951219,12.713414634146341,0.14634146341463414,38,23,3,Balanced High-Performing Stores,0.7181648920699466,-1.3571829247065723
2593,CARROLL,303,53059.96,3632,175.1153795379538,11.986798679867986,17.745841584158416,0.25412541254125415,249,56,2,Large High-Volume Stores,6.088135275053117,-0.7392273430105777
2594,SIOUX CITY,246,40279.32,2312,163.73707317073172,9.398373983739837,17.55280487804878,0.2764227642276423,212,53,2,Large High-Volume Stores,5.51960504752228,-0.7622563502403492
2595,DENISON,135,15008.72,1202,111.1757037037037,8.903703703703703,14.062,0.1925925925925926,123,45,2,Large High-Volume Stores,3.9566664095429296,-1.3255530646508937
2596,OTTUMWA,106,6926.08,510,65.34037735849057,4.811320754716981,13.364056603773584,0.16981132075471697,89,38,3,Balanced High-Performing Stores,2.7322725470127605,-1.7008343236893864
2597,CHEROKEE,69,7732.83,547,112.07,7.927536231884058,15.296666666666667,0.15942028985507245,64,31,3,Balanced High-Performing Stores,2.310143330593562,-1.0085743966940786
2599,CORALVILLE,92,20041.079999999998,1173,217.8378260869565,12.75,20.271195652173912,0.30434782608695654,83,26,2,Large High-Volume Stores,3.32474345812595,0.5759066938950221
2600,OSKALOOSA,79,7642.49,570,96.74037974683544,7.215189873417722,13.765316455696203,0.17721518987341772,66,29,3,Balanced High-Performing Stores,2.290983387461057,-1.1799109619761812
2601,FAIRFIELD,162,22545.55,1639,139.17006172839507,10.117283950617283,16.607469135802468,0.2716049382716049,149,46,2,Large High-Volume Stores,4.54658937650562,-0.7345301911437836
2602,WEBSTER CITY,202,16018.48,1070,79.29940594059406,5.297029702970297,16.78589108910891,0.23267326732673269,176,49,2,Large High-Volume Stores,4.400131415091927,-1.4580513042132315
2603,BETTENDORF,500,65413.92,4742,130.82784,9.484,19.30794,0.332,405,53,2,Large High-Volume Stores,6.582726544782521,-0.7964508613564956
2604,LEMARS,201,30954.1,2134,154.00049751243782,10.616915422885572,15.433482587064677,0.26865671641791045,171,47,2,Large High-Volume Stores,4.9630909423202025,-0.811938942564856
2605,CEDAR RAPIDS,240,42065.71,2911,175.27379166666665,12.129166666666666,15.315666666666667,0.2,206,50,2,Large High-Volume Stores,5.4577376438701934,-0.9745247371567172
2606,HUMBOLDT,152,45636.79,2588,300.2420394736842,17.026315789473685,15.337105263157893,0.23684210526315788,132,41,2,Large High-Volume Stores,4.944411662428656,0.2035249396553569
2607,SHENANDOAH,153,17467.07,1322,114.16385620915032,8.640522875816993,14.964248366013074,0.20915032679738563,125,36,2,Large High-Volume Stores,3.803918191929147,-1.1098750483526443
2609,AMES,39,1790.15,133,45.90128205128205,3.41025641025641,13.356153846153846,0.20512820512820512,36,26,3,Balanced High-Performing Stores,0.45224192917138445,-1.3121117889105467
2611,OTTUMWA,145,19454.24,1553,134.1671724137931,10.710344827586207,13.96151724137931,0.2206896551724138,122,39,2,Large High-Volume Stores,4.019633217954982,-0.983237227557994
2612,PERRY,114,9269.94,676,81.31526315789475,5.9298245614035086,15.56456140350877,0.21052631578947367,100,35,2,Large High-Volume Stores,2.9979185037363867,-1.2503735042253412
2613,COUNCIL BLUFFS,317,57221.07,3785,180.5081072555205,11.94006309148265,17.475331230283913,0.26498422712933756,265,51,2,Large High-Volume Stores,6.008798601877065,-0.660490945046553
2614,DAVENPORT,490,73898.2,4488,150.8126530612245,9.159183673469387,16.803183673469388,0.23877551020408164,411,58,2,Large High-Volume Stores,6.722821367690276,-1.2921067338195913
2616,CLINTON,396,65182.05,5068,164.60113636363636,12.797979797979798,16.12,0.23484848484848486,322,61,2,Large High-Volume Stores,6.668771149823757,-1.087052273336452
2618,CEDAR RAPIDS,147,16264.15,1225,110.64047619047619,8.333333333333334,16.549115646258503,0.272108843537415,127,39,2,Large High-Volume Stores,3.8971640785309125,-0.8333354591805995
2619,WEST DES MOINES,386,97797.59,5108,253.36163212435233,13.233160621761659,18.987720207253886,0.2694300518134715,331,55,2,Large High-Volume Stores,6.771270307231564,-0.24020071246903993
2620,WINDSOR HEIGHTS,323,44825.63,2893,138.779040247678,8.956656346749226,16.40687306501548,0.2755417956656347,261,55,2,Large High-Volume Stores,5.880658293573632,-1.0933089244037564
2621,SIOUX CITY,367,63230.49,3976,172.29016348773843,10.833787465940054,16.215504087193462,0.23433242506811988,289,51,2,Large High-Volume Stores,6.113778850274889,-0.9914950154090714
2622,IOWA CITY,232,38909.96,2535,167.7153448275862,10.926724137931034,17.584396551724137,0.30603448275862066,198,47,2,Large High-Volume Stores,5.306054166228033,-0.4793181665258759
2623,SIOUX CITY,310,53953.79,3390,174.04448387096775,10.935483870967742,17.321451612903225,0.2838709677419355,251,53,2,Large High-Volume Stores,5.976891732529472,-0.6974469547228446
2624,DUBUQUE,277,56956.6,3363,205.61949458483755,12.140794223826715,18.286498194945846,0.26353790613718414,242,56,2,Large High-Volume Stores,6.084714831871268,-0.49789729875801975
2625,DAVENPORT,366,79624.75,4887,217.55396174863387,13.352459016393443,18.62983606557377,0.28688524590163933,287,60,2,Large High-Volume Stores,6.735623848803496,-0.3947640756132068
2626,DES MOINES,240,37218.23,3012,155.07595833333335,12.55,15.553958333333332,0.24583333333333332,189,47,2,Large High-Volume Stores,5.287940860058276,-0.8250122971166022
2627,DES MOINES,201,35410.75,3931,176.1728855721393,19.557213930348258,14.76955223880597,0.1691542288557214,169,43,2,Large High-Volume Stores,5.132792612812876,-0.6242290498355596
2628,ELDORA,45,4564.38,303,101.43066666666667,6.733333333333333,15.917777777777777,0.15555555555555556,35,22,3,Balanced High-Performing Stores,1.095783411203134,-0.8100447156031987
2629,COUNCIL BLUFFS,423,60890.06,3905,143.94813238770686,9.231678486997636,18.464917257683215,0.29314420803782504,355,55,2,Large High-Volume Stores,6.403983762392577,-0.9222379942467046
2630,WEST DES MOINES,80,11739.52,933,146.744,11.6625,16.919,0.225,69,27,3,Balanced High-Performing Stores,2.75155256873971,-0.3037238241971956
2633,DES MOINES,850,539824.94,31259,635.0881647058823,36.77529411764706,23.450482352941176,0.35058823529411764,496,68,2,Large High-Volume Stores,9.879044100412791,2.9057506831535105
2634,AMES,9,936.04,66,104.00444444444445,7.333333333333333,16.04888888888889,0.2222222222222222,9,8,1,Standard Neighbourhood Stores,-1.7554084381821662,0.06572353615048385
2635,DAVENPORT,272,44700.12,2793,164.33867647058824,10.268382352941176,19.188970588235293,0.3161764705882353,235,58,2,Large High-Volume Stores,5.951065056088377,-0.5430330910270358
2636,DES MOINES,160,25954.09,1964,162.2130625,12.275,15.245625,0.25625,126,46,2,Large High-Volume Stores,4.609166541933572,-0.6553717161855246
2637,DAVENPORT,297,31636.76,2552,106.52107744107744,8.592592592592593,14.70882154882155,0.1919191919191919,249,51,2,Large High-Volume Stores,5.389143466872601,-1.6158467934132763
2638,CEDAR FALLS,70,5992.18,416,85.60257142857144,5.942857142857143,16.596999999999998,0.18571428571428572,67,31,3,Balanced High-Performing Stores,2.1205156519157744,-1.0450176281404642
2641,COUNCIL BLUFFS,67,6230.73,1051,92.99597014925372,15.686567164179104,10.437313432835822,0.07462686567164178,61,22,3,Balanced High-Performing Stores,2.0609528899675666,-1.295219122805637
2642,PELLA,243,31710.66,2169,130.49654320987653,8.925925925925926,16.940082304526747,0.30864197530864196,210,53,2,Large High-Volume Stores,5.367084338338218,-0.8781358649795392
2643,WATERLOO,317,31539.01,2045,99.49214511041009,6.451104100946372,18.303564668769713,0.2870662460567823,278,53,2,Large High-Volume Stores,5.525156727423771,-1.1902925042238595
2644,FORT DODGE,226,63357.36,3667,280.34230088495576,16.22566371681416,18.772389380530974,0.24336283185840707,194,49,2,Large High-Volume Stores,5.838039211840579,0.15830500916302764
2645,MUSCATINE,6,551.8,58,91.96666666666665,9.666666666666666,9.91,0.0,6,6,1,Standard Neighbourhood Stores,-2.584906160436479,-0.9931006311509617
2647,CEDAR RAPIDS,498,92207.84,5666,185.15630522088352,11.377510040160642,19.724538152610442,0.3152610441767068,405,65,2,Large High-Volume Stores,7.287146470266335,-0.6156419544962546
2648,WEST DES MOINES,487,68041.63,4048,139.7158726899384,8.31211498973306,18.69593429158111,0.30390143737166325,383,56,2,Large High-Volume Stores,6.585489669174826,-0.9749630363814861
2649,DUBUQUE,301,25305.57,1699,84.0716611295681,5.644518272425249,15.091328903654484,0.18604651162790697,234,51,2,Large High-Volume Stores,5.077662211225315,-1.8413901851441823
2650,HARLAN,162,22654.84,1406,139.8446913580247,8.679012345679013,17.793827160493827,0.2839506172839506,147,38,2,Large High-Volume Stores,4.202307752561844,-0.5655046357071818
2651,WAVERLY,364,56863.1,3376,156.21730769230768,9.274725274725276,17.87126373626374,0.3021978021978022,303,55,2,Large High-Volume Stores,6.202311852650599,-0.8313584165169957
2652,MASON CITY,159,18851.87,1571,118.56522012578615,9.880503144654089,16.73188679245283,0.27044025157232704,136,44,2,Large High-Volume Stores,4.31550785384436,-0.7951478362177606
2653,WASHINGTON,159,21579.72,1076,135.72150943396227,6.767295597484277,15.486477987421383,0.24528301886792453,143,42,2,Large High-Volume Stores,4.13784480932047,-1.0299034106941285
2655,CLARINDA,85,7183.08,544,84.50682352941176,6.4,14.49564705882353,0.1411764705882353,72,29,3,Balanced High-Performing Stores,2.283376610570406,-1.3649246362385792
2656,CORNING,77,5711.19,397,74.1712987012987,5.1558441558441555,15.725844155844158,0.24675324675324675,66,35,3,Balanced High-Performing Stores,2.2734723941342905,-1.0596437344243903
2657,BEDFORD,49,2767.56,192,56.48081632653061,3.9183673469387754,13.751632653061225,0.14285714285714285,40,20,3,Balanced High-Performing Stores,0.6559335975024461,-1.3907075511657392
2658,MOUNT AYR,41,4921.28,342,120.03121951219512,8.341463414634147,17.17878048780488,0.2926829268292683,34,17,3,Balanced High-Performing Stores,1.073681231267334,-0.00640108390401193
2660,SIOUX CENTER,101,12191.89,741,120.71178217821782,7.336633663366337,17.06089108910891,0.3069306930693069,83,35,2,Large High-Volume Stores,3.134112987833237,-0.5000180006737945
2661,SHELDON,191,20781.74,1500,108.80492146596859,7.853403141361256,15.81020942408377,0.18848167539267016,162,40,2,Large High-Volume Stores,4.255243113834222,-1.296525151844115
2662,MUSCATINE,182,31720.57,2217,174.28884615384615,12.18131868131868,16.164065934065935,0.2087912087912088,160,44,2,Large High-Volume Stores,4.8134650057210635,-0.7255654945191159
2663,URBANDALE,281,265998.91000000003,12658,946.615338078292,45.04626334519573,19.21274021352313,0.28825622775800713,250,49,2,Large High-Volume Stores,8.193078346756591,4.636226994972013
2665,WAUKEE,327,93982.25,5337,287.40749235474004,16.321100917431192,21.007278287461773,0.3547400611620795,268,51,2,Large High-Volume Stores,6.606848785676791,0.6190887055894075
2666,ANKENY,394,64969.66,4032,164.89761421319798,10.233502538071066,19.781472081218272,0.3401015228426396,327,59,2,Large High-Volume Stores,6.59507008412912,-0.5350129570124744
2667,SIOUX CITY,48,3540.1,470,73.75208333333333,9.791666666666666,13.783125,0.125,42,25,3,Balanced High-Performing Stores,1.3378007534828738,-1.1535186340069807
2668,LEON,24,2357.6,121,98.23333333333333,5.041666666666667,19.732083333333332,0.4166666666666667,23,12,0,Premium Retail Stores,-0.11416856761218243,0.5572318064087514
2669,CORYDON,31,3165.14,195,102.10129032258064,6.290322580645161,19.209032258064518,0.3225806451612903,27,19,3,Balanced High-Performing Stores,0.552962675852879,0.13091363941344533
2670,CORALVILLE,356,77441.34,4848,217.53185393258426,13.617977528089888,17.326516853932585,0.29213483146067415,275,50,2,Large High-Volume Stores,6.321373253742125,-0.34167526793873954
2671,JEFFERSON,56,7650.78,512,136.6210714285714,9.142857142857142,17.764285714285712,0.14285714285714285,54,23,3,Balanced High-Performing Stores,1.8818149440774177,-0.5399595779278134
2672,WINTERSET,57,6909.25,455,121.21491228070175,7.982456140350878,18.630350877192985,0.2631578947368421,51,20,3,Balanced High-Performing Stores,1.7293196764727687,-0.14953863136947815
2673,DES MOINES,84,16403.26,1101,195.27690476190475,13.107142857142858,17.79702380952381,0.3333333333333333,79,28,2,Large High-Volume Stores,3.2074760537213667,0.3842584125824655
2674,LAMONI,14,1699.73,107,121.40928571428572,7.642857142857143,17.125,0.2857142857142857,14,11,0,Premium Retail Stores,-0.8113784036064879,0.3019624582244706
2675,CORALVILLE,163,32103.079999999998,1709,196.95141104294478,10.484662576687116,24.682515337423315,0.4294478527607362,153,40,2,Large High-Volume Stores,4.747442945770662,0.8006552632736725
2678,DAVENPORT,46,3645.13,247,79.24195652173913,5.369565217391305,16.17760869565217,0.2826086956521739,42,20,3,Balanced High-Performing Stores,1.0005583765661956,-0.5433484930291885
2679,ALTOONA,53,3243.48,279,61.197735849056606,5.264150943396227,16.29490566037736,0.2641509433962264,49,22,3,Balanced High-Performing Stores,1.1717038450160606,-0.7607510105314453
2683,WEST DES MOINES,11,816.91,116,74.26454545454546,10.545454545454545,9.760909090909092,0.0,11,8,1,Standard Neighbourhood Stores,-1.6462661701853254,-1.2428205925860762
2684,FOREST CITY,38,3511.83,198,92.41657894736842,5.2105263157894735,21.420526315789473,0.42105263157894735,35,16,3,Balanced High-Performing Stores,0.7533187382734534,0.507888571200262
2685,GARNER,23,2738.87,157,119.08130434782608,6.826086956521739,17.878695652173914,0.2608695652173913,21,11,3,Balanced High-Performing Stores,-0.13317354469205583,0.09770110880098216
2687,BETTENDORF,6,1153.86,111,192.30999999999997,18.5,22.686666666666667,0.16666666666666666,6,3,1,Standard Neighbourhood Stores,-1.73946237404358,1.52760157248448
2688,WAUKEE,13,1333.8,155,102.6,11.923076923076923,9.552307692307693,0.0,10,5,1,Standard Neighbourhood Stores,-1.3956977244449529,-1.026723462678658
2689,URBANDALE,6,868.53,277,144.755,46.166666666666664,7.085000000000001,0.0,5,4,1,Standard Neighbourhood Stores,-1.594332028965665,0.8267475618123786
2691,URBANDALE,25,1835.39,307,73.4156,12.28,9.2956,0.0,21,12,1,Standard Neighbourhood Stores,-0.21832735263100286,-1.463187697821062
2693,CRESTON,5,335.93,16,67.186,3.2,28.486,0.2,4,4,0,Premium Retail Stores,-3.300132599911436,0.864415701920493
2695,DES MOINES,6,992.12,369,165.35333333333332,61.5,11.481666666666667,0.16666666666666666,6,3,1,Standard Neighbourhood Stores,-1.0777134611127868,2.562659704017817
2696,DES MOINES,5,517.14,62,103.428,12.4,27.086000000000002,0.4,5,4,0,Premium Retail Stores,-2.3247413115236895,1.9973374741159708
2697,TOLEDO,16,2009.52,113,125.595,7.0625,18.045625,0.25,16,11,0,Premium Retail Stores,-0.6317920261241468,0.20965525778457259
2698,WEST DES MOINES,5,723.38,90,144.676,18.0,8.414,0.0,5,4,1,Standard Neighbourhood Stores,-2.404373198826984,-0.3963669661223924
2699,ANKENY,5,316.5,43,63.3,8.6,22.881999999999998,0.4,5,3,0,Premium Retail Stores,-2.8019576194378595,1.2926919321103378
2700,EMMETSBURG,18,2707.46,160,150.41444444444446,8.88888888888889,24.909444444444446,0.4444444444444444,17,11,0,Premium Retail Stores,-0.0772944763059002,1.595789367510252
2704,OELWEIN,16,2747.1,199,171.69375,12.4375,17.448125,0.25,16,11,3,Balanced High-Performing Stores,-0.2051590610873068,0.6299886588317258
2705,CRESCO,20,3281.22,303,164.06099999999998,15.15,18.5195,0.3,20,13,3,Balanced High-Performing Stores,0.3369639350586676,0.8880554396054178
2706,JOHNSTON,11,630.73,64,57.33909090909091,5.818181818181818,15.677272727272726,0.2727272727272727,11,8,1,Standard Neighbourhood Stores,-1.7906633135434293,-0.1525204569854431
2707,URBANDALE,12,1101.84,305,91.82,25.416666666666668,8.2675,0.0,11,6,1,Standard Neighbourhood Stores,-1.0663449046161284,-0.556972319346465
2708,WINDSOR HEIGHTS,7,747.26,144,106.75142857142858,20.571428571428573,7.952857142857143,0.0,6,4,1,Standard Neighbourhood Stores,-2.0501019394254527,-0.5569792722943921
2709,DUBUQUE,14,1492.68,166,106.62,11.857142857142858,18.763571428571428,0.2857142857142857,13,8,0,Premium Retail Stores,-0.7987857968902795,0.6087366373661484
2710,OTTUMWA,6,157.34,8,26.223333333333333,1.3333333333333333,17.73333333333333,0.5,6,6,0,Premium Retail Stores,-3.4995231431644664,0.6029025775970319
2711,OTTUMWA,17,723.4300000000001,125,42.55470588235295,7.352941176470588,10.150588235294117,0.0,16,8,1,Standard Neighbourhood Stores,-1.3911492105542207,-1.6416633199168067
2712,DECORAH,60,7275.05,540,121.25083333333333,9.0,15.278666666666668,0.16666666666666666,54,23,3,Balanced High-Performing Stores,1.8824006353979659,-0.7495408080799247
2713,DYERSVILLE,21,4287.83,222,204.18238095238095,10.571428571428571,24.695714285714285,0.3333333333333333,20,15,0,Premium Retail Stores,0.5020248580997344,1.4389774609499746
2714,VINTON,21,3277.92,223,156.09142857142857,10.619047619047619,17.457619047619048,0.23809523809523808,21,14,3,Balanced High-Performing Stores,0.19685581454043552,0.3158872945531618
2715,DENISON,9,2937.9,210,326.43333333333334,23.333333333333332,15.416666666666666,0.3333333333333333,9,6,1,Standard Neighbourhood Stores,-0.4839491906602595,2.198904239247363
2716,HAMPTON,18,4119.79,295,228.87722222222223,16.38888888888889,15.100555555555555,0.2222222222222222,18,12,3,Balanced High-Performing Stores,0.29345822577252845,0.751602980916129
2718,WAUKON,8,1000.5600000000001,66,125.07000000000001,8.25,16.21625,0.25,8,7,1,Standard Neighbourhood Stores,-1.8072249617672953,0.36081974902918623
2719,WAUKEE,5,755.64,49,151.128,9.8,16.113999999999997,0.2,5,4,1,Standard Neighbourhood Stores,-2.476414664029137,0.5410270128580238
2720,WEST DES MOINES,6,368.1,53,61.35,8.833333333333334,12.616666666666667,0.16666666666666666,6,4,1,Standard Neighbourhood Stores,-2.7495165150487013,-0.38108570489033045
2721,DUBUQUE,8,578.29,63,72.28625,7.875,16.25375,0.25,8,7,1,Standard Neighbourhood Stores,-2.0932097199387862,0.09037069742190117
2806,CLINTON,116,14319.5,1149,123.44396551724138,9.905172413793103,15.530517241379311,0.21551724137931033,93,36,2,Large High-Volume Stores,3.4577002600544753,-0.8491087185297355
2835,CEDAR FALLS,23,2616.55,200,113.76304347826088,8.695652173913043,14.412173913043478,0.13043478260869565,22,12,3,Balanced High-Performing Stores,-0.11098793666306216,-0.5794747614133773
2836,WATERLOO,11,818.71,53,74.42818181818183,4.818181818181818,16.702727272727273,0.36363636363636365,10,9,0,Premium Retail Stores,-1.688123460620902,0.28088399730424496
2837,WATERLOO,21,3170.63,212,150.98238095238096,10.095238095238095,17.39190476190476,0.3333333333333333,21,14,3,Balanced High-Performing Stores,0.21499420615268539,0.5827207668057801
2838,DAVENPORT,19,1402.92,114,73.8378947368421,6.0,12.620526315789473,0.05263157894736842,17,10,1,Standard Neighbourhood Stores,-0.954588176370968,-1.2139874867092684
2839,DAVENPORT,10,810.21,62,81.021,6.2,15.669,0.2,10,7,1,Standard Neighbourhood Stores,-1.8391512011445488,-0.22239649507879566
2840,BETTENDORF,33,2625.44,195,79.55878787878788,5.909090909090909,16.671818181818182,0.24242424242424243,31,21,3,Balanced High-Performing Stores,0.5365916891727159,-0.5269526877677532
2841,CEDAR RAPIDS,35,3192.27,222,91.20771428571429,6.3428571428571425,15.70257142857143,0.2,27,18,3,Balanced High-Performing Stores,0.4921555152182469,-0.6202204896627017
2843,CEDAR RAPIDS,33,1986.1,163,60.18484848484848,4.9393939393939394,14.111515151515151,0.12121212121212122,32,18,3,Balanced High-Performing Stores,0.13732391202899943,-1.2540971064330528
2844,IOWA CITY,29,3053.37,279,105.28862068965518,9.620689655172415,15.79103448275862,0.1724137931034483,26,15,3,Balanced High-Performing Stores,0.3876881607952303,-0.41827274444523466
2845,COUNCIL BLUFFS,8,930.74,58,116.3425,7.25,18.485,0.25,8,7,0,Premium Retail Stores,-1.8785561868172427,0.4560004422023606
2846,CEDAR RAPIDS,22,1239.08,121,56.32181818181818,5.5,11.715000000000002,0.09090909090909091,21,14,1,Standard Neighbourhood Stores,-0.6903539440633906,-1.3715276462307764
2847,MARION,12,668.54,41,55.711666666666666,3.4166666666666665,16.5625,0.25,12,9,1,Standard Neighbourhood Stores,-1.853981557622873,-0.3114856363493613
2848,ANKENY,12,1781.55,117,148.4625,9.75,15.769166666666665,0.3333333333333333,10,9,0,Premium Retail Stores,-0.968242237649715,0.67692915341843
2849,DES MOINES,6,492.56,34,82.09333333333333,5.666666666666667,16.363333333333333,0.3333333333333333,6,4,0,Premium Retail Stores,-2.6645206952007094,0.43963134088285627
2850,DES MOINES,14,1288.62,120,92.0442857142857,8.571428571428571,13.31,0.07142857142857142,14,10,1,Standard Neighbourhood Stores,-1.1101026376429717,-0.8140635414052707
2851,FORT DODGE,13,1670.42,109,128.49384615384616,8.384615384615385,15.977692307692308,0.15384615384615385,12,9,1,Standard Neighbourhood Stores,-1.0596946383230885,-0.10842583867974923
2852,DES MOINES,11,1388.34,96,126.21272727272726,8.727272727272727,14.394545454545453,0.0,11,8,1,Standard Neighbourhood Stores,-1.4285529532018801,-0.7022482670623362
2853,AMES,10,859.59,70,85.959,7.0,14.556999999999999,0.2,10,8,1,Standard Neighbourhood Stores,-1.7343395342066354,-0.26262400963841775
2854,URBANDALE,7,838.23,96,119.74714285714286,13.714285714285714,9.148571428571428,0.0,7,6,1,Standard Neighbourhood Stores,-2.0617460913683625,-0.7715219043085855
2951,CLIVE,22,2028.78,181,92.21727272727273,8.227272727272727,13.157727272727271,0.09090909090909091,21,12,1,Standard Neighbourhood Stores,-0.34922266868283247,-0.9259832334652094
2953,DES MOINES,22,2776.16,257,126.18909090909091,11.681818181818182,12.90227272727273,0.13636363636363635,21,10,3,Balanced High-Performing Stores,-0.0751838649560076,-0.44483685187988553
2954,DES MOINES,57,4771.08,375,83.70315789473685,6.578947368421052,14.984035087719299,0.22807017543859648,53,23,3,Balanced High-Performing Stores,1.5290861837127965,-0.8503347622825201
2955,DES MOINES,14,1708.26,128,122.01857142857143,9.142857142857142,16.42142857142857,0.21428571428571427,13,8,1,Standard Neighbourhood Stores,-0.9218057647554785,0.12482233957867707
2956,DES MOINES,8,872.04,72,109.005,9.0,11.74125,0.125,7,6,1,Standard Neighbourhood Stores,-2.054255039482026,-0.430731107772265
2958,DES MOINES,23,1538.96,152,66.91130434782609,6.608695652173913,10.258695652173914,0.0,22,12,1,Standard Neighbourhood Stores,-0.6098907950615537,-1.6805779147128694
2959,DES MOINES,41,3783.86,320,92.28926829268293,7.804878048780488,13.24609756097561,0.12195121951219512,37,19,3,Balanced High-Performing Stores,0.8745639500363123,-1.0954867230956982
2960,WEST DES MOINES,18,1503.48,115,83.52666666666667,6.388888888888889,15.359444444444442,0.16666666666666666,17,13,1,Standard Neighbourhood Stores,-0.7233395389174959,-0.5707625821860766
2961,WEST DES MOINES,17,2026.16,152,119.18588235294118,8.941176470588236,15.62235294117647,0.17647058823529413,15,8,1,Standard Neighbourhood Stores,-0.6927572993802726,-0.13869993529851946
2962,JOHNSTON,43,3124.59,239,72.66488372093023,5.558139534883721,14.218837209302325,0.16279069767441862,41,23,3,Balanced High-Performing Stores,0.8981794407749812,-1.1508958920512709
2963,CLIVE,26,2209.8,166,84.9923076923077,6.384615384615385,15.043076923076923,0.15384615384615385,24,16,3,Balanced High-Performing Stores,-0.0434118440278066,-0.7741531195806298
2964,ANKENY,16,1125.49,93,70.343125,5.8125,12.749375,0.125,16,8,1,Standard Neighbourhood Stores,-1.237980005011763,-0.9301165245867552
3003,LAKE CITY,6,876.12,78,146.02,13.0,13.258333333333333,0.16666666666666666,6,5,1,Standard Neighbourhood Stores,-2.1035887779505407,0.2654559180490907
3013,BLOOMFIELD,46,2557.29,207,55.59326086956521,4.5,14.343260869565217,0.17391304347826086,39,25,3,Balanced High-Performing Stores,0.827883170716886,-1.2622137294796283
3016,DENVER,7,474.0,42,67.71428571428571,6.0,10.877142857142857,0.0,7,5,1,Standard Neighbourhood Stores,-2.729751342016842,-1.2356694862732571
3041,COLFAX,24,1122.27,144,46.76125,6.0,10.417916666666667,0.08333333333333333,24,16,1,Standard Neighbourhood Stores,-0.5193172882012455,-1.5864827287471919
3045,BRITT,44,3983.73,290,90.53931818181819,6.590909090909091,15.378181818181817,0.20454545454545456,36,20,3,Balanced High-Performing Stores,0.971567594071071,-0.726525289355929
3054,GRINNELL,89,4816.93,306,54.12280898876405,3.438202247191011,19.04258426966292,0.3595505617977528,85,34,3,Balanced High-Performing Stores,2.321204959909133,-0.6433834534137429
3056,CLARION,18,1243.28,119,69.07111111111111,6.611111111111111,10.974444444444444,0.05555555555555555,16,11,1,Standard Neighbourhood Stores,-1.0101424728641395,-1.3273068992508328
3065,MONTEZUMA,56,3135.3,255,55.987500000000004,4.553571428571429,13.275535714285713,0.21428571428571427,47,25,3,Balanced High-Performing Stores,1.1639202115277878,-1.2670925968957725
3162,MUSCATINE,41,3301.18,290,80.51658536585366,7.073170731707317,12.258536585365855,0.0975609756097561,37,19,3,Balanced High-Performing Stores,0.7410500647016985,-1.3491471633531082
3352,MANCHESTER,22,3065.02,296,139.3190909090909,13.454545454545455,12.397272727272728,0.09090909090909091,21,17,3,Balanced High-Performing Stores,0.26616256342102523,-0.5746195483902024
3354,DAVENPORT,135,75088.47,4719,556.2108888888889,34.955555555555556,19.71985185185185,0.3851851851851852,111,43,2,Large High-Volume Stores,5.929411125124708,3.0918023978456324
3385,CEDAR RAPIDS,172,137837.58,7381,801.3812790697674,42.91279069767442,20.164593023255815,0.42441860465116277,138,49,2,Large High-Volume Stores,7.158120802093877,4.595242975568749
3390,MILFORD,252,46450.24,2600,184.3263492063492,10.317460317460318,18.25857142857143,0.32142857142857145,207,47,2,Large High-Volume Stores,5.468193223733904,-0.34379967989295407
3400,DES MOINES,38,5104.88,552,134.33894736842106,14.526315789473685,12.554736842105262,0.15789473684210525,36,19,3,Balanced High-Performing Stores,1.274901789270773,-0.49741610257551233
3403,COLUMBUS JUNCTION,89,4287.79,347,48.17741573033708,3.898876404494382,14.788426966292135,0.20224719101123595,76,33,3,Balanced High-Performing Stores,2.091316183539871,-1.4962959769056612
3417,MARENGO,131,8643.38,643,65.97999999999999,4.908396946564886,14.411297709923664,0.16793893129770993,112,37,2,Large High-Volume Stores,3.0706069599395325,-1.6726585468796729
3420,WINDSOR HEIGHTS,144,97326.0,5251,675.875,36.46527777777778,24.496111111111112,0.4861111111111111,115,42,2,Large High-Volume Stores,6.351244677261694,4.421704610065233
3437,NORWALK,17,2070.81,171,121.81235294117647,10.058823529411764,14.080588235294117,0.058823529411764705,14,10,1,Standard Neighbourhood Stores,-0.6756349529961219,-0.6064642512646776
3440,DES MOINES,9,738.86,212,82.09555555555556,23.555555555555557,5.197777777777778,0.0,9,7,1,Standard Neighbourhood Stores,-1.5701512683870074,-0.8852709782049268
3443,COUNCIL BLUFFS,186,25195.0,2080,135.45698924731184,11.182795698924732,14.44516129032258,0.1827956989247312,151,37,2,Large High-Volume Stores,4.342564325666875,-1.0919517892490218
3447,SIOUX CITY,88,106390.43,5137,1208.982159090909,58.375,23.66181818181818,0.5,67,40,4,Specialized Wholesale Stores,6.735735347537641,8.012557733124696
3451,DEWITT,13,986.04,90,75.84923076923077,6.923076923076923,11.3,0.0,13,8,1,Standard Neighbourhood Stores,-1.5499945312198007,-1.3283774805752016
3456,CLEAR LAKE,277,23306.02,1729,84.13725631768953,6.241877256317689,15.021516245487366,0.22021660649819494,196,45,2,Large High-Volume Stores,4.746206566737982,-1.5913170498623925
3461,STUART,75,6053.8099999999995,516,80.71746666666667,6.88,13.9964,0.14666666666666667,66,29,3,Balanced High-Performing Stores,2.1061791736966065,-1.3508694051945058
3465,PANORA,57,4911.52,317,86.16701754385966,5.56140350877193,16.323684210526316,0.3157894736842105,49,23,3,Balanced High-Performing Stores,1.505039315204816,-0.46786115598669314
3477,COUNCIL BLUFFS,96,48037.5,2798,500.390625,29.145833333333332,18.100729166666667,0.3541666666666667,73,31,2,Large High-Volume Stores,4.63500835978762,2.588078723382742
3482,CARROLL,17,1430.16,107,84.12705882352941,6.294117647058823,11.184117647058823,0.11764705882352941,16,11,1,Standard Neighbourhood Stores,-0.9641718333973123,-1.033692972537165
3484,MARCUS,29,1436.73,109,49.54241379310345,3.7586206896551726,13.75551724137931,0.1724137931034483,28,19,3,Balanced High-Performing Stores,-0.20216906489018388,-1.1904686528460413
3488,BELLEVUE,71,8584.07,569,120.90239436619719,8.014084507042254,16.308028169014083,0.28169014084507044,54,26,3,Balanced High-Performing Stores,2.2174870204104464,-0.3848849559234958
3494,WATERLOO,143,81228.36,4200,568.0304895104895,29.37062937062937,19.12083916083916,0.4125874125874126,100,45,2,Large High-Volume Stores,5.936593845368318,2.9075364312665424
3495,MONTICELLO,145,4933.74,455,34.02579310344827,3.1379310344827585,12.629931034482759,0.1310344827586207,119,39,3,Balanced High-Performing Stores,2.784609906614203,-2.2374668181767055
3514,FORT DODGE,143,12895.0,808,90.17482517482517,5.65034965034965,17.998251748251747,0.2937062937062937,122,41,2,Large High-Volume Stores,3.677283570395387,-0.8792841705371586
3521,COUNCIL BLUFFS,47,8062.52,404,171.54297872340427,8.595744680851064,19.65276595744681,0.3829787234042553,43,26,3,Balanced High-Performing Stores,1.955539339493256,0.5874096526691259
3524,AMES,112,84469.15,4321,754.1888392857143,38.580357142857146,22.34375,0.5,84,37,2,Large High-Volume Stores,5.90101157588286,4.893722869706703
3525,WASHINGTON,178,24363.52,1754,136.87370786516854,9.853932584269662,18.140730337078654,0.3089887640449438,157,45,2,Large High-Volume Stores,4.662711017277564,-0.5185025896891078
3528,MASON CITY,39,7456.74,378,191.19846153846154,9.692307692307692,19.792051282051283,0.358974358974359,36,21,3,Balanced High-Performing Stores,1.5830184728530254,0.7747781879114716
3529,CHEROKEE,30,1757.87,130,58.595666666666666,4.333333333333333,16.296666666666667,0.26666666666666666,29,20,3,Balanced High-Performing Stores,0.10509920188862332,-0.6170810894827505
3531,OSAGE,12,647.13,33,53.9275,2.75,21.584166666666665,0.6666666666666666,12,11,0,Premium Retail Stores,-1.5623357540902278,1.4355012760744446
3536,EAGLE GROVE,12,624.51,76,52.0425,6.333333333333333,12.508333333333333,0.08333333333333333,11,8,1,Standard Neighbourhood Stores,-1.8514536994395951,-1.061050832493908
3540,DAVENPORT,53,9728.28,552,183.55245283018868,10.415094339622641,18.439811320754718,0.37735849056603776,47,26,3,Balanced High-Performing Stores,2.248231436711788,0.5798659861838434
3542,ST ANSGAR,51,5460.43,350,107.0672549019608,6.862745098039215,20.102745098039215,0.47058823529411764,40,31,3,Balanced High-Performing Stores,1.9067502854733438,0.4768935995310329
3549,FORT MADISON,78,19221.97,1212,246.43551282051283,15.538461538461538,18.427179487179487,0.2948717948717949,66,33,2,Large High-Volume Stores,3.43809547786734,0.6392727919426257
3562,WEST BURLINGTON,144,27790.14,1777,192.98708333333332,12.340277777777779,15.85597222222222,0.2222222222222222,109,41,2,Large High-Volume Stores,4.327517359368399,-0.4761911171091767
3563,MUSCATINE,93,14911.38,1043,160.3374193548387,11.21505376344086,15.12247311827957,0.1827956989247312,67,29,2,Large High-Volume Stores,2.9718527172448685,-0.5874194574413982
3565,IOWA CITY,109,7030.19,621,64.49715596330275,5.697247706422019,15.065688073394496,0.22935779816513763,101,39,2,Large High-Volume Stores,2.979535561194973,-1.364290555354892
3573,OTTUMWA,66,6796.31,487,102.97439393939395,7.378787878787879,14.75060606060606,0.19696969696969696,59,32,3,Balanced High-Performing Stores,2.202060136587006,-0.9869278411249786
3576,HARTLEY,19,1503.94,131,79.15473684210527,6.894736842105263,11.71,0.05263157894736842,18,11,1,Standard Neighbourhood Stores,-0.8108285474604287,-1.2410539624154655
3582,LEON,7,665.72,38,95.10285714285715,5.428571428571429,17.262857142857143,0.2857142857142857,6,6,0,Premium Retail Stores,-2.391461974703909,0.3632728611362314
3583,CORYDON,16,735.98,45,45.99875,2.8125,17.140625,0.3125,14,11,0,Premium Retail Stores,-1.5011835976368604,-0.21730277572369114
3584,OELWEIN,35,3801.54,365,108.61542857142857,10.428571428571429,12.545142857142856,0.08571428571428572,33,15,3,Balanced High-Performing Stores,0.6768239932424116,-0.9845574309150172
3587,KEOKUK,8,941.16,84,117.645,10.5,12.225,0.125,8,6,1,Standard Neighbourhood Stores,-1.8853771991069483,-0.30069317402587725
3591,ACKLEY,6,520.91,41,86.81833333333333,6.833333333333333,12.741666666666667,0.16666666666666666,6,5,1,Standard Neighbourhood Stores,-2.6665622468341246,-0.34884238693976327
3592,FORT DODGE,118,21027.9,1494,178.20254237288137,12.661016949152541,15.058728813559323,0.17796610169491525,90,33,2,Large High-Volume Stores,3.6457921554450308,-0.5884444214499712
3606,GRUNDY CENTER,13,878.12,67,67.5476923076923,5.153846153846154,13.673846153846153,0.15384615384615385,13,12,1,Standard Neighbourhood Stores,-1.4601488644376017,-0.7882736504216147
3611,LOGAN,25,2770.38,204,110.8152,8.16,13.713199999999999,0.2,23,13,3,Balanced High-Performing Stores,0.036759789756507184,-0.4711090360659517
3612,MAQUOKETA,181,10881.94,862,60.12121546961326,4.762430939226519,12.81292817679558,0.11602209944751381,141,40,2,Large High-Volume Stores,3.559745113609339,-2.1332650090650076
3614,IDA GROVE,14,821.23,89,58.659285714285716,6.357142857142857,11.334999999999999,0.07142857142857142,13,8,1,Standard Neighbourhood Stores,-1.5711626578240492,-1.2074348875313956
3615,EMMETSBURG,14,1000.0,82,71.42857142857143,5.857142857142857,13.891428571428571,0.14285714285714285,13,9,1,Standard Neighbourhood Stores,-1.4106371167091496,-0.7303732053254132
3616,LAURENS,14,853.0,65,60.92857142857143,4.642857142857143,13.376428571428571,0.07142857142857142,14,9,1,Standard Neighbourhood Stores,-1.5974461979131764,-1.1332931202045988
3618,CEDAR RAPIDS,87,16680.54,1140,191.7303448275862,13.10344827586207,15.589310344827586,0.20689655172413793,72,31,2,Large High-Volume Stores,3.200170954900574,-0.2601675034487004
3621,SHELDON,64,4146.15,296,64.78359375,4.625,14.13,0.15625,61,28,3,Balanced High-Performing Stores,1.5881110267471803,-1.4437890155161395
3622,SPIRIT LAKE,95,27894.3,1480,293.6242105263158,15.578947368421053,18.88884210526316,0.37894736842105264,66,28,2,Large High-Volume Stores,3.670820532365899,1.2081752297005695
3624,NEWTON,52,8185.8,540,157.41923076923078,10.384615384615385,17.514615384615386,0.36538461538461536,38,24,3,Balanced High-Performing Stores,1.9504015688690546,0.40438261053753616
3625,ANKENY,125,25940.16,1584,207.52128,12.672,17.138560000000002,0.264,99,35,2,Large High-Volume Stores,3.998301299025185,-0.04255314769044521
3626,SPENCER,85,14185.86,1039,166.8924705882353,12.223529411764705,14.795882352941177,0.16470588235294117,71,28,3,Balanced High-Performing Stores,2.9066668477857767,-0.5825777803135478
3628,CEDAR RAPIDS,81,13518.0,808,166.88888888888889,9.975308641975309,16.98493827160494,0.25925925925925924,64,27,3,Balanced High-Performing Stores,2.7525116177847124,-0.15688255952469002
3629,COUNCIL BLUFFS,124,19309.2,1404,155.71935483870968,11.32258064516129,15.169112903225807,0.20161290322580644,100,36,2,Large High-Volume Stores,3.7449183462090843,-0.7282326521111275
3631,AUDUBON,14,1046.58,83,74.75571428571428,5.928571428571429,12.504285714285714,0.14285714285714285,13,12,1,Standard Neighbourhood Stores,-1.290066808951177,-0.8576166015238218
3632,DUBUQUE,87,15124.380000000001,906,173.84344827586207,10.413793103448276,16.740919540229886,0.22988505747126436,73,27,3,Balanced High-Performing Stores,2.918352067598131,-0.2552780612135569
3635,OGDEN,17,1148.31,88,67.54764705882353,5.176470588235294,14.174117647058821,0.058823529411764705,16,13,1,Standard Neighbourhood Stores,-1.0825734706827639,-1.1473501111373459
3644,ALTOONA,146,25986.18,1585,177.98753424657534,10.856164383561644,17.669657534246575,0.2808219178082192,124,43,2,Large High-Volume Stores,4.420618755574348,-0.31974114141293886
3645,WINDSOR HEIGHTS,79,12063.84,824,152.706835443038,10.430379746835444,16.795696202531644,0.27848101265822783,68,26,3,Balanced High-Performing Stores,2.6957968574350795,-0.1477360107492404
3647,CLINTON,89,17677.24,1058,198.6206741573034,11.887640449438202,16.892584269662922,0.25842696629213485,68,30,2,Large High-Volume Stores,3.1843301800650545,0.01154999406925108
3648,FAIRBANK,12,740.76,50,61.73,4.166666666666667,29.514166666666668,0.25,12,11,0,Premium Retail Stores,-1.5272797519780763,0.7760552508894059
3650,HOLSTEIN,113,11488.74,758,101.67026548672567,6.707964601769912,18.71486725663717,0.3008849557522124,102,42,2,Large High-Volume Stores,3.500004560879073,-0.6404597303664042
3651,INDIANOLA,86,12977.3,847,150.89883720930231,9.848837209302326,17.018837209302323,0.23255813953488372,69,26,3,Balanced High-Performing Stores,2.740796283743855,-0.3343770473819813
3654,BELMOND,20,2636.56,192,131.828,9.6,14.338999999999999,0.2,17,12,3,Balanced High-Performing Stores,-0.21947037906397487,-0.16109905940911665
3655,SIOUX CITY,15,1201.3999999999999,91,80.09333333333332,6.066666666666666,14.605333333333332,0.13333333333333333,15,8,1,Standard Neighbourhood Stores,-1.238065412026761,-0.6728216186785801
3656,ANKENY,50,8378.4,498,167.56799999999998,9.96,17.7366,0.28,45,22,3,Balanced High-Performing Stores,1.8719607759395276,0.1617248530968249
3660,KNOXVILLE,55,9488.16,578,172.512,10.50909090909091,16.205454545454543,0.34545454545454546,49,22,3,Balanced High-Performing Stores,2.0900543940701346,0.27952679923047813
3663,WATERLOO,58,10754.46,692,185.42172413793102,11.931034482758621,16.015,0.2413793103448276,50,26,3,Balanced High-Performing Stores,2.3406403841131427,-0.0168535682901295
3664,NORTHWOOD,92,9224.43,776,100.26554347826087,8.434782608695652,17.650434782608695,0.2608695652173913,72,26,3,Balanced High-Performing Stores,2.579631604477716,-0.5114723761448712
3666,CEDAR RAPIDS,71,13478.28,768,189.8349295774648,10.816901408450704,18.875774647887326,0.43661971830985913,57,29,2,Large High-Volume Stores,2.8655601987515666,0.7541596753693617
3670,CORALVILLE,108,16295.58,1230,150.885,11.38888888888889,14.430833333333332,0.17592592592592593,91,33,2,Large High-Volume Stores,3.392966458576226,-0.8232629940985995
3676,GREENE,21,1028.73,74,48.98714285714286,3.5238095238095237,15.939047619047617,0.3333333333333333,19,13,0,Premium Retail Stores,-0.8681492891211412,-0.3068586088018223
3678,DES MOINES,56,6159.63,621,109.99339285714287,11.089285714285714,17.049285714285713,0.25,52,26,3,Balanced High-Performing Stores,2.012794799788491,-0.3005120641764941
3679,MONONA,89,4083.15,240,45.87808988764045,2.696629213483146,17.389775280898878,0.3146067415730337,70,35,3,Balanced High-Performing Stores,2.0562459214973603,-0.9819250465546874
3682,WESLEY,46,7113.17,486,154.6341304347826,10.565217391304348,17.221304347826088,0.2608695652173913,42,26,3,Balanced High-Performing Stores,1.85336443925057,0.0002581114613863964
3688,FREDERICKSBURG,18,1408.29,113,78.23833333333333,6.277777777777778,13.085555555555555,0.1111111111111111,13,8,1,Standard Neighbourhood Stores,-1.1169722851102002,-0.8699397574945926
3690,WATERLOO,41,6358.24,387,155.0790243902439,9.439024390243903,20.189999999999998,0.3170731707317073,37,19,3,Balanced High-Performing Stores,1.4239092522016727,0.49782237997484624
3691,URBANDALE,73,14993.0,811,205.3835616438356,11.10958904109589,20.118082191780825,0.3561643835616438,59,30,2,Large High-Volume Stores,2.971775751197171,0.6477393115031538
3692,MT VERNON,79,17779.57,1630,225.05784810126582,20.632911392405063,16.103164556962028,0.25316455696202533,73,36,2,Large High-Volume Stores,3.651985839261146,0.40133141057975075
3695,REMSEN,45,5349.99,336,118.88866666666667,7.466666666666667,15.896666666666667,0.24444444444444444,39,24,3,Balanced High-Performing Stores,1.3988295418305523,-0.4366928122788471
3696,DES MOINES,58,10889.94,666,187.75758620689655,11.482758620689655,18.041724137931034,0.39655172413793105,53,26,3,Balanced High-Performing Stores,2.4759928399665676,0.6489956388308685
3697,DUBUQUE,18,514.56,59,28.586666666666662,3.2777777777777777,8.122777777777777,0.05555555555555555,16,9,1,Standard Neighbourhood Stores,-1.7713410199929398,-1.9020508442966526
3698,WEST DES MOINES,57,4651.9,266,81.61228070175439,4.666666666666667,20.830701754385963,0.3684210526315789,53,31,3,Balanced High-Performing Stores,1.8105489945763868,-0.09676634354311471
3700,AVOCA,68,6008.34,369,88.35794117647059,5.426470588235294,16.56441176470588,0.2647058823529412,55,27,3,Balanced High-Performing Stores,1.8789584132550725,-0.7068098101652905
3704,EMMETSBURG,153,8984.08,587,58.71947712418301,3.8366013071895426,17.079477124183004,0.33986928104575165,112,42,2,Large High-Volume Stores,3.417441541340432,-1.043360913535105
3705,ROCK RAPIDS,115,10005.98,713,87.00852173913043,6.2,15.581130434782608,0.25217391304347825,98,39,2,Large High-Volume Stores,3.221566755122997,-1.112780088722331
3707,CEDAR RAPIDS,71,11684.9,619,164.57605633802817,8.71830985915493,21.106478873239436,0.4084507042253521,61,34,2,Large High-Volume Stores,2.8976438490869842,0.5534459288794833
3710,COLUMBUS JUNCTION,8,1700.58,445,212.5725,55.625,7.61125,0.125,7,7,1,Standard Neighbourhood Stores,-0.5592252796278363,1.9407888705935643
3712,MONTEZUMA,86,7309.34,393,84.99232558139535,4.569767441860465,19.927790697674418,0.3488372093023256,74,36,3,Balanced High-Performing Stores,2.611420460906545,-0.3963224531867405
3713,MASON CITY,101,19863.84,1242,196.67168316831683,12.297029702970297,17.65792079207921,0.25742574257425743,81,28,2,Large High-Volume Stores,3.3568580845067526,0.05578871799686189
3715,DAVENPORT,86,9185.89,939,106.81267441860464,10.918604651162791,15.809534883720932,0.22093023255813954,73,26,3,Balanced High-Performing Stores,2.613987602832347,-0.6397028252367762
3717,SUMNER,57,2510.63,217,44.046140350877195,3.807017543859649,14.370350877192983,0.12280701754385964,54,28,3,Balanced High-Performing Stores,1.1329061116880321,-1.6447322583982462
3719,MARSHALLTOWN,62,10364.82,702,167.17451612903224,11.32258064516129,17.01258064516129,0.25806451612903225,54,26,3,Balanced High-Performing Stores,2.3878630596659454,-0.016031086320341736
3721,DECORAH,131,22703.46,1404,173.30885496183205,10.717557251908397,17.533053435114503,0.2900763358778626,108,36,2,Large High-Volume Stores,3.959866958440052,-0.206871712653543
3722,SIOUX CITY,110,20023.98,1304,182.0361818181818,11.854545454545455,17.037,0.23636363636363636,89,34,2,Large High-Volume Stores,3.6325967413378755,-0.25231369621402394
3723,ONAWA,217,9019.49,858,41.564470046082945,3.953917050691244,16.002442396313366,0.24423963133640553,178,40,2,Large High-Volume Stores,3.7592351367857515,-1.6439820928704514
3725,ARMSTRONG,8,364.36,24,45.545,3.0,17.905,0.375,8,6,0,Premium Retail Stores,-2.6292565739057556,0.29625789121476176
3726,OTTUMWA,74,11853.3,864,160.17972972972973,11.675675675675675,14.393108108108107,0.12162162162162163,55,26,3,Balanced High-Performing Stores,2.4789816988402418,-0.7305526071149983
3728,COUNCIL BLUFFS,75,7172.86,884,95.63813333333333,11.786666666666667,15.990133333333333,0.28,63,33,3,Balanced High-Performing Stores,2.662978879855409,-0.4765437626183945
3731,DAVENPORT,121,19823.62,1250,163.83157024793388,10.330578512396695,16.53479338842975,0.2644628099173554,99,37,2,Large High-Volume Stores,3.7871200057877092,-0.4216148956449993
3732,ELDRIDGE,100,8848.64,614,88.48639999999999,6.14,17.2085,0.29,90,38,2,Large High-Volume Stores,3.0276009527294803,-0.803584379930277
3734,PRIMGHAR,5,409.28999999999996,30,81.85799999999999,6.0,14.984,0.4,5,5,0,Premium Retail Stores,-2.847394055988084,0.6030616327696962
3735,OSKALOOSA,67,7709.72,666,115.07044776119403,9.940298507462687,15.106268656716418,0.23880597014925373,62,26,3,Balanced High-Performing Stores,2.2460293376377085,-0.5800685712688445
3738,DUBUQUE,42,2135.23,276,50.83880952380952,6.571428571428571,11.582619047619048,0.07142857142857142,41,23,3,Balanced High-Performing Stores,0.7000752970645008,-1.733198898644163
3740,WATERLOO,38,4887.24,296,128.61157894736843,7.7894736842105265,12.371052631578948,0.21052631578947367,33,18,3,Balanced High-Performing Stores,0.912509505282028,-0.6528007209479048
3742,LEMARS,43,8051.52,492,187.24465116279072,11.44186046511628,17.08767441860465,0.2558139534883721,36,21,3,Balanced High-Performing Stores,1.668800889779552,0.25969715041628977
3744,DYERSVILLE,56,5190.5,408,92.6875,7.285714285714286,14.049642857142857,0.19642857142857142,47,27,3,Balanced High-Performing Stores,1.6622519464565346,-0.9791823954873785
3747,SIGOURNEY,27,1584.82,125,58.697037037037035,4.62962962962963,13.111481481481482,0.25925925925925924,25,15,3,Balanced High-Performing Stores,-0.2726341244703188,-0.7876419163448021
3749,STORM LAKE,42,8421.78,552,200.51857142857145,13.142857142857142,17.463809523809523,0.30952380952380953,35,18,3,Balanced High-Performing Stores,1.6679775903614142,0.6558189045716165
3756,MANNING,94,4749.13,292,50.522659574468086,3.106382978723404,16.37287234042553,0.2127659574468085,75,29,3,Balanced High-Performing Stores,1.9555317338106188,-1.314049918902074
3757,SIOUX CITY,138,24333.06,1494,176.32652173913044,10.826086956521738,17.093260869565217,0.2826086956521739,110,30,2,Large High-Volume Stores,3.8174869932833015,-0.18870679293578618
3761,LENOX,16,889.15,53,55.571875,3.3125,15.896875,0.25,15,11,1,Standard Neighbourhood Stores,-1.3791455346871935,-0.4674755064977432
3762,WINDSOR HEIGHTS,69,5983.98,369,86.72434782608696,5.3478260869565215,18.832028985507247,0.3333333333333333,65,32,3,Balanced High-Performing Stores,2.204803530959035,-0.39356489027545155
3763,HAWARDEN,33,3186.89,222,96.57242424242423,6.7272727272727275,15.487878787878788,0.18181818181818182,29,18,3,Balanced High-Performing Stores,0.49498654310509066,-0.659214325675909
3766,NEW HAMPTON,17,877.81,89,51.635882352941174,5.235294117647059,12.269411764705882,0.058823529411764705,17,13,1,Standard Neighbourhood Stores,-1.1881918634682964,-1.3902993422296743
3769,CEDAR FALLS,150,27005.46,1766,180.0364,11.773333333333333,16.028266666666667,0.23333333333333334,111,38,2,Large High-Volume Stores,4.2191668930286985,-0.4854076510008276
3772,DES MOINES,32,5074.51,733,158.5784375,22.90625,10.008125,0.09375,28,15,3,Balanced High-Performing Stores,1.092727501358342,-0.29302397940956026
3773,CEDAR RAPIDS,484,136892.2,7395,282.83512396694215,15.27892561983471,22.11479338842975,0.4628099173553719,325,60,2,Large High-Volume Stores,7.515357415625955,0.8084560696183226
3774,DUBUQUE,42,4733.04,666,112.69142857142857,15.857142857142858,9.295,0.0,34,18,3,Balanced High-Performing Stores,1.1492919340522998,-1.324212316222944
3776,DAVENPORT,118,15851.76,1121,134.3369491525424,9.5,14.81906779661017,0.17796610169491525,95,36,2,Large High-Volume Stores,3.4812711293884107,-1.0065527338179545
3778,DES MOINES,44,2137.24,232,48.57363636363636,5.2727272727272725,14.12409090909091,0.20454545454545456,42,22,3,Balanced High-Performing Stores,0.7264972863627502,-1.1500407706549725
3779,FORT DODGE,6,359.29,35,59.88166666666667,5.833333333333333,10.76,0.0,6,5,1,Standard Neighbourhood Stores,-3.028966107135691,-1.2509831485027416
3782,GUTTENBERG,62,6190.57,459,99.84790322580645,7.403225806451613,15.64806451612903,0.20967741935483872,54,27,3,Balanced High-Performing Stores,1.9113975139767077,-0.8032033654669166
3783,POCAHONTAS,52,2726.96,238,52.441538461538464,4.576923076923077,13.338461538461539,0.1346153846153846,47,26,3,Balanced High-Performing Stores,1.0373010474800344,-1.5492494865309492
3784,INDEPENDENCE,73,4840.45,346,66.30753424657534,4.739726027397261,16.292465753424658,0.2602739726027397,60,28,3,Balanced High-Performing Stores,1.8430034034314486,-0.9210108981221653
3785,DES MOINES,27,1934.62,234,71.65259259259258,8.666666666666666,17.64222222222222,0.2962962962962963,27,15,3,Balanced High-Performing Stores,0.1898332422216967,-0.05778249902465499
3789,OSKALOOSA,52,8766.0,544,168.57692307692307,10.461538461538462,17.160384615384615,0.25,47,20,3,Balanced High-Performing Stores,1.866277462333553,0.052932831847282154
3790,MT PLEASANT,68,11830.92,762,173.98411764705884,11.205882352941176,17.48735294117647,0.25,54,24,3,Balanced High-Performing Stores,2.440889849753328,0.03208825980275248
3791,JEFFERSON,33,596.8,41,18.084848484848482,1.2424242424242424,13.973939393939393,0.15151515151515152,31,17,1,Standard Neighbourhood Stores,-0.9242730741347833,-1.542632178474413
3797,DAVENPORT,6,872.28,114,145.38,19.0,11.766666666666666,0.16666666666666666,6,6,1,Standard Neighbourhood Stores,-1.8870748147754406,0.41543376183805514
3798,HAWARDEN,6,867.18,60,144.53,10.0,14.593333333333334,0.16666666666666666,4,1,1,Standard Neighbourhood Stores,-2.5210660284817084,0.33097971786079095
3803,STRAWBERRY POINT,10,1192.26,102,119.226,10.2,12.371,0.2,9,7,1,Standard Neighbourhood Stores,-1.5066989356345357,-0.10055663287930026
3805,DAVENPORT,68,12043.23,1408,177.10632352941175,20.705882352941178,11.553088235294117,0.1323529411764706,59,29,3,Balanced High-Performing Stores,2.857398017553384,-0.4515837861202376
3806,WEST DES MOINES,70,15053.94,846,215.05628571428574,12.085714285714285,19.301714285714283,0.37142857142857144,61,33,2,Large High-Volume Stores,3.117901861303441,0.688701885711493
3808,LA PORTE CITY,38,2330.63,173,61.332368421052635,4.552631578947368,15.219210526315791,0.2631578947368421,36,21,3,Balanced High-Performing Stores,0.5390527414767653,-0.7726016288033668
3811,KEOKUK,58,9297.72,594,160.3055172413793,10.241379310344827,15.781206896551723,0.1896551724137931,44,22,3,Balanced High-Performing Stores,1.9446913225966413,-0.337513611709912
3813,MOUNT AYR,21,1883.58,124,89.69428571428571,5.904761904761905,15.273333333333333,0.2857142857142857,20,16,3,Balanced High-Performing Stores,-0.29093973563495945,-0.2514624321456657
3814,WEST DES MOINES,52,107507.42,5314,2067.450384615385,102.1923076923077,26.60173076923077,0.7115384615384616,40,21,4,Specialized Wholesale Stores,7.290325261805439,15.261550078644545
3816,RED OAK,41,4168.9,385,101.68048780487804,9.390243902439025,14.941219512195122,0.21951219512195122,40,20,3,Balanced High-Performing Stores,1.1563785838394098,-0.5354672050785838
3818,KNOXVILLE,179,6461.14,617,36.09575418994414,3.446927374301676,13.589441340782123,0.19553072625698323,146,41,2,Large High-Volume Stores,3.3099268197333322,-2.0058938640313655
3819,DECORAH,71,6780.13,575,95.49478873239437,8.098591549295774,14.858591549295776,0.18309859154929578,65,36,3,Balanced High-Performing Stores,2.4728391445551274,-1.1011760663333874
3820,SIOUX CITY,309,48706.03,3589,157.6246925566343,11.614886731391586,17.055016181229774,0.2912621359223301,264,57,2,Large High-Volume Stores,6.115387554792879,-0.7937858918079608
3822,SHUEYVILLE,38,2069.66,109,54.46473684210526,2.8684210526315788,21.631842105263157,0.42105263157894735,35,22,0,Premium Retail Stores,0.4905559443195027,0.16009310953648861
3825,DES MOINES,71,11617.42,1339,163.6256338028169,18.859154929577464,12.937605633802818,0.2112676056338028,62,23,3,Balanced High-Performing Stores,2.6790293156159652,-0.1692520171158648
3829,MOUNT VERNON,92,6730.21,504,73.15445652173914,5.478260869565218,13.560978260869565,0.06521739130434782,68,29,3,Balanced High-Performing Stores,2.158379668235715,-1.7957614282363268
3830,CRESTON,79,15493.68,828,196.12253164556964,10.481012658227849,19.78987341772152,0.3670886075949367,61,28,2,Large High-Volume Stores,2.9541469383153673,0.5923806475145502
3831,MADRID,52,3592.35,359,69.08365384615385,6.903846153846154,11.982115384615385,0.09615384615384616,44,18,3,Balanced High-Performing Stores,0.9748271284439843,-1.4915147798356472
3833,ATLANTIC,63,10412.16,678,165.27238095238096,10.761904761904763,17.046825396825398,0.2857142857142857,47,21,3,Balanced High-Performing Stores,2.1498150743030897,0.12486511026662767
3838,BETTENDORF,64,9303.57,612,145.36828125,9.5625,16.5778125,0.265625,59,28,3,Balanced High-Performing Stores,2.379867242604872,-0.2536259581571553
3841,DUBUQUE,55,2846.9500000000003,390,51.762727272727275,7.090909090909091,12.2,0.10909090909090909,52,31,3,Balanced High-Performing Stores,1.4820528714113854,-1.6988849641338397
3842,BANCROFT,128,16596.61,1066,129.661015625,8.328125,17.0853125,0.28125,108,41,2,Large High-Volume Stores,3.826272277439359,-0.6447318499890092
3845,OTHO,5,667.08,114,133.416,22.8,7.816,0.0,5,3,1,Standard Neighbourhood Stores,-2.356655645023066,-0.256934305857202
3847,WATERLOO,11,1873.1200000000001,398,170.28363636363636,36.18181818181818,7.393636363636364,0.0,11,6,1,Standard Neighbourhood Stores,-0.6145256119070464,0.2717440572090068
3849,DYERSVILLE,36,3353.61,204,93.15583333333333,5.666666666666667,16.038888888888888,0.2222222222222222,36,22,3,Balanced High-Performing Stores,0.7780397817861857,-0.6396737478580486
3853,DAVENPORT,20,1540.3,235,77.015,11.75,9.1795,0.1,18,11,1,Standard Neighbourhood Stores,-0.5159367490364283,-1.0758301246631663
3855,STORM LAKE,34,1398.06,119,41.11941176470588,3.5,12.813235294117646,0.11764705882352941,33,21,3,Balanced High-Performing Stores,-0.023956851035396878,-1.5805000069912214
3857,WAUKON,106,13761.42,904,129.82471698113207,8.528301886792454,16.375188679245284,0.24528301886792453,89,34,2,Large High-Volume Stores,3.2450132629386728,-0.6713916960710886
3858,DAVENPORT,78,5659.01,564,72.55141025641026,7.230769230769231,13.414102564102564,0.14102564102564102,69,31,3,Balanced High-Performing Stores,2.2078579535281713,-1.47769602568294
3859,INDEPENDENCE,42,10410.96,750,247.87999999999997,17.857142857142858,15.419285714285715,0.19047619047619047,36,20,3,Balanced High-Performing Stores,1.9527106175664102,0.5030429293734613
3866,AMES,19,3731.16,246,196.37684210526314,12.947368421052632,15.65684210526316,0.21052631578947367,19,15,3,Balanced High-Performing Stores,0.2685044281534483,0.39300814530617684
3868,MARION,138,24283.84,1508,175.96985507246376,10.927536231884059,17.59565217391304,0.2463768115942029,107,36,2,Large High-Volume Stores,4.007218748242505,-0.33227808056004515
3869,CORALVILLE,245,12164.73,774,49.65195918367347,3.159183673469388,17.63069387755102,0.30612244897959184,217,50,2,Large High-Volume Stores,4.3946968811109866,-1.4645566142805186
3870,ALTOONA,30,4933.2,270,164.44,9.0,20.567999999999998,0.4,28,17,3,Balanced High-Performing Stores,0.9327745670210545,0.944032808063042
3871,WEST DES MOINES,31,5604.3,288,180.78387096774193,9.290322580645162,20.82,0.5161290322580645,30,21,3,Balanced High-Performing Stores,1.2932041509814127,1.382147960612894
3872,DUBUQUE,19,3936.12,204,207.16421052631577,10.736842105263158,19.88157894736842,0.42105263157894735,18,12,0,Premium Retail Stores,0.25629867852961297,1.4328373101484202
3873,CORALVILLE,39,7577.0,407,194.28205128205127,10.435897435897436,21.35948717948718,0.4358974358974359,34,21,3,Balanced High-Performing Stores,1.666792058344584,1.2194972694025528
3876,MANSON,15,1360.3899999999999,95,90.69266666666665,6.333333333333333,13.652,0.26666666666666666,14,13,1,Standard Neighbourhood Stores,-0.9338798901663011,-0.28356128067569303
3877,DES MOINES,48,8415.3,516,175.31875,10.75,18.149375,0.4166666666666667,40,21,3,Balanced High-Performing Stores,1.8891747675955182,0.7661104515176927
3878,CEDAR FALLS,11,1488.3000000000002,126,135.3,11.454545454545455,14.42818181818182,0.2727272727272727,11,8,1,Standard Neighbourhood Stores,-1.0899834203655672,0.39006675062208435
3879,SIOUX CITY,44,8098.22,419,184.05045454545456,9.522727272727273,21.77409090909091,0.5681818181818182,38,25,3,Balanced High-Performing Stores,2.0154727751219736,1.5259561119703504
3880,COUNCIL BLUFFS,29,4929.18,277,169.97172413793103,9.551724137931034,23.14103448275862,0.3448275862068966,27,17,3,Balanced High-Performing Stores,0.9141870244315032,1.028526906983822
3881,MARSHALLTOWN,94,20210.73,989,215.0077659574468,10.52127659574468,24.842340425531912,0.5212765957446809,74,31,2,Large High-Volume Stores,3.562671380054722,1.5161895490987685
3882,DAVENPORT,31,2045.1699999999998,294,65.97322580645161,9.483870967741936,12.03225806451613,0.0967741935483871,22,14,3,Balanced High-Performing Stores,0.04215036653619387,-1.145252943622191
3885,INDEPENDENCE,6,230.60999999999999,23,38.434999999999995,3.8333333333333335,13.126666666666665,0.16666666666666666,6,5,1,Standard Neighbourhood Stores,-3.2552833211275045,-0.7030212208330303
3886,ANAMOSA,55,10943.039999999999,612,198.96436363636363,11.127272727272727,18.62127272727273,0.36363636363636365,48,20,3,Balanced High-Performing Stores,2.156835504396357,0.7145941867712872
3888,GRINNELL,42,8942.7,534,212.92142857142858,12.714285714285714,16.98761904761905,0.2857142857142857,37,23,3,Balanced High-Performing Stores,1.8750930240865156,0.5060723850047928
3889,WAVERLY,63,11420.94,696,181.28476190476192,11.047619047619047,17.309841269841268,0.2857142857142857,48,24,3,Balanced High-Performing Stores,2.337047106992171,0.195339661252941
3890,CEDAR RAPIDS,127,5263.53,861,41.445118110236216,6.7795275590551185,10.107716535433072,0.08661417322834646,97,27,3,Balanced High-Performing Stores,2.4487232209360124,-2.190031235744604
3891,EMMETSBURG,5,482.4,25,96.47999999999999,5.0,23.826,0.6,4,4,0,Premium Retail Stores,-2.747267092078978,2.0604452201424284
3894,CEDAR RAPIDS,23,1023.47,197,44.498695652173915,8.565217391304348,7.678260869565217,0.08695652173913043,21,10,1,Standard Neighbourhood Stores,-0.7347707587318374,-1.590248739624028
3896,IOWA CITY,87,5601.17,1119,64.38126436781609,12.862068965517242,8.419310344827586,0.05747126436781609,68,22,3,Balanced High-Performing Stores,2.1130566939942743,-1.8466029849113548
3899,WEST DES MOINES,134,24869.88,1667,185.5961194029851,12.440298507462687,16.10268656716418,0.19402985074626866,107,36,2,Large High-Volume Stores,4.018527813296046,-0.5090490522199351
3901,FORT DODGE,14,2256.24,122,161.16,8.714285714285714,20.19214285714286,0.35714285714285715,13,13,0,Premium Retail Stores,-0.4822088113593389,1.0163375842632427
3906,BURLINGTON,11,252.53,51,22.957272727272727,4.636363636363637,7.654545454545455,0.09090909090909091,10,9,1,Standard Neighbourhood Stores,-2.4609429318060876,-1.6541363127370428
3907,MUSCATINE,80,2761.69,401,34.521125,5.0125,8.679,0.0625,64,26,3,Balanced High-Performing Stores,1.449392302236637,-2.358305243664593
3908,FORT MADISON,19,2568.6,192,135.18947368421053,10.105263157894736,13.085263157894737,0.10526315789473684,16,13,1,Standard Neighbourhood Stores,-0.3047860510788906,-0.5366539815372627
3909,MELCHER-DALLAS,36,6243.33,343,173.42583333333334,9.527777777777779,18.825277777777778,0.3888888888888889,31,21,3,Balanced High-Performing Stores,1.3666344277059268,0.7437235208947227
3910,RIVERSIDE,22,5657.46,237,257.15727272727275,10.772727272727273,27.476363636363637,0.5909090909090909,19,14,0,Premium Retail Stores,0.8501774743704579,2.7977861261193944
3911,WILLIAMSBURG,12,512.43,46,42.70249999999999,3.8333333333333335,11.974166666666667,0.16666666666666666,12,11,1,Standard Neighbourhood Stores,-1.9483116003334655,-1.0363943057058966
3912,CEDAR RAPIDS,102,3898.55,738,38.221078431372554,7.235294117647059,10.255490196078432,0.12745098039215685,79,29,3,Balanced High-Performing Stores,2.194016678070653,-1.9943671240860603
3915,SAC CITY,10,515.58,42,51.55800000000001,4.2,13.009,0.3,9,8,1,Standard Neighbourhood Stores,-2.17153944431126,-0.3359453694719842
3916,OTTUMWA,79,2941.79,443,37.237848101265826,5.6075949367088604,9.522151898734178,0.06329113924050633,63,29,3,Balanced High-Performing Stores,1.6233629643519285,-2.275669415111444
3917,DAVENPORT,128,9232.61,1241,72.129765625,9.6953125,10.959453125,0.09375,104,29,3,Balanced High-Performing Stores,2.976065610792896,-1.8387693791643138
3918,DAVENPORT,58,3080.97,540,53.1201724137931,9.310344827586206,9.375344827586206,0.06896551724137931,47,20,3,Balanced High-Performing Stores,1.1789129089895296,-1.8127503581780227
3920,CLINTON,122,5386.83,565,44.15434426229508,4.631147540983607,13.79811475409836,0.16393442622950818,100,32,3,Balanced High-Performing Stores,2.548130830277672,-1.7735861157320012
3925,NORTH LIBERTY,25,3491.19,232,139.6476,9.28,14.8452,0.12,24,15,3,Balanced High-Performing Stores,0.26697124101381187,-0.4903462200904287
3926,IOWA CITY,95,18918.01,1546,199.13694736842103,16.273684210526316,14.079263157894736,0.21052631578947367,86,29,2,Large High-Volume Stores,3.432957738902787,-0.20504677114569952
3928,NORTH LIBERTY,98,4185.76,589,42.71183673469388,6.010204081632653,11.399183673469386,0.11224489795918367,81,28,3,Balanced High-Performing Stores,2.089671828614437,-1.9724198813455873
3929,WATERLOO,6,336.23,43,56.038333333333334,7.166666666666667,12.99,0.16666666666666666,6,5,1,Standard Neighbourhood Stores,-2.841135381075816,-0.4676555920274605
3930,ST LUCAS,29,5610.52,248,193.46620689655174,8.551724137931034,24.002758620689658,0.4827586206896552,20,14,0,Premium Retail Stores,0.7962032121785243,1.7106988473227098
3932,MAPLETON,122,8615.25,588,70.61680327868852,4.819672131147541,15.682213114754099,0.23770491803278687,108,38,2,Large High-Volume Stores,3.0874710306514292,-1.3112072568139257
3934,MAQUOKETA,64,13447.8,840,210.121875,13.125,16.40953125,0.203125,48,25,3,Balanced High-Performing Stores,2.50382538148034,0.062064051144304626
3942,TOLEDO,145,13336.210000000001,967,91.97386206896553,6.6689655172413795,14.742,0.18620689655172415,130,47,2,Large High-Volume Stores,3.9188763030972016,-1.5318514949235358
3943,NEVADA,123,5591.99,628,45.46333333333333,5.105691056910569,11.56479674796748,0.11382113821138211,94,34,3,Balanced High-Performing Stores,2.6001403553318365,-2.1078637003502374
3944,DUBUQUE,75,52984.73,3155,706.4630666666667,42.06666666666667,20.011599999999998,0.4266666666666667,60,33,2,Large High-Volume Stores,5.045620930034192,4.573714657237364
3947,BROOKLYN,25,1707.62,134,68.3048,5.36,14.065199999999999,0.24,24,17,3,Balanced High-Performing Stores,-0.18176115633649892,-0.6995170863142626
3949,PELLA,42,7264.5599999999995,432,172.96571428571428,10.285714285714286,17.988333333333333,0.3333333333333333,36,27,3,Balanced High-Performing Stores,1.8200086934302757,0.4058498912049539
3950,STATE CENTER,22,497.43,55,22.610454545454544,2.5,8.826818181818181,0.0,20,13,1,Standard Neighbourhood Stores,-1.5262922716072844,-2.2129405595383367
3952,BETTENDORF,260,82666.96,4775,317.9498461538462,18.365384615384617,20.514499999999998,0.4269230769230769,155,45,2,Large High-Volume Stores,6.049933567683334,1.2567378183867897
3957,EDGEWOOD,16,884.94,78,55.30875,4.875,11.9925,0.1875,15,7,1,Standard Neighbourhood Stores,-1.4494270711277624,-0.8778505358832496
3959,DUBUQUE,39,2218.79,238,56.892051282051284,6.102564102564102,11.13205128205128,0.07692307692307693,39,20,3,Balanced High-Performing Stores,0.4984570832934552,-1.6875202258076862
3962,HARLAN,19,889.49,81,46.81526315789474,4.2631578947368425,10.664736842105263,0.05263157894736842,17,9,1,Standard Neighbourhood Stores,-1.352088996181332,-1.5781758232365235
3963,COUNCIL BLUFFS,69,3801.14,430,55.08898550724638,6.231884057971015,9.961594202898551,0.057971014492753624,54,24,3,Balanced High-Performing Stores,1.4252048638958235,-2.030066336662278
3964,SIOUX RAPIDS,44,2592.11,161,58.91159090909091,3.659090909090909,16.398636363636363,0.22727272727272727,36,22,3,Balanced High-Performing Stores,0.6274179358731359,-0.8822194601959638
3968,MONROE,6,290.82,30,48.47,5.0,11.780000000000001,0.0,6,5,1,Standard Neighbourhood Stores,-3.1731385974350865,-1.2661076585804076
3970,NEVADA,22,1812.6899999999998,105,82.395,4.7727272727272725,18.298181818181817,0.3181818181818182,22,16,0,Premium Retail Stores,-0.27336656930785036,-0.007517076295985199
3972,HUBBARD,9,295.48,26,32.83111111111111,2.888888888888889,12.016666666666667,0.1111111111111111,9,9,1,Standard Neighbourhood Stores,-2.7186876745947695,-1.2110500711909158
3973,AMES,67,8725.94,862,130.2379104477612,12.865671641791044,17.037462686567164,0.22388059701492538,51,31,3,Balanced High-Performing Stores,2.536562558351836,-0.2887249280161761
3976,NORTH ENGLISH,6,177.85,14,29.641666666666666,2.3333333333333335,12.515,0.16666666666666666,6,6,1,Standard Neighbourhood Stores,-3.5186967182360056,-0.8798631947206734
3980,IOWA CITY,116,20388.66,1416,175.76431034482758,12.206896551724139,14.99405172413793,0.1896551724137931,93,32,2,Large High-Volume Stores,3.585360014935725,-0.5787894191042627
3981,SIOUX CENTER,79,14364.36,837,181.8273417721519,10.594936708860759,18.647974683544305,0.31645569620253167,63,25,3,Balanced High-Performing Stores,2.775617632437712,0.29823766598778617
3986,SIOUX CITY,44,3901.3199999999997,226,88.66636363636363,5.136363636363637,17.017045454545453,0.3181818181818182,44,22,3,Balanced High-Performing Stores,1.1077196076556062,-0.34542615470578253
3987,ALGONA,55,9474.24,734,172.2589090909091,13.345454545454546,16.136363636363637,0.3090909090909091,50,26,3,Balanced High-Performing Stores,2.3352430725326485,0.23400197558475563
3989,CHEROKEE,25,2728.4700000000003,272,109.1388,10.88,12.2212,0.08,22,15,3,Balanced High-Performing Stores,0.12248522286962665,-0.8920363027656621
3990,OSKALOOSA,197,14635.94,1133,74.2941116751269,5.751269035532995,17.121472081218272,0.27918781725888325,177,49,2,Large High-Volume Stores,4.411472482001348,-1.2758569441176875
3993,WATERLOO,132,17625.68,1947,133.5278787878788,14.75,15.506515151515151,0.21212121212121213,110,36,2,Large High-Volume Stores,3.91910598728082,-0.6330337006753312
3994,ARNOLDS PARK,22,1827.36,139,83.06181818181818,6.318181818181818,13.72409090909091,0.18181818181818182,22,13,1,Standard Neighbourhood Stores,-0.39374319706577915,-0.7271221085351212
3995,CEDAR FALLS,35,6432.43,488,183.7837142857143,13.942857142857143,16.811714285714285,0.3142857142857143,30,25,3,Balanced High-Performing Stores,1.6140403052242196,0.5489259947686641
3997,OSCEOLA,27,4101.42,267,151.90444444444444,9.88888888888889,15.259629629629629,0.14814814814814814,26,15,3,Balanced High-Performing Stores,0.48913226069175814,-0.29977627371699084
4000,WOODBINE,65,2991.1,233,46.01692307692308,3.5846153846153848,11.803230769230769,0.03076923076923077,53,24,3,Balanced High-Performing Stores,1.0415720927345902,-2.1293935723651036
4001,CARROLL,56,10360.619999999999,576,185.0110714285714,10.285714285714286,18.508035714285715,0.32142857142857145,45,23,3,Balanced High-Performing Stores,2.1476599203853626,0.4327827174001566
4004,AMES,113,21385.62,1376,189.25327433628317,12.176991150442477,17.570176991150444,0.3008849557522124,98,31,2,Large High-Volume Stores,3.682535356955026,0.07120984188783541
4005,LANSING,21,441.76,39,21.036190476190477,1.8571428571428572,11.146190476190476,0.047619047619047616,20,14,1,Standard Neighbourhood Stores,-1.6314685974253529,-1.9077070354258476
4006,LARCHWOOD,26,5205.92,301,200.2276923076923,11.576923076923077,17.958076923076923,0.23076923076923078,23,17,3,Balanced High-Performing Stores,0.7800683774318418,0.5030596391013509
4007,OSSIAN,11,660.88,47,60.08,4.2727272727272725,14.013636363636364,0.09090909090909091,9,7,1,Standard Neighbourhood Stores,-2.1514065721213234,-0.9116766268898467
4008,ANTHON,24,1418.65,94,59.11041666666667,3.9166666666666665,15.987083333333333,0.25,20,15,1,Standard Neighbourhood Stores,-0.5492513494785853,-0.5630622912902958
4010,GLENWOOD,5,576.6,48,115.32000000000001,9.6,12.48,0.0,5,4,1,Standard Neighbourhood Stores,-2.794282662277457,-0.604747242069638
4011,ALBIA,62,9572.02,604,154.38741935483873,9.741935483870968,17.27225806451613,0.3064516129032258,52,24,3,Balanced High-Performing Stores,2.215824752478444,0.06370725372641511
4012,DES MOINES,31,2069.94,284,66.77225806451614,9.161290322580646,11.20516129032258,0.0967741935483871,29,18,3,Balanced High-Performing Stores,0.29085846987806663,-1.3168895325389354
4013,TIPTON,32,3730.68,288,116.58375,9.0,14.190312500000001,0.15625,25,10,3,Balanced High-Performing Stores,0.29729333375161593,-0.5251261394019286
4014,DENISON,61,8457.48,634,138.6472131147541,10.39344262295082,14.145901639344261,0.14754098360655737,51,26,3,Balanced High-Performing Stores,2.0983361935773983,-0.7851033514660679
4015,AMES,67,11501.5,738,171.66417910447763,11.014925373134329,16.098358208955222,0.26865671641791045,56,27,3,Balanced High-Performing Stores,2.530730702779615,-0.07645101712056614
4016,CONRAD,7,531.28,33,75.89714285714285,4.714285714285714,17.158571428571427,0.42857142857142855,7,5,0,Premium Retail Stores,-2.4392498315813422,0.6971162887709048
4018,GLADBROOK,6,726.88,52,121.14666666666666,8.666666666666666,13.223333333333334,0.3333333333333333,6,6,1,Standard Neighbourhood Stores,-2.2501703641620696,0.4905304720915526
4019,MANCHESTER,54,10675.8,642,197.7,11.88888888888889,17.815,0.3333333333333333,46,21,3,Balanced High-Performing Stores,2.1528818179671085,0.5756832193369085
4021,FAIRFIELD,64,11720.7,807,183.1359375,12.609375,15.36703125,0.234375,54,26,3,Balanced High-Performing Stores,2.4988815932867747,-0.09814632197342492
4023,BOONE,67,11525.94,714,172.02895522388062,10.656716417910447,16.551492537313433,0.23880597014925373,49,21,3,Balanced High-Performing Stores,2.223811102687609,-0.062251214504370975
4024,IOWA FALLS,44,7368.06,426,167.4559090909091,9.681818181818182,18.151363636363637,0.29545454545454547,32,18,3,Balanced High-Performing Stores,1.4255744976326057,0.35653710241460024
4025,BELLE PLAINE,48,3997.21,420,83.27520833333334,8.75,12.948749999999999,0.16666666666666666,48,27,3,Balanced High-Performing Stores,1.4933302363791756,-1.1287597237577056
4027,CENTERVILLE,53,7914.96,578,149.3388679245283,10.90566037735849,13.84,0.16981132075471697,43,22,3,Balanced High-Performing Stores,1.7871216100516047,-0.5649634141209383
4030,LAKE PARK,6,535.92,38,89.32,6.333333333333333,12.186666666666667,0.16666666666666666,5,3,1,Standard Neighbourhood Stores,-2.834609425558585,-0.3539711084294034
4034,POSTVILLE,5,343.32,32,68.664,6.4,12.546000000000001,0.2,5,5,1,Standard Neighbourhood Stores,-3.0536035898236014,-0.31459440279300255
4036,WATERLOO,5,325.46000000000004,70,65.09200000000001,14.0,6.442,0.0,5,3,1,Standard Neighbourhood Stores,-2.9817785863423887,-1.1188916484872513
4042,GLENWOOD,9,970.95,54,107.88333333333334,6.0,24.046666666666667,0.5555555555555556,9,6,0,Premium Retail Stores,-1.6013169858080019,1.8147184167501857
4043,BURLINGTON,9,830.78,135,92.30888888888889,15.0,9.303333333333335,0.1111111111111111,9,8,1,Standard Neighbourhood Stores,-1.615656314833131,-0.5489835797485805
4044,BURLINGTON,7,553.33,79,79.04714285714286,11.285714285714286,10.99,0.2857142857142857,7,6,1,Standard Neighbourhood Stores,-2.1571184717379315,0.027491184032091456
4046,CENTERVILLE,28,910.96,106,32.534285714285716,3.7857142857142856,14.391071428571427,0.25,26,17,3,Balanced High-Performing Stores,-0.463020748625986,-0.9289676235224946
4051,MAQUOKETA,60,11104.29,711,185.07150000000001,11.85,13.930166666666667,0.13333333333333333,51,22,3,Balanced High-Performing Stores,2.1494541998928622,-0.5159153229083323
4057,DES MOINES,148,18586.53,1319,125.58466216216216,8.912162162162161,22.35648648648649,0.3783783783783784,133,37,2,Large High-Volume Stores,4.075892305740124,0.10640146199317907
4062,DES MOINES,36,3338.42,559,92.73388888888888,15.527777777777779,12.395277777777778,0.16666666666666666,35,24,3,Balanced High-Performing Stores,1.2317217731403505,-0.6786286287810281
4067,WELLMAN,52,3179.88,258,61.151538461538465,4.961538461538462,16.143076923076922,0.23076923076923078,46,23,3,Balanced High-Performing Stores,1.1091262798629076,-0.8976212430453921
4068,WEST DES MOINES,84,7453.5599999999995,936,88.73285714285714,11.142857142857142,12.977023809523809,0.14285714285714285,75,30,3,Balanced High-Performing Stores,2.584563940429564,-1.256718060366502
4069,OTTUMWA,50,5872.88,383,117.4576,7.66,18.451,0.28,47,26,3,Balanced High-Performing Stores,1.7316028217496742,-0.17833476457616482
4070,BELLE PLAINE,90,6443.16,354,71.59066666666666,3.933333333333333,19.26233333333333,0.3333333333333333,82,37,3,Balanced High-Performing Stores,2.5900091341491716,-0.6332215491156533
4072,DAVENPORT,12,882.24,174,73.52,14.5,11.341666666666667,0.25,11,9,1,Standard Neighbourhood Stores,-1.1838089418831765,-0.11262016751488432
4073,FOREST CITY,116,26802.06,1675,231.05224137931035,14.439655172413794,17.429137931034482,0.2672413793103448,89,35,2,Large High-Volume Stores,4.001808187865973,0.2127228057899391
4075,WATERLOO,10,894.0600000000001,204,89.406,20.4,6.548,0.0,10,6,1,Standard Neighbourhood Stores,-1.4735270801988303,-0.9092646117174571
4076,DAVENPORT,9,390.97,77,43.44111111111111,8.555555555555555,12.26,0.2222222222222222,8,7,1,Standard Neighbourhood Stores,-2.2033057025320493,-0.4573324201445133
4077,WATERLOO,32,3200.24,550,100.0075,17.1875,9.3675,0.09375,29,15,3,Balanced High-Performing Stores,0.6980946380806224,-0.9013347509340007
4080,CEDAR FALLS,10,309.79,49,30.979000000000003,4.9,9.425,0.1,10,7,1,Standard Neighbourhood Stores,-2.475958607840867,-1.3850051516794737
4081,STORY CITY,23,1235.99,125,53.73869565217392,5.434782608695652,11.087391304347825,0.08695652173913043,22,14,1,Standard Neighbourhood Stores,-0.6528286525489795,-1.4656708423011011
4083,ANKENY,132,13834.3,783,104.80530303030302,5.931818181818182,16.446590909090908,0.21212121212121213,115,42,2,Large High-Volume Stores,3.6187385236925294,-1.185829031282326
4084,ANKENY,47,9559.470000000001,543,203.39297872340427,11.553191489361701,17.893617021276597,0.3404255319148936,45,23,3,Balanced High-Performing Stores,2.0628339138985163,0.6156936178125794
4085,WATERLOO,14,1427.1599999999999,299,101.93999999999998,21.357142857142858,12.617142857142857,0.21428571428571427,12,10,1,Standard Neighbourhood Stores,-0.5806573473576544,0.2904576871637085
4090,WINTHROP,8,937.01,56,117.12625,7.0,17.89625,0.375,8,7,0,Premium Retail Stores,-1.816022775781761,0.8214908158902239
4091,CLEAR LAKE,75,12073.77,871,160.9836,11.613333333333333,16.359866666666665,0.21333333333333335,69,34,2,Large High-Volume Stores,2.9663461646740195,-0.3967786428003903
4092,NORWALK,43,14570.380000000001,918,338.84604651162795,21.348837209302324,16.064883720930233,0.2558139534883721,41,19,3,Balanced High-Performing Stores,2.3802137589950454,1.3417135675543448
4093,FORT DODGE,16,741.01,66,46.313125,4.125,15.60625,0.25,16,13,1,Standard Neighbourhood Stores,-1.2716667113183862,-0.5374367436732965
4095,WATERLOO,11,1024.92,141,93.17454545454547,12.818181818181818,10.581818181818182,0.18181818181818182,11,8,1,Standard Neighbourhood Stores,-1.3211560619303078,-0.3639215154927395
4097,SCHLESWIG,40,2227.5,131,55.6875,3.275,17.484,0.3,32,26,3,Balanced High-Performing Stores,0.5974987786524522,-0.5968549830143383
4098,WASHINGTON,42,6841.38,454,162.89000000000001,10.80952380952381,16.62333333333333,0.23809523809523808,36,18,3,Balanced High-Performing Stores,1.4080264706739105,0.05774767765577029
4101,CAMBRIDGE,7,141.51,16,20.215714285714284,2.2857142857142856,12.515714285714285,0.14285714285714285,7,7,1,Standard Neighbourhood Stores,-3.4257834713561364,-1.0731762568789165
4102,AMES,65,7033.73,462,108.21123076923077,7.107692307692307,16.142,0.24615384615384617,61,27,3,Balanced High-Performing Stores,2.0720391649625225,-0.6415501350962335
4103,AMES,62,7548.3,559,121.74677419354839,9.016129032258064,16.17016129032258,0.1774193548387097,59,27,3,Balanced High-Performing Stores,2.124470305121894,-0.7047995469411198
4104,MASON CITY,27,7023.110000000001,580,260.1151851851852,21.48148148148148,16.687407407407406,0.3333333333333333,25,16,3,Balanced High-Performing Stores,1.373821435052823,1.4839815644349774
4105,NEVADA,72,5843.65,403,81.16180555555555,5.597222222222222,16.28944444444444,0.2638888888888889,59,31,3,Balanced High-Performing Stores,2.092191075039111,-0.8260789100209484
4106,DUBUQUE,30,1276.4,120,42.54666666666667,4.0,12.161333333333335,0.13333333333333333,29,21,3,Balanced High-Performing Stores,-0.15490271804577083,-1.511353990680263
4107,BOONE,96,10470.53,641,109.06802083333334,6.677083333333333,18.733229166666664,0.3333333333333333,82,37,2,Large High-Volume Stores,3.082627043331896,-0.376460372203545
4108,DES MOINES,38,5909.71,487,155.51868421052632,12.81578947368421,14.372105263157895,0.18421052631578946,34,15,3,Balanced High-Performing Stores,1.1565586483746684,-0.18689163379140947
4109,DES MOINES,16,354.36,52,22.1475,3.25,8.462499999999999,0.0625,16,8,1,Standard Neighbourhood Stores,-2.0379703580708193,-1.8647963795385736
4110,PARKERSBURG,38,4763.55,369,125.35657894736842,9.710526315789474,16.866315789473685,0.13157894736842105,29,17,3,Balanced High-Performing Stores,0.8997288732099418,-0.447189012450659
4112,NORTH LIBERTY,11,2757.8399999999997,194,250.71272727272725,17.636363636363637,15.952727272727271,0.2727272727272727,11,8,1,Standard Neighbourhood Stores,-0.4848952356451713,1.341059740062577
4114,ATLANTIC,36,3391.31,207,94.20305555555555,5.75,19.00111111111111,0.3611111111111111,33,19,3,Balanced High-Performing Stores,0.7608548116513586,0.12629918744576535
4116,LAKE VIEW,15,1186.25,106,79.08333333333333,7.066666666666666,16.465333333333334,0.26666666666666666,15,9,1,Standard Neighbourhood Stores,-1.037763309508008,-0.04397043984220188
4117,ARNOLDS PARK,9,374.74,29,41.63777777777778,3.2222222222222223,12.917777777777777,0.0,9,9,1,Standard Neighbourhood Stores,-2.641588111857077,-1.4487762950542726
4118,LAKE VIEW,26,3428.18,229,131.8530769230769,8.807692307692308,13.459999999999999,0.11538461538461539,24,15,3,Balanced High-Performing Stores,0.24074983587224874,-0.681942787981328
4119,CEDAR FALLS,16,3406.02,185,212.87625,11.5625,19.2675,0.375,16,13,0,Premium Retail Stores,0.06078377612780563,1.3237518706906857
4125,WAPELLO,29,1291.29,122,44.52724137931035,4.206896551724138,11.854482758620689,0.034482758620689655,29,15,1,Standard Neighbourhood Stores,-0.4383995496703966,-1.7743812096635505
4126,SOLON,46,6340.14,525,137.82913043478263,11.41304347826087,15.449565217391303,0.21739130434782608,42,21,3,Balanced High-Performing Stores,1.6002203878362964,-0.26985371518919243
4129,AMES,451,39241.96,2072,87.0109977827051,4.594235033259423,21.822815964523283,0.3902439024390244,398,55,2,Large High-Volume Stores,6.0693105156088345,-0.8398996426187464
4130,KEOSAUQUA,16,2025.99,141,126.624375,8.8125,14.5625,0.0625,14,9,1,Standard Neighbourhood Stores,-0.814747985768741,-0.5712039519267773
4131,URBANDALE,66,10491.11,767,158.95621212121213,11.621212121212121,16.637878787878787,0.24242424242424243,53,23,3,Balanced High-Performing Stores,2.313600541647837,-0.09348903074140187
4132,CAMANCHE,24,2257.88,270,94.07833333333333,11.25,12.531666666666666,0.125,24,17,3,Balanced High-Performing Stores,0.16126574528954274,-0.8033650678875688
4133,WEBSTER CITY,13,1201.69,110,92.43769230769232,8.461538461538462,12.146923076923077,0.07692307692307693,12,9,1,Standard Neighbourhood Stores,-1.308753546971392,-0.8463019263437775
4134,PLEASANTVILLE,18,742.17,76,41.23166666666666,4.222222222222222,13.515,0.16666666666666666,16,13,1,Standard Neighbourhood Stores,-1.2506791024960908,-1.0253476171353286
4135,ALTOONA,56,9866.87,733,176.19410714285715,13.089285714285714,15.514107142857142,0.16071428571428573,51,22,3,Balanced High-Performing Stores,2.12234233821363,-0.2689059892512813
4136,GRIMES,65,12737.75,751,195.9653846153846,11.553846153846154,21.91630769230769,0.3230769230769231,61,30,2,Large High-Volume Stores,2.838220339894882,0.6692031278801648
4137,WAUKEE,59,7039.98,453,119.32169491525423,7.677966101694915,16.973728813559323,0.3050847457627119,51,26,3,Balanced High-Performing Stores,1.9716073312595763,-0.24023731347250668
4138,INDIANOLA,46,6420.27,431,139.57108695652175,9.369565217391305,15.906739130434783,0.2826086956521739,36,25,3,Balanced High-Performing Stores,1.6360964984957898,-0.12140088558114015
4139,DES MOINES,15,1834.68,248,122.312,16.533333333333335,12.709333333333332,0.13333333333333333,15,9,1,Standard Neighbourhood Stores,-0.542848480048675,-0.14102752000023355
4140,DES MOINES,66,7528.04,738,114.06121212121212,11.181818181818182,15.541212121212121,0.24242424242424243,61,22,3,Balanced High-Performing Stores,2.134081300112912,-0.42749206935700745
4141,DES MOINES,11,1121.04,98,101.91272727272727,8.909090909090908,12.55818181818182,0.18181818181818182,10,8,1,Standard Neighbourhood Stores,-1.4695916950286692,-0.33065023174525127
4143,LAWLER,30,5859.87,342,195.329,11.4,18.115333333333336,0.4,26,16,3,Balanced High-Performing Stores,1.051313014332581,1.0264034186998054
4144,CHARLES CITY,5,162.1,34,32.42,6.8,6.272,0.0,5,5,1,Standard Neighbourhood Stores,-3.5364707599664773,-1.6683225655940555
4146,WAVERLY,72,4616.8,360,64.12222222222222,5.0,15.49638888888889,0.1527777777777778,61,25,3,Balanced High-Performing Stores,1.6560964138070589,-1.3124747885925536
4147,CEDAR FALLS,91,11506.27,887,126.44252747252747,9.747252747252746,16.476373626373626,0.16483516483516483,80,32,2,Large High-Volume Stores,2.9424958062177833,-0.8300087965265315
4148,INDEPENDENCE,86,14345.310000000001,772,166.80593023255815,8.976744186046512,19.761162790697675,0.313953488372093,79,32,2,Large High-Volume Stores,3.113405752644461,0.1010055568107839
4149,DENISON,28,7578.29,344,270.6532142857143,12.285714285714286,18.835714285714285,0.2857142857142857,25,17,3,Balanced High-Performing Stores,1.1746244568540845,1.0913966799362702
4150,WATERLOO,55,8206.279999999999,565,149.2050909090909,10.272727272727273,18.925090909090912,0.36363636363636365,52,27,3,Balanced High-Performing Stores,2.2440702532658476,0.37179387264649394
4152,MISSOURI VALLEY,199,8714.22,610,43.790050251256275,3.0653266331658293,15.311306532663316,0.21105527638190955,173,42,2,Large High-Volume Stores,3.608002059694656,-1.8452373628718701
4153,EVANSDALE,60,4219.84,308,70.33066666666667,5.133333333333334,14.961833333333335,0.26666666666666666,55,26,3,Balanced High-Performing Stores,1.5530139190390069,-0.9034756014970626
4154,HIAWATHA,51,5853.84,385,114.78117647058824,7.549019607843137,14.78607843137255,0.17647058823529413,41,22,3,Balanced High-Performing Stores,1.4265475869706674,-0.7733714649458128
4155,MARION,36,4528.8,361,125.80000000000001,10.027777777777779,14.50111111111111,0.08333333333333333,32,19,3,Balanced High-Performing Stores,0.9154946917915742,-0.8166732773702489
4156,OELWEIN,81,7911.599999999999,625,97.67407407407407,7.716049382716049,14.837407407407406,0.20987654320987653,72,35,3,Balanced High-Performing Stores,2.643202812078042,-1.0442045916760367
4157,NORTH LIBERTY,71,8132.67,455,114.54464788732395,6.408450704225352,15.923098591549294,0.23943661971830985,63,30,3,Balanced High-Performing Stores,2.2753926345210167,-0.7366717176937341
4158,CARROLL,50,3578.78,272,71.57560000000001,5.44,15.936399999999999,0.22,46,21,3,Balanced High-Performing Stores,1.0910173491625499,-0.847338937741071
4159,COUNCIL BLUFFS,37,5418.0199999999995,335,146.43297297297295,9.054054054054054,16.320810810810812,0.2972972972972973,34,24,3,Balanced High-Performing Stores,1.3453144939052208,0.030015492693680812
4160,IOWA CITY,45,5734.58,369,127.43511111111111,8.2,17.581777777777777,0.4,42,25,3,Balanced High-Performing Stores,1.6630344221618243,0.27359946318865036
4161,IOWA CITY,45,4833.9,360,107.41999999999999,8.0,13.806,0.13333333333333333,39,22,3,Balanced High-Performing Stores,1.2133324486449073,-0.9864256722250657
4162,CEDAR RAPIDS,52,5928.3,404,114.00576923076923,7.769230769230769,16.666153846153847,0.21153846153846154,49,26,3,Balanced High-Performing Stores,1.725276055075296,-0.5770444250407424
4163,STORM LAKE,30,5451.37,372,181.71233333333333,12.4,15.793000000000001,0.26666666666666666,29,15,3,Balanced High-Performing Stores,0.9520726242253287,0.3670030537566002
4164,BETTENDORF,31,2253.04,231,72.67870967741935,7.451612903225806,14.02516129032258,0.16129032258064516,29,16,3,Balanced High-Performing Stores,0.2335658821499061,-0.8985851060513237
4165,ANKENY,49,2095.0,118,42.755102040816325,2.4081632653061225,20.31612244897959,0.4489795918367347,46,21,3,Balanced High-Performing Stores,0.7056788221523869,-0.003876011960528403
4166,JESUP,37,1894.92,126,51.21405405405405,3.4054054054054053,16.12027027027027,0.2972972972972973,33,18,3,Balanced High-Performing Stores,0.19527377702740323,-0.6349426976257075
4167,DUBUQUE,195,34668.67,2254,177.78805128205127,11.558974358974359,28.05148717948718,0.27692307692307694,156,46,2,Large High-Volume Stores,5.104537025723796,0.42273832600753497
4169,DES MOINES,157,11471.18,1290,73.06484076433121,8.21656050955414,16.44089171974522,0.2229299363057325,140,32,2,Large High-Volume Stores,3.5279581879924273,-1.1408550205132597
4170,WEST BRANCH,39,789.3000000000001,90,20.23846153846154,2.3076923076923075,10.545897435897436,0.02564102564102564,39,26,3,Balanced High-Performing Stores,-0.13851771157369727,-2.3535116918580887
4171,CASCADE,52,6211.26,409,119.4473076923077,7.865384615384615,15.881730769230769,0.25,37,17,3,Balanced High-Performing Stores,1.3186797895393945,-0.3267669246462217
4172,ALDEN,23,1757.8,124,76.42608695652174,5.391304347826087,14.68608695652174,0.13043478260869565,21,14,1,Standard Neighbourhood Stores,-0.45611873004397474,-0.9075525220341774
4173,PAULLINA,14,817.56,58,58.39714285714285,4.142857142857143,13.59142857142857,0.14285714285714285,14,8,1,Standard Neighbourhood Stores,-1.6506227651396188,-0.8992720194827155
4176,CEDAR RAPIDS,14,956.28,134,68.30571428571429,9.571428571428571,12.978571428571428,0.14285714285714285,14,12,1,Standard Neighbourhood Stores,-1.0831278845671468,-0.6941916319695902
4177,LE GRAND,23,908.08,85,39.48173913043478,3.6956521739130435,10.969130434782608,0.08695652173913043,21,11,1,Standard Neighbourhood Stores,-1.0713613138897244,-1.5870852183156567
4180,MARION,137,6351.81,773,46.36357664233577,5.642335766423358,12.192408759124087,0.15328467153284672,115,36,2,Large High-Volume Stores,2.972894176087357,-1.9684813711334725
4181,DUBUQUE,9,489.53,27,54.392222222222216,3.0,14.542222222222222,0.2222222222222222,9,7,1,Standard Neighbourhood Stores,-2.469854984023426,-0.48792847751195495
4182,DYERSVILLE,46,5152.84,351,112.01826086956522,7.630434782608695,16.04478260869565,0.21739130434782608,39,23,3,Balanced High-Performing Stores,1.3515609269959128,-0.5323154160696131
4183,DECORAH,84,9848.5,721,117.24404761904762,8.583333333333334,15.183928571428572,0.19047619047619047,78,31,3,Balanced High-Performing Stores,2.7072439887891724,-0.9192593963633338
4184,MUSCATINE,36,4349.48,289,120.81888888888888,8.027777777777779,15.139722222222222,0.19444444444444445,31,14,3,Balanced High-Performing Stores,0.6752959030893859,-0.44437381539352955
4185,GRINNELL,64,6073.52,438,94.89875,6.84375,17.6990625,0.234375,59,33,3,Balanced High-Performing Stores,2.1831641003353965,-0.6941090973940887
4186,DES MOINES,47,4345.77,690,92.4631914893617,14.680851063829786,15.218297872340425,0.19148936170212766,41,23,3,Balanced High-Performing Stores,1.5903782425621147,-0.4601662148629266
4187,SIBLEY,12,880.6,71,73.38333333333334,5.916666666666667,13.545,0.16666666666666666,12,10,1,Standard Neighbourhood Stores,-1.555453845391294,-0.6446392195989178
4188,HOLY CROSS,6,1111.08,84,185.17999999999998,14.0,12.493333333333332,0.16666666666666666,6,5,1,Standard Neighbourhood Stores,-1.9384684370340026,0.43362734107761813
4189,MANCHESTER,47,4844.83,336,103.08148936170213,7.148936170212766,18.57276595744681,0.2978723404255319,44,24,3,Balanced High-Performing Stores,1.4739740727227688,-0.1577808627731181
4190,JEFFERSON,61,4229.58,318,69.33737704918033,5.213114754098361,14.160819672131149,0.13114754098360656,55,31,3,Balanced High-Performing Stores,1.6583789649078287,-1.4865894558958854
4191,PELLA,24,2631.05,149,109.62708333333335,6.208333333333333,23.066666666666666,0.4583333333333333,24,18,0,Premium Retail Stores,0.3244450783420511,0.9980431538732539
4192,BETTENDORF,37,14574.29,816,393.89972972972976,22.054054054054053,20.625675675675677,0.35135135135135137,37,21,3,Balanced High-Performing Stores,2.48267797411688,2.329086788376406
4193,HARTLEY,36,1269.21,108,35.255833333333335,3.0,12.055833333333332,0.1111111111111111,34,16,3,Balanced High-Performing Stores,-0.26197408381180975,-1.672561419329211
4194,NEWTON,41,8030.5599999999995,518,195.8673170731707,12.634146341463415,16.476829268292683,0.34146341463414637,38,23,3,Balanced High-Performing Stores,1.8346212576796894,0.5687540140864796
4195,TOLEDO,40,2772.7,185,69.3175,4.625,22.64775,0.275,38,23,3,Balanced High-Performing Stores,0.8386588748873182,-0.12841142083665896
4196,DAVENPORT,59,16315.01,832,276.525593220339,14.101694915254237,16.22728813559322,0.2033898305084746,54,25,3,Balanced High-Performing Stores,2.680924961453177,0.3893202182717176
4197,SERGEANT BLUFF,76,6289.09,394,82.75118421052632,5.184210526315789,17.183552631578948,0.2894736842105263,65,30,3,Balanced High-Performing Stores,2.1651679192960676,-0.691328428976994
4200,SIOUX CITY,52,6739.5,370,129.60576923076923,7.115384615384615,18.667115384615382,0.34615384615384615,43,26,3,Balanced High-Performing Stores,1.8003042977323174,0.10433928321979367
4201,SIOUX CITY,72,22863.13,1247,317.54347222222225,17.319444444444443,20.432916666666667,0.375,65,32,2,Large High-Volume Stores,3.6131892724687007,1.5050947233946872
4202,SIOUX CITY,37,6870.719999999999,409,185.6951351351351,11.054054054054054,17.642162162162162,0.32432432432432434,35,20,3,Balanced High-Performing Stores,1.473427400810092,0.5466135214054276
4203,WAVERLY,70,9149.32,743,130.70457142857143,10.614285714285714,15.320000000000002,0.18571428571428572,65,32,3,Balanced High-Performing Stores,2.600929104819705,-0.71991980960621
4204,CLINTON,51,5586.13,371,109.53196078431372,7.2745098039215685,16.82450980392157,0.2549019607843137,44,25,3,Balanced High-Performing Stores,1.5979033996049916,-0.4296991125735105
4205,MARSHALLTOWN,31,2939.6,191,94.8258064516129,6.161290322580645,17.64516129032258,0.3225806451612903,31,22,3,Balanced High-Performing Stores,0.6625976705492429,-0.09527842183876895
4209,GRIMES,118,25354.26,1489,214.8666101694915,12.61864406779661,17.470423728813557,0.2627118644067797,92,35,2,Large High-Volume Stores,3.919809966066833,0.03201993827251277
4214,WATERLOO,22,1457.64,254,66.25636363636364,11.545454545454545,8.789545454545454,0.045454545454545456,21,14,1,Standard Neighbourhood Stores,-0.34548443940380635,-1.4280656358331016
4219,CLEAR LAKE,39,5117.4,378,131.2153846153846,9.692307692307692,15.557435897435898,0.28205128205128205,38,23,3,Balanced High-Performing Stores,1.3749162338275494,-0.1393472892580096
4222,EVANSDALE,30,1927.32,188,64.244,6.266666666666667,11.539666666666667,0.06666666666666667,27,20,3,Balanced High-Performing Stores,0.09210043043265376,-1.54555842834542
4223,EVANSDALE,25,1011.0699999999999,109,40.4428,4.36,11.2116,0.08,24,16,1,Standard Neighbourhood Stores,-0.6602973507310692,-1.6479350081567345
4228,VINTON,65,10481.33,777,161.25123076923077,11.953846153846154,13.810307692307692,0.15384615384615385,52,23,3,Balanced High-Performing Stores,2.223677488617807,-0.5884161545873782
4229,HARLAN,46,13742.95,733,298.7597826086957,15.934782608695652,18.159782608695654,0.30434782608695654,43,25,3,Balanced High-Performing Stores,2.4918355958664336,1.147032742361816
4230,CLIVE,23,3045.64,197,132.4191304347826,8.565217391304348,17.534782608695654,0.21739130434782608,22,14,3,Balanced High-Performing Stores,0.12064109763807368,0.024845834566272918
4231,LE MARS,48,13538.03,815,282.0422916666667,16.979166666666668,17.04854166666667,0.14583333333333334,44,20,3,Balanced High-Performing Stores,2.249209877672594,0.5457376661457849
4232,MORAVIA,19,2714.84,185,142.88631578947368,9.736842105263158,16.43263157894737,0.2631578947368421,16,10,3,Balanced High-Performing Stores,-0.2658369241831469,0.3195289676651402
4233,CRESCO,46,6144.22,396,133.57,8.608695652173912,15.963260869565216,0.21739130434782608,42,24,3,Balanced High-Performing Stores,1.565683508867881,-0.41527414727531664
4234,SPENCER,31,4470.94,241,144.22387096774193,7.774193548387097,22.098709677419357,0.3225806451612903,29,19,3,Balanced High-Performing Stores,0.8852666677063958,0.6213357320903651
4235,WEBSTER CITY,29,3373.9900000000002,195,116.3444827586207,6.724137931034483,18.353103448275863,0.3103448275862069,26,22,3,Balanced High-Performing Stores,0.6454923210042423,0.0892414011360253
4236,EAGLE GROVE,60,7553.7699999999995,462,125.89616666666666,7.7,16.533,0.25,51,27,3,Balanced High-Performing Stores,2.0167094225778963,-0.44304851638456927
4239,SPIRIT LAKE,51,8786.23,582,172.27901960784314,11.411764705882353,14.338823529411764,0.17647058823529413,42,23,3,Balanced High-Performing Stores,1.8799802080310526,-0.37361715783625954
4246,SHENANDOAH,36,4427.84,268,122.99555555555555,7.444444444444445,16.221666666666668,0.2777777777777778,34,19,3,Balanced High-Performing Stores,0.9378737606485902,-0.16742449365877252
4247,BELMOND,50,6629.68,391,132.5936,7.82,17.053,0.26,40,21,3,Balanced High-Performing Stores,1.5232298810318876,-0.19303537243480565
4248,SHELDON,20,6132.99,320,306.6495,16.0,17.2155,0.3,20,13,3,Balanced High-Performing Stores,0.76066553985208,1.4776366853031537
4249,CLARINDA,27,2677.03,188,99.14925925925927,6.962962962962963,14.56074074074074,0.18518518518518517,23,14,3,Balanced High-Performing Stores,0.03557484076525156,-0.5863040499366272
4250,ELDORA,30,4107.54,230,136.918,7.666666666666667,20.87366666666667,0.3333333333333333,25,12,3,Balanced High-Performing Stores,0.4879356104568614,0.6306578738828762
4251,AMES,51,3990.95,257,78.25392156862745,5.03921568627451,17.597450980392157,0.3137254901960784,49,27,3,Balanced High-Performing Stores,1.4455253860635042,-0.4663290916329292
4252,MONTICELLO,47,6862.96,449,146.0204255319149,9.553191489361701,16.10063829787234,0.2553191489361702,45,25,3,Balanced High-Performing Stores,1.7796200415291497,-0.20009362862351224
4253,WINTERSET,56,8066.45,614,144.04375,10.964285714285714,15.883571428571429,0.25,51,29,3,Balanced High-Performing Stores,2.2366692389802307,-0.2707689612970929
4254,EMMETSBURG,53,17440.05,1033,329.0575471698113,19.49056603773585,15.34509433962264,0.18867924528301888,49,25,3,Balanced High-Performing Stores,2.7960533259562976,0.7950525741415803
4255,ORANGE CITY,54,7770.67,513,143.9012962962963,9.5,17.98962962962963,0.2777777777777778,53,31,3,Balanced High-Performing Stores,2.255378346667685,-0.10166886650727842
4256,SIOUX CENTER,51,16066.02,810,315.02,15.882352941176471,15.936862745098038,0.2549019607843137,46,25,3,Balanced High-Performing Stores,2.6264568533310255,0.8465722919831504
4257,WATERLOO,7,401.64,43,57.37714285714286,6.142857142857143,18.22,0.2857142857142857,7,6,0,Premium Retail Stores,-2.499460352509199,0.2620129158742215
4258,BURLINGTON,43,5644.58,350,131.2693023255814,8.13953488372093,18.29511627906977,0.37209302325581395,42,22,3,Balanced High-Performing Stores,1.503103680606558,0.29382607733485594
4260,OSCEOLA,75,10553.97,574,140.71959999999999,7.653333333333333,20.685066666666664,0.4266666666666667,64,31,3,Balanced High-Performing Stores,2.7364672418481937,0.43845863142292013
4262,CARROLL,6,157.04000000000002,10,26.173333333333336,1.6666666666666667,17.691666666666666,0.3333333333333333,6,6,0,Premium Retail Stores,-3.530174110802223,0.05123181118051213
4265,WATERLOO,89,11818.31,1699,132.79,19.089887640449437,11.062696629213484,0.11235955056179775,71,25,3,Balanced High-Performing Stores,2.8863176649769056,-0.8655745944838362
4266,SHENANDOAH,29,4103.32,293,141.49379310344827,10.10344827586207,15.977241379310344,0.20689655172413793,25,17,3,Balanced High-Performing Stores,0.6427359083543831,-0.10901751217991935
4267,ANITA,27,1149.47,86,42.57296296296296,3.185185185185185,15.996666666666666,0.2222222222222222,24,18,3,Balanced High-Performing Stores,-0.46488205777309344,-0.8568161858481093
4268,ALGONA,41,3514.78,261,85.72634146341464,6.365853658536586,16.140731707317073,0.17073170731707318,37,20,3,Balanced High-Performing Stores,0.8468848218906658,-0.8078605619985844
4269,TIPTON,121,22232.29,1662,183.73793388429752,13.735537190082646,14.181239669421489,0.17355371900826447,98,41,2,Large High-Volume Stores,4.050950832804613,-0.7095069464119945
4271,CENTERVILLE,53,6389.15,327,120.55,6.169811320754717,19.186603773584906,0.4339622641509434,45,25,3,Balanced High-Performing Stores,1.7687050107960713,0.35650619538825806
4272,ESTHERVILLE,43,5069.0,312,117.88372093023256,7.255813953488372,15.635813953488373,0.18604651162790697,34,20,3,Balanced High-Performing Stores,1.0823639497073618,-0.5924872572616012
4273,DES MOINES,135,6338.3,1233,46.95037037037037,9.133333333333333,11.402,0.1037037037037037,109,37,2,Large High-Volume Stores,3.1451203500335123,-2.0343124443407756
4274,RUTHVEN,6,426.54,30,71.09,5.0,13.368333333333334,0.16666666666666666,6,4,1,Standard Neighbourhood Stores,-2.919129456120958,-0.4487744884840552
4275,KNOXVILLE,35,8734.44,478,249.5554285714286,13.657142857142857,23.962,0.42857142857142855,33,22,3,Balanced High-Performing Stores,1.877548971278539,1.8193841431687443
4276,LAKE MILLS,13,843.9499999999999,81,64.91923076923077,6.230769230769231,11.365384615384615,0.0,11,9,1,Standard Neighbourhood Stores,-1.699872167749435,-1.3943815217442455
4277,LE MARS,78,7611.76,528,97.58666666666667,6.769230769230769,20.43051282051282,0.28205128205128205,72,37,3,Balanced High-Performing Stores,2.7161372293966073,-0.41182440424697175
4279,KEOTA,18,1278.84,132,71.04666666666667,7.333333333333333,11.713333333333333,0.1111111111111111,14,9,1,Standard Neighbourhood Stores,-1.039424974860941,-0.9916172428927414
4280,LE CLAIRE,9,255.82,18,28.424444444444443,2.0,15.236666666666666,0.3333333333333333,9,8,0,Premium Retail Stores,-2.7762562961170008,-0.2544414898848297
4283,MARION,6,676.8,50,112.8,8.333333333333334,14.733333333333334,0.0,6,6,1,Standard Neighbourhood Stores,-2.5029081316152237,-0.5653530921350478
4284,IOWA FALLS,24,8561.22,513,356.7175,21.375,16.084166666666665,0.20833333333333334,19,14,3,Balanced High-Performing Stores,1.1924923434256174,1.5334482560380998
4285,NEW HAMPTON,57,9813.09,655,172.15947368421052,11.491228070175438,13.903508771929825,0.17543859649122806,44,25,3,Balanced High-Performing Stores,2.100822287977576,-0.45565776234007693
4288,CEDAR RAPIDS,26,2175.83,286,83.68576923076922,11.0,11.251153846153844,0.15384615384615385,25,16,3,Balanced High-Performing Stores,0.17481260599958767,-0.8781669557384059
4289,WAUKON,37,5990.98,391,161.91837837837838,10.567567567567568,18.14351351351351,0.2972972972972973,32,20,3,Balanced High-Performing Stores,1.3196167746495455,0.3780138079576075
4291,CRESTON,146,13459.09,851,92.18554794520549,5.828767123287672,15.872808219178081,0.23972602739726026,109,43,2,Large High-Volume Stores,3.6901969545853297,-1.2212963859244963
4294,WEBSTER CITY,28,848.79,64,30.31392857142857,2.2857142857142856,14.74,0.25,28,14,1,Standard Neighbourhood Stores,-0.76268818743286,-0.9566132783936622
4295,DES MOINES,17,681.68,93,40.09882352941176,5.470588235294118,12.369411764705882,0.11764705882352941,16,14,1,Standard Neighbourhood Stores,-1.2274623374898048,-1.2366462741510695
4296,KEOSAUQUA,73,4905.65,346,67.20068493150684,4.739726027397261,16.003287671232876,0.2465753424657534,62,26,3,Balanced High-Performing Stores,1.7797412628187426,-0.9683261142174235
4297,CEDAR RAPIDS,31,3109.0299999999997,281,100.29129032258064,9.064516129032258,13.710967741935482,0.16129032258064516,29,18,3,Balanced High-Performing Stores,0.5427355495883789,-0.7365999418163747
4299,CENTRAL CITY,37,3060.76,238,82.72324324324325,6.4324324324324325,18.62972972972973,0.2972972972972973,31,19,3,Balanced High-Performing Stores,0.7062035916510017,-0.13628013840312186
4300,OSKALOOSA,34,11943.53,587,351.2802941176471,17.264705882352942,17.99529411764706,0.29411764705882354,31,16,3,Balanced High-Performing Stores,1.8277211915370097,1.6030783862477944
4301,DES MOINES,75,18603.18,1564,248.04240000000001,20.85333333333333,19.669733333333333,0.3466666666666667,63,23,2,Large High-Volume Stores,3.2199394982090737,1.3049806494181995
4303,MEDIAPOLIS,41,1926.98,116,46.99951219512195,2.8292682926829267,16.730243902439025,0.36585365853658536,35,21,3,Balanced High-Performing Stores,0.389294219605567,-0.4613474644994417
4306,HAMPTON,68,3251.22,187,47.81205882352941,2.75,17.77852941176471,0.3088235294117647,60,34,3,Balanced High-Performing Stores,1.661597984087024,-0.8819094494595849
4307,DUNLAP,21,1957.3899999999999,111,93.20904761904761,5.285714285714286,17.542380952380952,0.42857142857142855,20,18,0,Premium Retail Stores,-0.1322597684423162,0.37829953760233115
4308,CORALVILLE,27,2711.02,381,100.40814814814814,14.11111111111111,12.99185185185185,0.18518518518518517,27,15,3,Balanced High-Performing Stores,0.46372076286066466,-0.4098627137993349
4309,COUNCIL BLUFFS,5,325.59000000000003,39,65.11800000000001,7.8,11.728,0.2,5,4,1,Standard Neighbourhood Stores,-3.0368557769389444,-0.3218649129548176
4310,CHEROKEE,53,5456.0,299,102.94339622641509,5.6415094339622645,18.39075471698113,0.3584905660377358,49,23,3,Balanced High-Performing Stores,1.5604657944771192,-0.06192284306501577
4311,FORT DODGE,49,10440.5,806,213.07142857142858,16.448979591836736,14.118163265306121,0.16326530612244897,42,25,3,Balanced High-Performing Stores,2.2085917299011246,-0.026416565687971454
4312,COUNCIL BLUFFS,261,91559.74,5465,350.8036015325671,20.938697318007662,18.218544061302683,0.34099616858237547,202,53,2,Large High-Volume Stores,6.538770991229567,0.9128763464513163
4313,ATLANTIC,35,4639.7,290,132.56285714285713,8.285714285714286,17.259428571428572,0.3142857142857143,34,20,3,Balanced High-Performing Stores,1.0623490499252115,0.11602587426304965
4315,WASHINGTON,21,2371.06,153,112.90761904761905,7.285714285714286,26.407142857142855,0.3333333333333333,20,13,0,Premium Retail Stores,-0.053353314872040286,1.0195321712874976
4317,GREENFIELD,55,4860.25,311,88.36818181818182,5.654545454545454,15.729454545454546,0.21818181818181817,44,24,3,Balanced High-Performing Stores,1.4013920450201125,-0.8176978051690825
4318,RED OAK,39,4323.9400000000005,266,110.87025641025642,6.82051282051282,18.21051282051282,0.3076923076923077,37,20,3,Balanced High-Performing Stores,1.0526948571978143,-0.029840679632248474
4319,HUMBOLDT,40,3527.83,249,88.19575,6.225,14.26625,0.175,38,20,3,Balanced High-Performing Stores,0.8179101585495221,-0.940595925343244
4320,PERRY,73,9607.29,596,131.60671232876714,8.164383561643836,16.133424657534245,0.2876712328767123,64,32,3,Balanced High-Performing Stores,2.5991567427244275,-0.42452653777014004
4321,CHARLES CITY,25,3206.32,268,128.2528,10.72,13.1456,0.08,23,19,3,Balanced High-Performing Stores,0.3721322770000737,-0.7880565712337788
4322,BAXTER,8,299.6,34,37.45,4.25,11.56625,0.0,8,7,1,Standard Neighbourhood Stores,-2.8418269625385384,-1.4787769184279953
4324,DAYTON,33,2443.11,169,74.03363636363636,5.121212121212121,14.673030303030302,0.24242424242424243,31,18,3,Balanced High-Performing Stores,0.3143308434496169,-0.7169230715407267
4326,STRATFORD,23,1678.59,107,72.98217391304347,4.6521739130434785,17.31391304347826,0.391304347826087,19,13,0,Premium Retail Stores,-0.4248829824247823,0.16093975052708998
4328,DECORAH,11,690.9300000000001,53,62.81181818181819,4.818181818181818,13.187272727272727,0.09090909090909091,11,10,1,Standard Neighbourhood Stores,-1.8983809620681193,-1.007079018660372
4331,WEST UNION,5,375.45,39,75.09,7.8,11.347999999999999,0.0,5,3,1,Standard Neighbourhood Stores,-3.1410584722509096,-0.9643409345829802
4332,DES MOINES,12,574.79,110,47.899166666666666,9.166666666666666,10.099166666666667,0.08333333333333333,11,8,1,Standard Neighbourhood Stores,-1.7479390240473347,-1.1455786627034987
4334,DUBUQUE,59,8529.1,602,144.56101694915256,10.203389830508474,16.600169491525424,0.23728813559322035,55,22,3,Balanced High-Performing Stores,2.0451121871506674,-0.22748459942280314
4335,INWOOD,6,617.98,36,102.99666666666667,6.0,16.033333333333335,0.3333333333333333,5,5,0,Premium Retail Stores,-2.570248897496102,0.545661386798159
4336,GEORGE,40,2507.86,175,62.6965,4.375,14.73725,0.2,35,20,3,Balanced High-Performing Stores,0.49761380018331447,-1.0157080083131629
4337,LARCHWOOD,30,3488.03,153,116.26766666666667,5.1,22.603333333333335,0.6,25,21,0,Premium Retail Stores,0.7417893993522052,1.3468162679330329
4340,AMES,21,2534.61,186,120.69571428571429,8.857142857142858,14.165714285714287,0.047619047619047616,20,11,1,Standard Neighbourhood Stores,-0.3110086424267078,-0.7978523363151733
4343,DES MOINES,17,2403.84,273,141.40235294117647,16.058823529411764,19.43235294117647,0.23529411764705882,16,12,3,Balanced High-Performing Stores,-0.06824957393885685,0.7512592946262626
4344,GRIMES,87,4743.429999999999,232,54.52218390804597,2.6666666666666665,16.535862068965518,0.22988505747126436,82,30,3,Balanced High-Performing Stores,1.926928482690251,-1.2580459192235809
4345,GRINNELL,79,2531.93,421,32.04974683544304,5.329113924050633,11.64126582278481,0.13924050632911392,70,32,3,Balanced High-Performing Stores,1.767506178797037,-1.9441750309973007
4346,SHELLSBURG,107,6944.29,492,64.89990654205607,4.598130841121495,15.029065420560746,0.24299065420560748,86,38,3,Balanced High-Performing Stores,2.7694743306083653,-1.327080020768087
4347,BLUE GRASS,16,331.99,39,20.749375,2.4375,9.1525,0.0,16,10,1,Standard Neighbourhood Stores,-2.1361157023975554,-2.0871314854316125
4348,WILTON,15,363.06,34,24.204,2.2666666666666666,12.112666666666666,0.13333333333333333,14,12,1,Standard Neighbourhood Stores,-2.0471417681149466,-1.3772820175189906
4349,DES MOINES,32,3038.4,448,94.95,14.0,8.7078125,0.03125,32,18,3,Balanced High-Performing Stores,0.6717959737163169,-1.3929480456369856
4351,CLEAR LAKE,17,1291.1,143,75.9470588235294,8.411764705882353,13.018823529411764,0.11764705882352941,16,8,1,Standard Neighbourhood Stores,-0.9746889319953667,-0.7924010408573605
4353,CLEAR LAKE,17,1377.95,131,81.05588235294118,7.705882352941177,12.593529411764706,0.11764705882352941,16,12,1,Standard Neighbourhood Stores,-0.8430914892644901,-0.8811459786880083
4355,STORY CITY,25,2176.99,202,87.07959999999999,8.08,12.1084,0.08,23,13,3,Balanced High-Performing Stores,-0.17840802284709506,-1.1234822187973217
4356,NEVADA,12,733.72,54,61.14333333333334,4.5,15.4975,0.08333333333333333,12,9,1,Standard Neighbourhood Stores,-1.8207035826280444,-0.882285685484541
4359,WAUKEE,25,1772.3700000000001,138,70.8948,5.52,18.668,0.12,24,12,3,Balanced High-Performing Stores,-0.3644392849620577,-0.6529423407017694
4360,NEWTON,9,726.6,92,80.73333333333333,10.222222222222221,9.273333333333333,0.0,9,6,1,Standard Neighbourhood Stores,-2.01039529189225,-1.1848531785222383
4361,DES MOINES,56,2945.42,698,52.596785714285716,12.464285714285714,8.021607142857142,0.03571428571428571,37,16,3,Balanced High-Performing Stores,0.9847287069409361,-1.795438923297699
4362,POLK CITY,21,1459.4,119,69.4952380952381,5.666666666666667,14.317142857142859,0.14285714285714285,19,10,1,Standard Neighbourhood Stores,-0.7677242672363933,-0.8419063913936657
4364,GRINNELL,11,1449.47,92,131.77,8.363636363636363,20.901818181818182,0.18181818181818182,11,10,1,Standard Neighbourhood Stores,-1.1704002356979286,0.42173777622608644
4365,GRINNELL,14,727.75,149,51.982142857142854,10.642857142857142,10.417857142857143,0.0,14,8,1,Standard Neighbourhood Stores,-1.415678239684355,-1.3686766777427612
4366,TIFFIN,41,2798.33,182,68.2519512195122,4.439024390243903,15.754878048780489,0.21951219512195122,33,15,3,Balanced High-Performing Stores,0.3853419409444369,-0.7715712450349994
4368,JOHNSTON,47,2713.5,247,57.734042553191486,5.25531914893617,11.903404255319149,0.0851063829787234,36,20,3,Balanced High-Performing Stores,0.6351912987023627,-1.6437059869775676
4369,NORWALK,46,2943.42,299,63.98739130434783,6.5,12.226304347826087,0.13043478260869565,37,17,3,Balanced High-Performing Stores,0.6819609014655307,-1.3425143502754613
4370,NORWALK,55,3458.15,345,62.875454545454545,6.2727272727272725,13.61890909090909,0.14545454545454545,42,16,3,Balanced High-Performing Stores,0.9111958796620845,-1.2300658583526638
4371,WEST DES MOINES,39,4844.59,513,124.22025641025641,13.153846153846153,13.978717948717948,0.15384615384615385,32,18,3,Balanced High-Performing Stores,1.1363702985361597,-0.480557620685159
4373,WEST DES MOINES,34,2005.94,202,58.99823529411765,5.9411764705882355,10.836470588235294,0.058823529411764705,31,16,3,Balanced High-Performing Stores,0.08128063452376966,-1.6642292850868627
4374,GRIMES,36,2399.39,237,66.64972222222222,6.583333333333333,11.59388888888889,0.0,31,12,3,Balanced High-Performing Stores,0.07052452475500696,-1.6935022109926439
4375,GRIMES,50,3305.69,291,66.1138,5.82,15.8198,0.2,39,14,3,Balanced High-Performing Stores,0.7418802095210686,-0.8238293614314347
4376,MASON CITY,12,1051.5,62,87.625,5.166666666666667,14.920833333333334,0.3333333333333333,10,6,0,Premium Retail Stores,-1.6310198710135682,0.13999314046561231
4377,DES MOINES,50,1792.72,300,35.8544,6.0,7.9912,0.0,37,19,3,Balanced High-Performing Stores,0.4448760278552551,-2.3305758661698723
4378,WAUKEE,22,1501.27,205,68.23954545454545,9.318181818181818,12.791363636363638,0.13636363636363635,21,9,1,Standard Neighbourhood Stores,-0.5155394490771636,-0.8349513493115482
4379,WEST DES MOINES,52,2836.52,299,54.54846153846154,5.75,12.714038461538461,0.11538461538461539,38,18,3,Balanced High-Performing Stores,0.7455764579809255,-1.469753445764989
4380,WEST BRANCH,27,2469.23,200,91.45296296296296,7.407407407407407,14.97851851851852,0.18518518518518517,24,16,3,Balanced High-Performing Stores,0.11910836855813686,-0.5998655187174616
4382,WEST DES MOINES,51,3472.3,293,68.0843137254902,5.745098039215686,17.648235294117647,0.1568627450980392,38,18,3,Balanced High-Performing Stores,0.8964610200145254,-0.8598242053766249
4384,ADEL,41,2939.87,341,71.70414634146341,8.317073170731707,12.872682926829267,0.0975609756097561,34,16,3,Balanced High-Performing Stores,0.6192820288542116,-1.2358065994164007
4385,NEW VIRGINIA,19,2255.24,181,118.69684210526314,9.526315789473685,12.898947368421052,0.10526315789473684,17,10,1,Standard Neighbourhood Stores,-0.4844766564382599,-0.6321535883620002
4386,MARSHALLTOWN,6,473.65,50,78.94166666666666,8.333333333333334,13.85,0.16666666666666666,6,6,1,Standard Neighbourhood Stores,-2.577116044365078,-0.23990045723513798
4387,SPIRIT LAKE,19,2352.67,187,123.82473684210527,9.842105263157896,16.895263157894735,0.21052631578947367,17,12,3,Balanced High-Performing Stores,-0.26731600042171055,0.061062131185391666
4388,CLIVE,13,608.53,162,46.809999999999995,12.461538461538462,7.222307692307693,0.0,12,9,1,Standard Neighbourhood Stores,-1.53085671785759,-1.5452496508566143
4392,CLIVE,37,2358.13,208,63.733243243243244,5.621621621621622,12.196756756756756,0.16216216216216217,27,15,3,Balanced High-Performing Stores,0.17194529324182709,-1.1729472201437678
4393,CLIVE,56,2892.97,264,51.66017857142857,4.714285714285714,12.579642857142858,0.10714285714285714,43,21,3,Balanced High-Performing Stores,0.8827773204503222,-1.6372276072296799
4395,ELLSWORTH,46,3134.67,266,68.145,5.782608695652174,13.029782608695653,0.10869565217391304,38,17,3,Balanced High-Performing Stores,0.6660567538079187,-1.367434461341009
4397,ANKENY,44,1098.49,202,24.965681818181817,4.590909090909091,8.633863636363635,0.022727272727272728,37,16,3,Balanced High-Performing Stores,-0.048722314797889514,-2.2776357230628212
4398,BELMOND,6,676.78,46,112.79666666666667,7.666666666666667,12.506666666666666,0.16666666666666666,6,5,1,Standard Neighbourhood Stores,-2.4913138014748966,-0.20346189888977134
4401,MARION,16,1852.27,125,115.766875,7.8125,12.326875,0.125,14,8,1,Standard Neighbourhood Stores,-0.9336800234623879,-0.6280530965650082
4402,RIVERSIDE,26,3208.5299999999997,261,123.40499999999999,10.038461538461538,14.106538461538461,0.15384615384615385,20,13,3,Balanced High-Performing Stores,0.14448311224417687,-0.42830092130487074
4404,ANKENY,27,1877.54,127,69.53851851851852,4.703703703703703,13.735555555555557,0.14814814814814814,21,10,1,Standard Neighbourhood Stores,-0.5141390639062761,-0.9650131795413524
4405,ANKENY,51,2877.49,234,56.4213725490196,4.588235294117647,15.029803921568627,0.23529411764705882,38,22,3,Balanced High-Performing Stores,0.8881969397047822,-0.9662694044360173
4406,ANKENY,41,3075.93,264,75.02268292682926,6.439024390243903,13.954146341463415,0.14634146341463414,33,17,3,Balanced High-Performing Stores,0.5921695290075455,-1.0614375019713467
4408,BOONE,8,1044.38,80,130.5475,10.0,14.465,0.25,8,5,1,Standard Neighbourhood Stores,-1.7874370344643715,0.35067230460363286
4409,BOONE,7,457.89,53,65.41285714285713,7.571428571428571,9.432857142857143,0.14285714285714285,7,7,1,Standard Neighbourhood Stores,-2.495921643678001,-0.8334760355966062
4410,PERRY,17,882.82,117,51.930588235294124,6.882352941176471,10.051764705882352,0.058823529411764705,13,7,1,Standard Neighbourhood Stores,-1.4250873462215403,-1.3775320178702948
4411,DE SOTO,37,2419.33,179,65.3872972972973,4.837837837837838,13.35135135135135,0.1891891891891892,30,16,3,Balanced High-Performing Stores,0.23257794011108943,-1.045740566409078
4412,TIPTON,17,1250.55,84,73.56176470588235,4.9411764705882355,15.54235294117647,0.11764705882352941,14,12,1,Standard Neighbourhood Stores,-1.1058231998618466,-0.7854767565101991
4413,WAPELLO,9,932.8,92,103.64444444444445,10.222222222222221,11.911111111111111,0.1111111111111111,7,6,1,Standard Neighbourhood Stores,-1.8959253905274087,-0.4464921084326713
4414,NEOLA,25,2045.03,159,81.8012,6.36,13.6604,0.16,25,10,3,Balanced High-Performing Stores,-0.31744770423582885,-0.8135772173736492
4415,ACKLEY,10,877.16,66,87.716,6.6,12.658,0.3,10,7,1,Standard Neighbourhood Stores,-1.7412823427070465,-0.07755815615852187
4416,CASEY,6,452.25,57,75.375,9.5,8.146666666666667,0.0,5,5,1,Standard Neighbourhood Stores,-2.8111172863901652,-1.1860699886539605
4417,ADAIR,17,1455.61,112,85.62411764705882,6.588235294117647,19.038235294117644,0.23529411764705882,17,11,0,Premium Retail Stores,-0.7553405677034019,0.007919194643633583
4418,WALNUT,16,1462.62,92,91.41375,5.75,15.835,0.1875,15,9,1,Standard Neighbourhood Stores,-1.041403592725407,-0.37012335067605895
4419,LAMONI,19,1076.06,102,56.63473684210526,5.368421052631579,13.581052631578945,0.10526315789473684,18,13,1,Standard Neighbourhood Stores,-0.9424725146131533,-1.1199328949488028
4421,HAMPTON,9,920.46,92,102.27333333333334,10.222222222222221,11.045555555555556,0.0,7,5,1,Standard Neighbourhood Stores,-2.0187416526540534,-0.8855123202046438
4424,BURLINGTON,13,832.72,172,64.05538461538461,13.23076923076923,8.283076923076923,0.0,13,11,1,Standard Neighbourhood Stores,-1.2484393802001923,-1.3701730285628024
4426,MARSHALLTOWN,35,2519.26,336,71.97885714285715,9.6,11.603714285714286,0.08571428571428572,32,20,3,Balanced High-Performing Stores,0.6002316565401101,-1.3317441558619207
4427,NORTH LIBERTY,32,2279.39,190,71.2309375,5.9375,12.7878125,0.125,27,15,3,Balanced High-Performing Stores,0.05890269952906414,-1.1784570070484157
4428,AMES,66,3582.15,306,54.275,4.636363636363637,14.40409090909091,0.16666666666666666,51,20,3,Balanced High-Performing Stores,1.1858989956782597,-1.3195764392323148
4429,COLFAX,23,1666.56,258,72.45913043478261,11.217391304347826,14.60608695652174,0.21739130434782608,19,9,3,Balanced High-Performing Stores,-0.32400434615800777,-0.2940146549532269
4432,CORALVILLE,8,947.0699999999999,73,118.38374999999999,9.125,11.555,0.0,8,7,1,Standard Neighbourhood Stores,-1.9976606756337854,-0.8485217575617258
4433,PLEASANT HILL,38,2762.9,200,72.7078947368421,5.2631578947368425,14.72078947368421,0.21052631578947367,32,19,3,Balanced High-Performing Stores,0.5114631071165062,-0.8567609829578292
4434,ROCK RAPIDS,28,2605.79,351,93.06392857142858,12.535714285714286,16.13642857142857,0.2857142857142857,26,14,3,Balanced High-Performing Stores,0.45292783893181027,0.0857941094542022
4435,COUNCIL BLUFFS,5,511.19,36,102.238,7.2,18.554,0.4,5,5,0,Premium Retail Stores,-2.6278861678693826,1.0463633945328528
4436,AMES,30,2910.46,296,97.01533333333333,9.866666666666667,11.331,0.06666666666666667,22,11,3,Balanced High-Performing Stores,0.06677857525308083,-1.092583391477424
4437,AMES,15,1267.23,126,84.482,8.4,10.340666666666666,0.0,9,7,1,Standard Neighbourhood Stores,-1.4527323979518756,-1.2416446988337564
4438,AMES,18,902.3,81,50.12777777777777,4.5,10.922777777777778,0.05555555555555555,17,11,1,Standard Neighbourhood Stores,-1.2860541462904813,-1.5355529735721045
4439,CENTER POINT,47,2585.75,193,55.015957446808514,4.1063829787234045,15.01,0.2553191489361702,41,22,3,Balanced High-Performing Stores,0.7836222145765874,-0.9314383446415412
4442,ALTON,14,856.79,45,61.199285714285715,3.2142857142857144,19.076428571428572,0.35714285714285715,14,10,0,Premium Retail Stores,-1.4660907016556988,0.21511584486254667
4443,PALO,19,3137.94,201,165.15473684210528,10.578947368421053,17.327894736842108,0.05263157894736842,17,13,1,Standard Neighbourhood Stores,-0.1372655313261639,-0.2183789242155327
4444,SLOAN,30,2873.79,274,95.79299999999999,9.133333333333333,13.520333333333333,0.1,21,13,3,Balanced High-Performing Stores,0.1203078409924512,-0.8592893387362213
4446,URBANDALE,69,3869.19,645,56.07521739130435,9.347826086956522,8.234347826086957,0.014492753623188406,51,19,3,Balanced High-Performing Stores,1.360843529464355,-2.097507657109038
4447,URBANDALE,19,1238.75,192,65.19736842105263,10.105263157894736,7.889473684210526,0.05263157894736842,14,10,1,Standard Neighbourhood Stores,-0.9106926125146583,-1.4160684053902846
4448,URBANDALE,22,853.73,71,38.80590909090909,3.227272727272727,15.253181818181817,0.22727272727272727,20,11,1,Standard Neighbourhood Stores,-1.071962128174495,-0.7787996672557371
4449,URBANDALE,37,2118.55,139,57.25810810810811,3.7567567567567566,15.894864864864866,0.21621621621621623,33,17,3,Balanced High-Performing Stores,0.19235822094682042,-0.8674750521044555
4450,URBANDALE,46,3206.13,232,69.69847826086956,5.043478260869565,16.207608695652173,0.34782608695652173,35,15,3,Balanced High-Performing Stores,0.6946304443781198,-0.2939040439117147
4451,WEBSTER CITY,9,775.56,72,86.17333333333333,8.0,11.404444444444444,0.1111111111111111,9,6,1,Standard Neighbourhood Stores,-1.9984501554646752,-0.7158779972339696
4452,SIOUX CITY,52,4884.03,863,93.92365384615384,16.596153846153847,11.610000000000001,0.19230769230769232,43,22,3,Balanced High-Performing Stores,1.7291323848771527,-0.6611535549214538
4453,FOREST CITY,30,1451.8,132,48.39333333333333,4.4,14.475999999999999,0.2,27,18,3,Balanced High-Performing Stores,-0.13635459718912998,-1.0032750034905111
4454,SIOUX CITY,5,844.86,162,168.972,32.4,8.292,0.2,4,4,1,Standard Neighbourhood Stores,-1.9174913008609469,1.1022064766040327
4455,ELDORA,9,596.03,63,66.22555555555556,7.0,12.571111111111112,0.1111111111111111,9,7,1,Standard Neighbourhood Stores,-2.129692985923201,-0.7789931697680019
4456,IOWA CITY,45,2418.03,227,53.734,5.044444444444444,11.708,0.08888888888888889,35,20,3,Balanced High-Performing Stores,0.5242048180901232,-1.6663365476472658
4457,IOWA CITY,30,2723.86,255,90.79533333333333,8.5,11.866999999999999,0.16666666666666666,24,15,3,Balanced High-Performing Stores,0.21945734670849026,-0.8683044326991299
4458,JOHNSTON,9,213.81,43,23.756666666666668,4.777777777777778,6.961111111111111,0.0,9,6,1,Standard Neighbourhood Stores,-2.87874882583074,-1.9280861350672034
4459,EAGLE GROVE,37,2940.61,290,79.47594594594595,7.837837837837838,12.714594594594594,0.10810810810810811,30,17,3,Balanced High-Performing Stores,0.5061104079957418,-1.1731131927777243
4461,WINDSOR HEIGHTS,33,1759.6000000000001,246,53.32121212121213,7.454545454545454,11.012727272727274,0.15151515151515152,31,18,3,Balanced High-Performing Stores,0.2349125995479262,-1.316532225848869
4462,BUFFALO CENTER,26,703.0,69,27.03846153846154,2.6538461538461537,10.50423076923077,0.07692307692307693,25,15,1,Standard Neighbourhood Stores,-1.0034578064735276,-1.8678412320219018
4463,GARNER,52,5037.76,471,96.88000000000001,9.057692307692308,15.88423076923077,0.15384615384615385,41,17,3,Balanced High-Performing Stores,1.2623208932264882,-0.7207090242161707
4464,ELDRIDGE,43,4420.14,373,102.7939534883721,8.674418604651162,20.2746511627907,0.27906976744186046,40,23,3,Balanced High-Performing Stores,1.3813502454714788,0.026350756483241065
4466,FAYETTE,14,2331.06,184,166.50428571428571,13.142857142857142,15.359285714285715,0.21428571428571427,13,9,1,Standard Neighbourhood Stores,-0.5543826235038285,0.4250644576733252
4467,MUSCATINE,45,2235.01,235,49.66688888888889,5.222222222222222,13.712444444444445,0.13333333333333333,37,20,3,Balanced High-Performing Stores,0.5786538923629565,-1.3774636101444686
4468,MUSCATINE,9,631.33,60,70.14777777777778,6.666666666666667,11.22,0.2222222222222222,8,5,1,Standard Neighbourhood Stores,-2.188259363798092,-0.46770526587110955
4470,WATERLOO,5,483.0,74,96.6,14.8,6.674000000000001,0.0,5,4,1,Standard Neighbourhood Stores,-2.7322063044155294,-0.9181791895976112
4471,WATERLOO,8,624.72,52,78.09,6.5,11.07625,0.0,7,6,1,Standard Neighbourhood Stores,-2.4442530577709154,-1.1723155307704072
4472,CENTERVILLE,26,2826.36,202,108.70615384615385,7.769230769230769,14.843076923076923,0.23076923076923078,26,16,3,Balanced High-Performing Stores,0.24465823951482618,-0.36563906679305214
4473,PANORA,12,2281.56,149,190.13,12.416666666666666,16.829166666666666,0.3333333333333333,11,7,0,Premium Retail Stores,-0.7322293617555764,1.0903301318297827
4474,COUNCIL BLUFFS,19,1491.3400000000001,213,78.49157894736842,11.210526315789474,7.716842105263158,0.0,18,14,1,Standard Neighbourhood Stores,-0.5589759436999674,-1.5772183109888893
4475,COUNCIL BLUFFS,18,1942.22,336,107.9011111111111,18.666666666666668,7.268333333333333,0.0,17,12,1,Standard Neighbourhood Stores,-0.30925839114152726,-1.0764549549779734
4476,COUNCIL BLUFFS,14,1588.66,278,113.47571428571429,19.857142857142858,8.139285714285714,0.0,11,5,1,Standard Neighbourhood Stores,-0.9693188156850541,-0.7365674594461944
4477,COUNCIL BLUFFS,7,545.25,49,77.89285714285714,7.0,13.017142857142858,0.14285714285714285,7,5,1,Standard Neighbourhood Stores,-2.4873012031255484,-0.4846000146832525
4478,DES MOINES,64,5660.03,872,88.43796875,13.625,12.376093749999999,0.203125,57,26,3,Balanced High-Performing Stores,2.1273202746774484,-0.8545928675538108
4480,CLINTON,16,2211.34,272,138.20875,17.0,13.6325,0.0625,14,10,1,Standard Neighbourhood Stores,-0.41936376098255224,-0.2161398460064801
4481,IOWA CITY,39,2857.2599999999998,262,73.26307692307692,6.717948717948718,11.423846153846153,0.10256410256410256,36,20,3,Balanced High-Performing Stores,0.6357899314427182,-1.452410896516779
4482,INDIANOLA,30,2949.24,382,98.30799999999999,12.733333333333333,13.57,0.2,28,18,3,Balanced High-Performing Stores,0.6640712361927537,-0.4440301799842033
4483,IOWA CITY,8,1469.54,92,183.6925,11.5,18.541249999999998,0.25,8,7,1,Standard Neighbourhood Stores,-1.4167623513245258,0.9759571449262924
4484,WEST LIBERTY,18,673.04,48,37.39111111111111,2.6666666666666665,13.566666666666666,0.1111111111111111,18,15,1,Standard Neighbourhood Stores,-1.3847491428252279,-1.3412195174348658
4485,SANBORN,20,1601.29,95,80.0645,4.75,16.137999999999998,0.3,19,14,0,Premium Retail Stores,-0.5686000107658403,-0.19517572686492304
4487,CEDAR RAPIDS,27,2609.82,275,96.66000000000001,10.185185185185185,14.593333333333332,0.07407407407407407,25,12,3,Balanced High-Performing Stores,0.0883610280436929,-0.8100659624125512
4489,CEDAR RAPIDS,19,2461.5,224,129.55263157894737,11.789473684210526,12.00578947368421,0.10526315789473684,18,9,1,Standard Neighbourhood Stores,-0.35853784366151986,-0.5440790661532551
4490,CEDAR RAPIDS,45,4400.22,585,97.78266666666667,13.0,10.733777777777778,0.1111111111111111,35,17,3,Balanced High-Performing Stores,1.1202661157623668,-1.0437290821752339
4491,CEDAR RAPIDS,16,2571.3,298,160.70625,18.625,10.1575,0.125,14,7,1,Standard Neighbourhood Stores,-0.38997560583774094,-0.06846501321771616
4492,CEDAR RAPIDS,23,2902.61,219,126.2004347826087,9.521739130434783,19.85739130434783,0.30434782608695654,22,13,3,Balanced High-Performing Stores,0.1865907778853549,0.5323782598900529
4493,CEDAR RAPIDS,24,3133.23,276,130.55125,11.5,15.030000000000001,0.16666666666666666,23,13,3,Balanced High-Performing Stores,0.22516026407447634,-0.22075646733677104
4494,SIOUX CITY,12,1296.6,300,108.05,25.0,6.848333333333334,0.08333333333333333,11,8,1,Standard Neighbourhood Stores,-0.885230508911282,-0.35587516135529124
4495,GRUNDY CENTER,60,4534.47,512,75.5745,8.533333333333333,11.2295,0.1,49,21,3,Balanced High-Performing Stores,1.4286470090895877,-1.5042793447696297
4496,CEDAR RAPIDS,43,2102.87,374,48.90395348837209,8.69767441860465,10.252558139534884,0.13953488372093023,32,21,3,Balanced High-Performing Stores,0.6816382760553348,-1.4597522801814333
4498,WINTHROP,20,1655.34,96,82.767,4.8,17.619,0.3,17,8,0,Premium Retail Stores,-0.7998853339754161,0.0288341446808589
4499,MILFORD,14,1718.02,148,122.71571428571428,10.571428571428571,22.947857142857142,0.21428571428571427,13,9,0,Premium Retail Stores,-0.7496627687544664,0.7108890006320554
4500,NORTH LIBERTY,15,1513.1599999999999,128,100.87733333333333,8.533333333333333,16.68,0.2,14,8,1,Standard Neighbourhood Stores,-0.9449298969738529,-0.05325697163920575
4501,FAIRFIELD,13,1085.05,92,83.46538461538461,7.076923076923077,10.585384615384616,0.15384615384615385,13,11,1,Standard Neighbourhood Stores,-1.2958608977109476,-0.8583178618522033
4502,WATERLOO,27,1807.42,349,66.94148148148149,12.925925925925926,8.416666666666666,0.07407407407407407,26,15,3,Balanced High-Performing Stores,0.096057144105567,-1.3682188847878767
4503,TREYNOR,10,787.53,121,78.753,12.1,10.783,0.1,10,9,1,Standard Neighbourhood Stores,-1.590917957183837,-0.7122874836416395
4504,INDIANOLA,28,2879.02,553,102.82214285714285,19.75,11.942142857142857,0.07142857142857142,26,12,3,Balanced High-Performing Stores,0.4877962188874234,-0.5611825578425438
4505,JOHNSTON,15,867.48,83,57.832,5.533333333333333,13.744,0.2,13,6,1,Standard Neighbourhood Stores,-1.5232209658659632,-0.6074988275843286
4506,TIFFIN,16,1661.94,343,103.87125,21.4375,7.83625,0.0,14,7,1,Standard Neighbourhood Stores,-0.6446833418406112,-0.8117385187149978
4507,SPENCER,13,1814.04,203,139.54153846153847,15.615384615384615,10.533846153846154,0.07692307692307693,12,6,1,Standard Neighbourhood Stores,-0.9291931326011661,-0.3787658710023238
4508,SPENCER,11,1460.6399999999999,144,132.78545454545454,13.090909090909092,11.272727272727273,0.09090909090909091,10,7,1,Standard Neighbourhood Stores,-1.259754588549798,-0.3846185967732557
4509,AMES,185,19826.82,1536,107.172,8.302702702702703,16.376216216216214,0.25405405405405407,166,47,2,Large High-Volume Stores,4.547819889588426,-1.0985309895056883
4510,MALVERN,10,1522.62,162,152.262,16.2,15.019,0.3,10,7,1,Standard Neighbourhood Stores,-1.0125736006751596,0.8732392901498234
4511,DES MOINES,60,4159.98,478,69.333,7.966666666666667,12.436666666666667,0.1,55,25,3,Balanced High-Performing Stores,1.5678873386852972,-1.5311748363152704
4512,WATERLOO,10,1742.7,271,174.27,27.1,16.499000000000002,0.3,9,8,1,Standard Neighbourhood Stores,-0.6322706127203132,1.6212430251496093
4513,POLK CITY,14,1311.51,84,93.67928571428571,6.0,23.318571428571428,0.2857142857142857,13,9,0,Premium Retail Stores,-1.0873302089047514,0.6286116643513491
4514,FORT DODGE,31,2199.39,316,70.94806451612902,10.193548387096774,12.574516129032258,0.16129032258064516,25,11,3,Balanced High-Performing Stores,0.1032013661710537,-0.8124266827429891
4515,DOWS,10,936.5999999999999,132,93.66,13.2,8.468,0.0,9,6,1,Standard Neighbourhood Stores,-1.7065811775426805,-1.0590461878287234
4516,OAKLAND,18,2223.2,228,123.5111111111111,12.666666666666666,10.982777777777777,0.05555555555555555,17,11,1,Standard Neighbourhood Stores,-0.4053349327911108,-0.7880637164711065
4517,CEDAR RAPIDS,15,2296.88,348,153.12533333333334,23.2,11.269333333333332,0.13333333333333333,13,9,1,Standard Neighbourhood Stores,-0.3080840045067568,0.2295843352289487
4518,WEST DES MOINES,25,3483.64,538,139.3456,21.52,12.568399999999999,0.2,22,11,3,Balanced High-Performing Stores,0.5410651185678117,0.23589889672500133
4519,WEST DES MOINES,20,3081.72,383,154.08599999999998,19.15,15.773000000000001,0.2,16,11,3,Balanced High-Performing Stores,0.16532179270976927,0.5338871775807614
4520,HUXLEY,12,1491.9,136,124.325,11.333333333333334,12.625,0.08333333333333333,12,7,1,Standard Neighbourhood Stores,-1.179941291766563,-0.46450155340866467
4521,GRAND JUNCTION,13,1526.02,161,117.38615384615385,12.384615384615385,15.367692307692307,0.07692307692307693,13,7,1,Standard Neighbourhood Stores,-1.0179374741318452,-0.2711179941975228
4522,MONROE,27,2408.44,290,89.20148148148148,10.74074074074074,11.881111111111112,0.14814814814814814,20,9,3,Balanced High-Performing Stores,-0.11223357753406729,-0.7171047453163276
4523,EXIRA,17,1632.96,169,96.0564705882353,9.941176470588236,14.798235294117646,0.11764705882352941,15,13,1,Standard Neighbourhood Stores,-0.61656097991564,-0.5260104662433411
4524,NORA SPRINGS,34,1993.63,150,58.63617647058824,4.411764705882353,12.760882352941177,0.23529411764705882,26,14,3,Balanced High-Performing Stores,-0.0641271855089245,-0.9327305919773827
4525,AKRON,9,429.4,51,47.71111111111111,5.666666666666667,11.767777777777777,0.0,9,8,1,Standard Neighbourhood Stores,-2.404976056367659,-1.3869643008767856
4526,DAVENPORT,7,646.0600000000001,56,92.29428571428572,8.0,13.034285714285714,0.14285714285714285,7,6,1,Standard Neighbourhood Stores,-2.3128891469879567,-0.3776552697117624
4527,GILMORE CITY,7,920.76,62,131.53714285714287,8.857142857142858,15.72,0.2857142857142857,7,6,1,Standard Neighbourhood Stores,-1.9704770687823991,0.5484903945813223
4528,MARSHALLTOWN,8,948.9,96,118.6125,12.0,12.6125,0.25,8,7,1,Standard Neighbourhood Stores,-1.697273908432669,0.21521903562556882
4529,BUFFALO CENTER,8,960.0699999999999,119,120.00874999999999,14.875,12.6675,0.125,7,5,1,Standard Neighbourhood Stores,-1.7908737169597273,-0.014242262845160981
4530,ELY,19,2203.73,317,115.9857894736842,16.68421052631579,12.309999999999999,0.05263157894736842,15,8,1,Standard Neighbourhood Stores,-0.3862529712084544,-0.4870693633981382
4531,AFTON,14,2024.52,177,144.60857142857142,12.642857142857142,17.43857142857143,0.35714285714285715,13,8,0,Premium Retail Stores,-0.5761486440683014,0.9597033949800279
4532,SIOUX RAPIDS,8,1125.9,87,140.7375,10.875,19.654999999999998,0.25,8,8,0,Premium Retail Stores,-1.5471223962738974,0.824234679678865
4533,ST ANSGAR,8,1255.39,69,156.92375,8.625,16.8925,0.25,7,6,1,Standard Neighbourhood Stores,-1.748384704637032,0.6154882932903945
4535,DUBUQUE,19,2489.31,189,131.01631578947368,9.947368421052632,17.84052631578947,0.21052631578947367,16,9,1,Standard Neighbourhood Stores,-0.35829684979911036,0.22163889329574032
4536,DUBUQUE,14,1204.0900000000001,137,86.00642857142859,9.785714285714286,10.144285714285715,0.0,11,8,1,Standard Neighbourhood Stores,-1.335005809667485,-1.220149787861971
4537,LEON,15,1737.04,133,115.80266666666667,8.866666666666667,13.706666666666669,0.06666666666666667,14,10,1,Standard Neighbourhood Stores,-0.9016355170574705,-0.6786212580141229
4539,SCRANTON,11,1184.32,72,107.66545454545454,6.545454545454546,27.39272727272727,0.36363636363636365,10,8,0,Premium Retail Stores,-1.312309407988628,1.3978385432523381
4540,BELLEVUE,15,1592.12,119,106.14133333333332,7.933333333333334,18.686,0.26666666666666666,15,11,0,Premium Retail Stores,-0.7509938819176909,0.28420188942109764
4542,LAURENS,15,2043.96,193,136.264,12.866666666666667,16.15,0.13333333333333333,15,10,1,Standard Neighbourhood Stores,-0.5433662672486951,0.017363697258541012
4543,MARION,6,815.66,88,135.94333333333333,14.666666666666666,12.526666666666666,0.16666666666666666,6,5,1,Standard Neighbourhood Stores,-2.089254790044497,0.23790823989187754
4544,OSCEOLA,12,1451.28,116,120.94,9.666666666666666,12.821666666666667,0.08333333333333333,11,9,1,Standard Neighbourhood Stores,-1.2314993820819558,-0.5523706364232713
4545,COUNCIL BLUFFS,29,2488.2400000000002,231,85.80137931034484,7.9655172413793105,14.922068965517242,0.2413793103448276,27,18,3,Balanced High-Performing Stores,0.3638843514051882,-0.4697977281592619
4546,GLIDDEN,5,692.04,48,138.408,9.6,13.746,0.0,5,5,1,Standard Neighbourhood Stores,-2.649855038920591,-0.40465407066496734
4547,HAMPTON,25,2636.43,240,105.4572,9.6,14.558399999999999,0.12,24,19,3,Balanced High-Performing Stores,0.2792653380129915,-0.7078648619158143
4548,WALKER,11,1487.46,193,135.22363636363636,17.545454545454547,17.80636363636364,0.18181818181818182,11,8,1,Standard Neighbourhood Stores,-0.8982357906398352,0.6454288840104708
4549,COLO,17,2982.84,259,175.46117647058824,15.235294117647058,17.61470588235294,0.35294117647058826,16,11,3,Balanced High-Performing Stores,0.046885990759856284,1.1323411723695007
4551,URBANA,10,1396.76,113,139.676,11.3,31.313,0.2,9,8,0,Premium Retail Stores,-1.148219688452876,1.5669016784548906
4552,BUFFALO,33,3469.61,268,105.13969696969697,8.121212121212121,18.642121212121214,0.36363636363636365,25,13,3,Balanced High-Performing Stores,0.520992275836087,0.39782473992958023
4553,SHEFFIELD,16,2662.48,232,166.405,14.5,12.375625,0.125,16,8,1,Standard Neighbourhood Stores,-0.3864509885895625,-0.09266931789093985
4554,SIOUX CITY,17,1149.75,115,67.63235294117646,6.764705882352941,11.81764705882353,0.11764705882352941,16,8,1,Standard Neighbourhood Stores,-1.1354928816286876,-1.0077087580699284
4555,DONNELLSON,11,1231.54,151,111.95818181818181,13.727272727272727,11.612727272727271,0.09090909090909091,10,8,1,Standard Neighbourhood Stores,-1.284775782782232,-0.4377240190235706
4556,GOLDFIELD,6,606.48,82,101.08,13.666666666666666,7.82,0.0,6,4,1,Standard Neighbourhood Stores,-2.4671108904008756,-0.9055971009830215
4557,TRAER,27,2056.53,139,76.16777777777779,5.148148148148148,16.56111111111111,0.3333333333333333,24,18,3,Balanced High-Performing Stores,0.060889292267663396,-0.1758595785111615
4558,SIOUX CITY,54,5940.21,878,110.0038888888889,16.25925925925926,11.263148148148149,0.09259259259259259,38,19,3,Balanced High-Performing Stores,1.6081137955291704,-0.9121473648433007
4559,OSAGE,95,5224.75,421,54.997368421052634,4.431578947368421,12.639999999999999,0.16842105263157894,80,32,3,Balanced High-Performing Stores,2.220456098598707,-1.730349207952388
4560,HARLAN,19,1784.83,132,93.93842105263157,6.947368421052632,31.398947368421055,0.42105263157894735,19,11,0,Premium Retail Stores,-0.2684313843644644,1.65626712801688
4562,MECHANICSVILLE,5,864.72,96,172.94400000000002,19.2,15.02,0.2,5,3,1,Standard Neighbourhood Stores,-2.109756487212549,1.011883124706843
4563,IRETON,5,340.12,31,68.024,6.2,13.384,0.0,5,5,1,Standard Neighbourhood Stores,-3.1910898841528748,-0.9328383353743739
4564,DURANT,12,358.27,30,29.855833333333333,2.5,11.342500000000001,0.0,10,9,1,Standard Neighbourhood Stores,-2.5240353655002927,-1.726309104609585
4565,SIOUX CITY,11,1259.79,142,114.52636363636363,12.909090909090908,24.273636363636363,0.2727272727272727,11,8,0,Premium Retail Stores,-1.0196500356819784,1.1556794694919652
4566,CEDAR RAPIDS,82,4811.43,471,58.6759756097561,5.7439024390243905,10.783048780487805,0.07317073170731707,54,27,3,Balanced High-Performing Stores,1.7457764823401822,-1.9752115233048921
4567,DES MOINES,8,374.01,73,46.75125,9.125,9.3925,0.0,8,7,1,Standard Neighbourhood Stores,-2.446921463648548,-1.3786150011975604
4568,SIOUX CITY,57,8234.83,984,144.47070175438597,17.263157894736842,16.260701754385966,0.17543859649122806,50,23,3,Balanced High-Performing Stores,2.217976012384619,-0.11969120306793903
4569,SUTHERLAND,41,4819.33,391,117.54463414634147,9.536585365853659,19.09,0.34146341463414637,36,18,3,Balanced High-Performing Stores,1.2364485650701518,0.3348868884497803
4571,ALLISON,13,1537.17,133,118.24384615384616,10.23076923076923,12.993846153846155,0.15384615384615385,13,8,1,Standard Neighbourhood Stores,-1.0437934714984842,-0.31306653634987175
4572,GRUNDY CENTER,11,583.86,42,53.07818181818182,3.8181818181818183,15.539090909090909,0.18181818181818182,9,6,1,Standard Neighbourhood Stores,-2.2128486445755997,-0.5271931772443484
4573,HAMBURG,14,1916.01,188,136.85785714285714,13.428571428571429,15.97642857142857,0.14285714285714285,12,8,1,Standard Neighbourhood Stores,-0.7625689268243196,0.1337671736681166
4575,SLATER,20,1989.44,266,99.47200000000001,13.3,11.1795,0.15,18,8,1,Standard Neighbourhood Stores,-0.39022300497866447,-0.527614108626604
4576,ARNOLDS PARK,18,1778.74,160,98.81888888888889,8.88888888888889,12.072222222222223,0.05555555555555555,17,11,1,Standard Neighbourhood Stores,-0.6740073236233036,-0.9962373853193466
4577,WOODWARD,11,1093.92,132,99.44727272727273,12.0,12.425454545454546,0.09090909090909091,11,7,1,Standard Neighbourhood Stores,-1.3978338661274516,-0.5176657738049149
4578,FARMINGTON,14,1528.77,131,109.19785714285715,9.357142857142858,18.61285714285714,0.14285714285714285,13,10,1,Standard Neighbourhood Stores,-0.9191160672099439,-0.013192947643478316
4580,WASHINGTON,23,893.99,130,38.86913043478261,5.6521739130434785,9.334347826086956,0.043478260869565216,23,16,1,Standard Neighbourhood Stores,-0.726021324224691,-1.854095288924351
4582,SPIRIT LAKE,50,7566.39,689,151.3278,13.78,18.3322,0.26,46,19,3,Balanced High-Performing Stores,1.8660595060816325,0.2782214506108495
4584,DUMONT,24,1736.5,165,72.35416666666667,6.875,13.354166666666666,0.125,21,11,1,Standard Neighbourhood Stores,-0.4538131578554972,-0.9559679416690484
4585,FARLEY,12,1408.74,168,117.395,14.0,10.391666666666667,0.08333333333333333,12,8,1,Standard Neighbourhood Stores,-1.0920055652044207,-0.5634857672191157
4588,SIOUX CITY,61,7372.42,1097,120.85934426229508,17.983606557377048,9.861967213114754,0.11475409836065574,54,23,3,Balanced High-Performing Stores,2.1559601825856824,-0.9409957944753998
4589,SIBLEY,31,2145.27,150,69.20225806451613,4.838709677419355,13.721290322580646,0.22580645161290322,28,17,3,Balanced High-Performing Stores,0.08582828802366367,-0.8493415413884804
4590,CEDAR FALLS,10,1205.31,187,120.53099999999999,18.7,9.843,0.0,10,10,1,Standard Neighbourhood Stores,-1.1963333368206368,-0.6209858043185529
4591,CLARION,15,1486.18,190,99.07866666666668,12.666666666666666,9.719333333333333,0.0,15,8,1,Standard Neighbourhood Stores,-0.9366456183201282,-1.114733716265979
4592,EMMETSBURG,23,1414.97,96,61.520434782608696,4.173913043478261,15.78,0.17391304347826086,23,17,1,Standard Neighbourhood Stores,-0.47170448713106855,-0.8534704208669595
4593,ROCK VALLEY,9,804.41,44,89.37888888888888,4.888888888888889,18.917777777777776,0.3333333333333333,9,7,0,Premium Retail Stores,-1.9361588499971176,0.49981955575045484
4594,DES MOINES,52,2001.58,304,38.49192307692307,5.846153846153846,8.554230769230768,0.038461538461538464,40,20,3,Balanced High-Performing Stores,0.610149019642792,-2.178430740600716
4595,DES MOINES,15,666.96,118,44.464000000000006,7.866666666666666,7.0,0.0,14,8,1,Standard Neighbourhood Stores,-1.57562713345323,-1.823674363454855
4596,DES MOINES,62,3902.66,960,62.946129032258064,15.483870967741936,9.79725806451613,0.0967741935483871,39,15,3,Balanced High-Performing Stores,1.3358654855738914,-1.2612050496660578
4597,DES MOINES,33,1555.2,272,47.127272727272725,8.242424242424242,7.986060606060606,0.030303030303030304,26,17,3,Balanced High-Performing Stores,0.0041109731770540255,-1.9234200550888816
4598,DES MOINES,17,613.35,120,36.07941176470588,7.0588235294117645,7.531176470588235,0.0,17,11,1,Standard Neighbourhood Stores,-1.3683069305040345,-1.9477610539132155
4599,DES MOINES,61,3866.81,1259,63.39032786885246,20.639344262295083,9.109508196721311,0.08196721311475409,44,21,3,Balanced High-Performing Stores,1.732063398307052,-1.207527735790717
4600,DES MOINES,11,969.89,90,88.17181818181818,8.181818181818182,14.494545454545454,0.18181818181818182,11,10,1,Standard Neighbourhood Stores,-1.4457543538317772,-0.3136888067950743
4601,DES MOINES,40,2059.36,192,51.484,4.8,13.086500000000001,0.175,37,20,3,Balanced High-Performing Stores,0.442512384393414,-1.2814445525735507
4602,PACIFIC JUNCTION,23,2710.54,439,117.8495652173913,19.08695652173913,14.33695652173913,0.21739130434782608,21,9,3,Balanced High-Performing Stores,0.22453715803130683,0.26169611418722916
4603,DES MOINES,26,1784.78,162,68.64538461538461,6.230769230769231,11.003846153846155,0.038461538461538464,23,14,1,Standard Neighbourhood Stores,-0.35809994674233775,-1.5467577533769674
4604,NEWTON,209,11413.11,1237,54.60818181818182,5.91866028708134,15.464784688995215,0.24401913875598086,172,52,2,Large High-Volume Stores,4.412525806639963,-1.6586259358767943
4605,MARION,34,2734.55,252,80.4279411764706,7.411764705882353,12.776764705882353,0.11764705882352941,31,17,3,Balanced High-Performing Stores,0.4102263373110548,-1.1453045921854714
4607,GUTTENBERG,8,1604.78,190,200.5975,23.75,9.5775,0.0,7,5,1,Standard Neighbourhood Stores,-1.3545082525728125,0.11518519894388292
4608,COUNCIL BLUFFS,32,3445.04,301,107.6575,9.40625,13.468125,0.1875,28,16,3,Balanced High-Performing Stores,0.5578522709626472,-0.5913569031226211
4609,ANKENY,35,2460.78,226,70.308,6.457142857142857,12.657428571428571,0.08571428571428572,32,14,3,Balanced High-Performing Stores,0.20589336690605894,-1.33136810347088
4612,DAVENPORT,27,3586.32,727,132.82666666666668,26.925925925925927,11.078148148148149,0.07407407407407407,24,16,3,Balanced High-Performing Stores,0.8639064801681589,-0.1641357791696166
4613,CARROLL,15,1805.94,180,120.396,12.0,10.962666666666667,0.06666666666666667,14,8,1,Standard Neighbourhood Stores,-0.8398088034460557,-0.7076423405494361
4614,URBANDALE,18,505.99,40,28.110555555555557,2.2222222222222223,15.174444444444443,0.2777777777777778,18,12,1,Standard Neighbourhood Stores,-1.555630824587578,-0.687120498186572
4615,MASON CITY,35,4462.74,505,127.50685714285714,14.428571428571429,14.001714285714286,0.2,31,16,3,Balanced High-Performing Stores,1.0142712892476378,-0.20384723611886604
4616,SPENCER,28,2548.89,208,91.0317857142857,7.428571428571429,13.035357142857142,0.17857142857142858,28,21,3,Balanced High-Performing Stores,0.38602989343792526,-0.8697404134355854
4617,DES MOINES,182,12933.25,1526,71.06181318681318,8.384615384615385,14.712032967032968,0.24175824175824176,151,39,2,Large High-Volume Stores,3.9802989110812788,-1.3348662678156182
4619,FORT MADISON,61,2214.51,325,36.303442622950826,5.327868852459017,8.517049180327868,0.04918032786885246,48,19,3,Balanced High-Performing Stores,0.7852368277005715,-2.222889833133392
4620,FONTANELLE,9,994.5,90,110.5,10.0,11.578888888888889,0.0,9,8,1,Standard Neighbourhood Stores,-1.7734027727398591,-0.887829864805171
4621,MAXWELL,5,488.25,37,97.65,7.4,14.496,0.2,5,5,1,Standard Neighbourhood Stores,-2.807711261113722,0.03211921168953597
4622,DES MOINES,63,3017.5299999999997,720,47.897301587301584,11.428571428571429,8.613650793650793,0.031746031746031744,43,17,3,Balanced High-Performing Stores,1.147175711493807,-1.8883165742052643
4623,VAN METER,13,2325.33,165,178.87153846153845,12.692307692307692,26.693846153846152,0.3076923076923077,13,10,0,Premium Retail Stores,-0.40422828315018794,1.689415572372558
4624,HIAWATHA,21,1135.84,122,54.08761904761904,5.809523809523809,9.92904761904762,0.047619047619047616,20,14,1,Standard Neighbourhood Stores,-0.8054770674172045,-1.6446206767187912
4626,COUNCIL BLUFFS,49,2837.56,338,57.90938775510204,6.8979591836734695,12.093877551020409,0.08163265306122448,38,16,3,Balanced High-Performing Stores,0.6804314526253956,-1.5316973683847033
4627,SULLY,10,827.86,56,82.786,5.6,13.290000000000001,0.1,10,8,1,Standard Neighbourhood Stores,-1.9238968560257517,-0.7819643986622498
4628,OELWEIN,6,960.3,72,160.04999999999998,12.0,14.726666666666667,0.0,6,5,1,Standard Neighbourhood Stores,-2.1837173004706987,-0.1587337225357155
4629,GLENWOOD,38,2989.0,429,78.65789473684211,11.289473684210526,14.654736842105264,0.10526315789473684,32,13,3,Balanced High-Performing Stores,0.6023641573753796,-0.8359647671707133
4630,DAVENPORT,43,5333.31,1101,124.03046511627907,25.6046511627907,7.433488372093023,0.023255813953488372,35,19,3,Balanced High-Performing Stores,1.5438456118326318,-0.8968901532557175
4631,CEDAR FALLS,35,2640.7200000000003,213,75.44914285714286,6.085714285714285,18.479142857142858,0.2,30,16,3,Balanced High-Performing Stores,0.38805791906880416,-0.47990965101971267
4632,DES MOINES,9,427.11,27,47.45666666666667,3.0,26.345555555555553,0.4444444444444444,8,7,0,Premium Retail Stores,-2.3153134812951994,1.1963060879350023
4633,CARTER LAKE,38,3621.51,594,95.3028947368421,15.631578947368421,11.05342105263158,0.13157894736842105,32,20,3,Balanced High-Performing Stores,1.0900524372599472,-0.832959991973255
4634,CEDAR RAPIDS,35,1737.1200000000001,243,49.632000000000005,6.942857142857143,8.430285714285715,0.02857142857142857,26,12,3,Balanced High-Performing Stores,-0.15946253729608295,-1.8900617183441333
4635,CEDAR RAPIDS,19,1304.6299999999999,223,68.66473684210526,11.736842105263158,8.560526315789474,0.0,18,11,1,Standard Neighbourhood Stores,-0.6980787049982276,-1.4981851316976011
4636,CEDAR RAPIDS,15,1225.07,259,81.67133333333332,17.266666666666666,6.908666666666666,0.0,13,8,1,Standard Neighbourhood Stores,-0.9595746764520896,-1.1848322704720684
4637,CEDAR RAPIDS,50,2451.32,428,49.0264,8.56,8.7658,0.06,42,23,3,Balanced High-Performing Stores,0.9794717636470773,-1.9441722504635839
4638,DAVENPORT,79,15408.38,1311,195.04278481012656,16.59493670886076,17.84278481012658,0.2911392405063291,68,30,2,Large High-Volume Stores,3.2340142180307985,0.4215306048131652
4640,DAVENPORT,35,9220.09,514,263.43114285714285,14.685714285714285,18.046857142857142,0.3142857142857143,31,20,3,Balanced High-Performing Stores,1.7184366652962093,1.102865007048594
4641,DES MOINES,41,3104.0299999999997,299,75.7080487804878,7.2926829268292686,12.59560975609756,0.14634146341463414,37,19,3,Balanced High-Performing Stores,0.7607258111511968,-1.1712788320075207
4642,WATERLOO,40,3732.3,385,93.3075,9.625,12.68675,0.125,36,18,3,Balanced High-Performing Stores,0.8941152446404598,-1.0205759457639298
4643,RED OAK,8,1249.8,168,156.225,21.0,8.7675,0.0,8,6,1,Standard Neighbourhood Stores,-1.491375400145687,-0.3202886062612502
4644,DAVENPORT,31,2634.63,468,84.98806451612903,15.096774193548388,8.530645161290321,0.0967741935483871,29,13,3,Balanced High-Performing Stores,0.43590095820593294,-1.1036631962863015
4645,ELDRIDGE,14,685.15,67,48.93928571428571,4.785714285714286,10.060714285714285,0.07142857142857142,13,11,1,Standard Neighbourhood Stores,-1.672379247291681,-1.4681179543442688
4647,WATERLOO,19,1822.86,254,95.94,13.368421052631579,9.308947368421054,0.10526315789473684,17,12,1,Standard Neighbourhood Stores,-0.39185424685789966,-0.8737239017838146
4648,WATERLOO,44,7988.75,1091,181.5625,24.795454545454547,12.355454545454545,0.18181818181818182,40,19,3,Balanced High-Performing Stores,1.9735390174587641,0.2395779303783273
4649,COUNCIL BLUFFS,8,336.27,33,42.03375,4.125,10.90875,0.0,7,7,1,Standard Neighbourhood Stores,-2.8672012940260094,-1.4915631954962278
4651,JEWELL,14,961.35,106,68.66785714285714,7.571428571428571,10.307857142857143,0.0,13,10,1,Standard Neighbourhood Stores,-1.4091961659356438,-1.4471661541629122
4652,DAVENPORT,47,7934.07,878,168.81,18.680851063829788,14.864680851063829,0.2553191489361702,38,20,3,Balanced High-Performing Stores,1.9285944005297022,0.3266633920392489
4653,JEFFERSON,25,2197.96,245,87.9184,9.8,10.5672,0.08,23,11,1,Standard Neighbourhood Stores,-0.17388521580894198,-1.1399973970956128
4654,STUART,31,2983.98,250,96.25741935483872,8.064516129032258,14.456451612903225,0.12903225806451613,28,16,3,Balanced High-Performing Stores,0.3685366911034013,-0.8219067454447051
4655,PRAIRIE CITY,15,877.54,73,58.50266666666666,4.866666666666666,16.035333333333334,0.2,14,9,1,Standard Neighbourhood Stores,-1.4080424729352958,-0.4966260519183245
4656,AMES,13,1193.22,123,91.78615384615385,9.461538461538462,14.833846153846151,0.07692307692307693,13,9,1,Standard Neighbourhood Stores,-1.200131705546736,-0.5986407688238705
4657,WELLSBURG,9,698.46,75,77.60666666666667,8.333333333333334,10.51,0.1111111111111111,8,5,1,Standard Neighbourhood Stores,-2.1229741693628745,-0.7844962068649939
4658,IOWA FALLS,7,654.75,74,93.53571428571429,10.571428571428571,11.361428571428572,0.14285714285714285,7,7,1,Standard Neighbourhood Stores,-2.1603570481120724,-0.39788360116703225
4659,CONRAD,15,1468.58,133,97.90533333333333,8.866666666666667,21.892,0.3333333333333333,13,10,0,Premium Retail Stores,-0.7636179441898808,0.8069074150148815
4660,CEDAR RAPIDS,27,3049.03,487,112.92703703703704,18.037037037037038,20.040000000000003,0.18518518518518517,25,13,3,Balanced High-Performing Stores,0.6155595143939103,0.44288996490024674
4661,GRIMES,49,1744.46,264,35.60122448979592,5.387755102040816,10.04061224489796,0.061224489795918366,35,15,3,Balanced High-Performing Stores,0.2628828795410939,-1.9292831084378514
4662,CEDAR RAPIDS,13,1065.96,114,81.99692307692308,8.76923076923077,10.540000000000001,0.07692307692307693,12,9,1,Standard Neighbourhood Stores,-1.3655214199362165,-1.0128762416109265
4663,PEOSTA,12,1599.94,122,133.32833333333335,10.166666666666666,16.550833333333333,0.08333333333333333,12,10,1,Standard Neighbourhood Stores,-1.0462939982208366,-0.19466517989946316
4664,BOONE,20,3080.4,420,154.02,21.0,8.500499999999999,0.0,16,10,1,Standard Neighbourhood Stores,-0.020506715287317352,-0.6275556408117817
4665,ANKENY,27,3290.11,286,121.85592592592593,10.592592592592593,15.16037037037037,0.1111111111111111,24,10,3,Balanced High-Performing Stores,0.16178445360666222,-0.469153736857878
4667,BEVINGTON,8,497.09999999999997,60,62.137499999999996,7.5,10.7175,0.125,8,4,1,Standard Neighbourhood Stores,-2.4269066928074086,-0.8114882468705418
4668,CLEAR LAKE,46,4088.64,343,88.88347826086957,7.456521739130435,13.565652173913042,0.13043478260869565,36,19,3,Balanced High-Performing Stores,0.9663932567370084,-1.084828032909258
4669,DES MOINES,10,1067.67,46,106.76700000000001,4.6,28.578000000000003,0.8,10,6,0,Premium Retail Stores,-1.3517293559866728,2.9047637402403836
4670,TRIPOLI,27,2641.51,226,97.8337037037037,8.37037037037037,12.355185185185185,0.1111111111111111,25,15,3,Balanced High-Performing Stores,0.1140679434526475,-0.9806354082224538
4673,WEST POINT,60,8691.33,553,144.8555,9.216666666666667,17.404666666666667,0.3,48,23,3,Balanced High-Performing Stores,2.0414923049182003,0.013377440187674497
4674,AMES,41,3456.71,293,84.31,7.146341463414634,15.337317073170732,0.1951219512195122,32,15,3,Balanced High-Performing Stores,0.6506451075936784,-0.6780848313802389
4675,AMES,36,2511.17,239,69.75472222222223,6.638888888888889,12.743333333333332,0.1388888888888889,31,16,3,Balanced High-Performing Stores,0.34021879563540447,-1.1614699111479416
4676,SIOUX CITY,11,906.6800000000001,104,82.42545454545456,9.454545454545455,12.355454545454545,0.18181818181818182,11,11,1,Standard Neighbourhood Stores,-1.397369107372229,-0.46683556146188215
4677,CORALVILLE,38,65730.27,3529,1729.7439473684212,92.86842105263158,43.59342105263158,0.7894736842105263,33,19,4,Specialized Wholesale Stores,6.365879164580901,15.051814451252115
4678,ADEL,72,13574.26,929,188.5313888888889,12.902777777777779,17.06986111111111,0.2638888888888889,66,30,2,Large High-Volume Stores,2.9370995164351226,0.07992672960776187
4679,CEDAR RAPIDS,16,1905.94,122,119.12125,7.625,20.309375,0.625,13,11,0,Premium Retail Stores,-0.45176920403654497,1.6850509893995984
4681,WEST UNION,14,975.84,77,69.70285714285714,5.5,14.438571428571427,0.21428571428571427,14,10,1,Standard Neighbourhood Stores,-1.3287488103100573,-0.49456721633189504
4684,INDIANOLA,31,3213.46,419,103.66,13.516129032258064,15.800967741935484,0.22580645161290322,28,16,3,Balanced High-Performing Stores,0.7243225939439465,-0.09499214244699693
4685,DUBUQUE,9,1002.59,95,111.39888888888889,10.555555555555555,11.012222222222222,0.1111111111111111,9,8,1,Standard Neighbourhood Stores,-1.678474350826899,-0.5290124601280949
4686,CLINTON,16,639.2,128,39.95,8.0,8.459375,0.0,16,10,1,Standard Neighbourhood Stores,-1.3939871034216973,-1.7778734341102758
4687,CEDAR RAPIDS,34,1326.11,145,39.003235294117644,4.264705882352941,12.797941176470587,0.08823529411764706,31,15,3,Balanced High-Performing Stores,-0.23010870704283581,-1.5773362730360772
4688,CARROLL,13,1922.78,142,147.90615384615384,10.923076923076923,14.767692307692307,0.3076923076923077,13,8,1,Standard Neighbourhood Stores,-0.7774814169733535,0.5211371379318667
4689,FORT MADISON,8,852.48,58,106.56,7.25,16.5225,0.375,8,7,0,Premium Retail Stores,-1.8623336466412037,0.671518022395331
4690,BALDWIN,9,792.39,125,88.04333333333334,13.88888888888889,10.071111111111112,0.1111111111111111,9,7,1,Standard Neighbourhood Stores,-1.7058617715244833,-0.5487924787065337
4692,KEOKUK,5,754.32,48,150.864,9.6,17.25,0.2,5,3,1,Standard Neighbourhood Stores,-2.5116119686544263,0.6338686625068796
4694,DAVENPORT,42,3974.02,481,94.61952380952381,11.452380952380953,14.106666666666667,0.11904761904761904,37,19,3,Balanced High-Performing Stores,1.0985848203040904,-0.856521596467481
4695,ALTOONA,11,1067.98,90,97.08909090909091,8.181818181818182,16.27,0.2727272727272727,10,9,1,Standard Neighbourhood Stores,-1.3996857215956737,0.20637409399427004
4696,WEST DES MOINES,49,1713.69,374,34.97326530612245,7.63265306122449,7.476734693877551,0.0,37,15,3,Balanced High-Performing Stores,0.3659435598349669,-2.251990916707567
4697,IOWA CITY,65,15047.619999999999,1683,231.50184615384615,25.892307692307693,17.44753846153846,0.26153846153846155,59,25,2,Large High-Volume Stores,3.1019598546847553,1.011597014435972
4698,FAIRFIELD,68,6835.98,505,100.52911764705881,7.426470588235294,18.71044117647059,0.35294117647058826,59,27,3,Balanced High-Performing Stores,2.186716896915813,-0.09699192150375455
4699,BETTENDORF,5,594.1800000000001,36,118.83600000000001,7.2,16.956,0.4,5,4,0,Premium Retail Stores,-2.6045947665082347,1.0084748177005136
4700,ALLISON,26,1129.86,94,43.45615384615384,3.6153846153846154,11.638846153846155,0.038461538461538464,21,14,1,Standard Neighbourhood Stores,-0.8149521572557804,-1.7295548591556615
4703,SIOUX CITY,15,2526.65,200,168.44333333333333,13.333333333333334,13.976666666666667,0.2,15,12,1,Standard Neighbourhood Stores,-0.31448535344341844,0.21575874654545033
4704,COUNCIL BLUFFS,7,485.68,68,69.38285714285715,9.714285714285714,15.572857142857142,0.2857142857142857,7,6,1,Standard Neighbourhood Stores,-2.2406358558750212,0.27564319641377055
4705,CORALVILLE,12,1240.1100000000001,101,103.34250000000002,8.416666666666666,14.9925,0.25,12,9,1,Standard Neighbourhood Stores,-1.2081165852882803,0.02731946938021376
4708,GLENWOOD,28,3504.96,246,125.17714285714285,8.785714285714286,14.733571428571429,0.10714285714285714,25,14,3,Balanced High-Performing Stores,0.28732926563461475,-0.6445854441078638
4709,AMES,7,860.16,66,122.88,9.428571428571429,14.422857142857143,0.14285714285714285,7,7,1,Standard Neighbourhood Stores,-2.046310118949554,-0.06332135681917837
4710,DUBUQUE,15,2126.64,132,141.77599999999998,8.8,16.02466666666667,0.26666666666666666,14,13,1,Standard Neighbourhood Stores,-0.5382893202753216,0.2670340023835093
4711,DUBUQUE,9,1249.9,80,138.8777777777778,8.88888888888889,17.16,0.3333333333333333,9,7,0,Premium Retail Stores,-1.4745328498889514,0.779918764087297
4712,DUBUQUE,20,1957.83,105,97.8915,5.25,19.75,0.4,20,13,0,Premium Retail Stores,-0.3446686275365279,0.5464061386274132
4713,CORALVILLE,9,991.98,93,110.22,10.333333333333334,11.204444444444444,0.0,9,8,1,Standard Neighbourhood Stores,-1.763179807689842,-0.9037498383114793
4714,INDIANOLA,5,521.0,34,104.2,6.8,17.066,0.4,5,5,0,Premium Retail Stores,-2.657952820393399,0.9170190478093975
4715,WEST DES MOINES,9,1514.52,114,168.28,12.666666666666666,13.124444444444444,0.1111111111111111,8,6,1,Standard Neighbourhood Stores,-1.4689301048677008,0.05145154923885202
4716,SPENCER,5,849.15,45,169.82999999999998,9.0,20.322,0.6,5,4,0,Premium Retail Stores,-2.1499540776161106,2.2778115406285973
4717,BETTENDORF,5,870.66,54,174.132,10.8,19.46,0.4,5,4,0,Premium Retail Stores,-2.188716328662187,1.6392877265271644
4718,WEST DES MOINES,10,1852.44,132,185.244,13.2,17.011000000000003,0.3,10,7,0,Premium Retail Stores,-0.9841198729627306,1.0454443807798857
4719,WEST DES MOINES,16,1885.8899999999999,145,117.86812499999999,9.0625,13.8575,0.125,15,10,1,Standard Neighbourhood Stores,-0.7400981686315995,-0.47072309087744235
4720,CHARITON,26,3463.38,315,133.2069230769231,12.115384615384615,12.714230769230769,0.07692307692307693,19,12,3,Balanced High-Performing Stores,0.1522202197665279,-0.6351885321431916
4722,BURLINGTON,7,1468.44,102,209.77714285714288,14.571428571428571,16.167142857142856,0.14285714285714285,7,7,1,Standard Neighbourhood Stores,-1.5148520025376144,0.7260369521258451
4723,CEDAR FALLS,6,1270.26,75,211.71,12.5,20.485,0.3333333333333333,6,6,0,Premium Retail Stores,-1.6886833548181068,1.6804037264500604
4724,NEWTON,5,439.56,36,87.912,7.2,12.902000000000001,0.2,5,4,1,Standard Neighbourhood Stores,-2.922202664012126,-0.14167915236275752
4725,ANKENY,63,4895.8,441,77.71111111111111,7.0,16.805238095238096,0.19047619047619047,46,23,3,Balanced High-Performing Stores,1.5682159511210365,-0.8290030799152545
4726,ANKENY,30,4797.3,315,159.91,10.5,16.500333333333334,0.3,26,15,3,Balanced High-Performing Stores,0.7778657495642534,0.3639206202640404
4727,ANKENY,9,1615.1399999999999,96,179.45999999999998,10.666666666666666,17.663333333333334,0.3333333333333333,9,6,0,Premium Retail Stores,-1.2770109930809892,1.105454819757377
4728,IOWA CITY,15,1391.42,90,92.76133333333334,6.0,17.408,0.4,13,9,0,Premium Retail Stores,-0.9995049250639914,0.5225638954685595
4729,DENISON,15,1627.63,139,108.50866666666667,9.266666666666667,11.681333333333333,0.0,15,13,1,Standard Neighbourhood Stores,-0.8390768583982441,-1.1294034874778278
4730,JOHNSTON,17,2300.19,122,135.30529411764707,7.176470588235294,20.171764705882353,0.47058823529411764,17,11,0,Premium Retail Stores,-0.32669086179074236,1.1575364840674645
4731,CLIVE,13,2007.6,126,154.43076923076922,9.692307692307692,16.756923076923076,0.38461538461538464,11,8,0,Premium Retail Stores,-0.8112720895384885,0.9408324456204078
4732,CLIVE,16,2973.12,150,185.82,9.375,21.14625,0.5,15,12,0,Premium Retail Stores,-0.08658631387689274,1.6909991526251178
4733,URBANDALE,16,2116.9,140,132.30625,8.75,17.538125,0.375,13,10,0,Premium Retail Stores,-0.5599491574104472,0.746040370113457
4734,URBANDALE,14,1859.1599999999999,147,132.79714285714286,10.5,13.902142857142858,0.07142857142857142,12,9,1,Standard Neighbourhood Stores,-0.9283067896409902,-0.44354020688574886
4735,OTTUMWA,5,811.44,90,162.288,18.0,10.68,0.0,5,5,1,Standard Neighbourhood Stores,-2.281327128697297,-0.14249312694312644
4736,MARION,12,1396.18,116,116.34833333333334,9.666666666666666,13.626666666666667,0.16666666666666666,10,7,1,Standard Neighbourhood Stores,-1.3024035180030966,-0.18983111093130128
4738,COUNCIL BLUFFS,23,2686.06,355,116.78521739130434,15.434782608695652,11.711739130434783,0.08695652173913043,20,10,3,Balanced High-Performing Stores,0.010348015196580037,-0.5720300734223941
4740,COUNCIL BLUFFS,12,1994.3,148,166.19166666666666,12.333333333333334,14.726666666666667,0.16666666666666666,9,10,1,Standard Neighbourhood Stores,-0.9184218963850749,0.2412730085211977
4741,COUNCIL BLUFFS,19,2092.34,174,110.12315789473685,9.157894736842104,16.212105263157895,0.2631578947368421,18,11,3,Balanced High-Performing Stores,-0.3448270785105846,0.08775291100230434
4742,COUNCIL BLUFFS,13,1452.24,114,111.71076923076923,8.76923076923077,13.163846153846153,0.15384615384615385,13,8,1,Standard Neighbourhood Stores,-1.1418848154246517,-0.39911973493269054
4743,COUNCIL BLUFFS,54,7779.51,599,144.065,11.092592592592593,13.257222222222222,0.12962962962962962,48,23,3,Balanced High-Performing Stores,1.851504661333811,-0.7965805188435822
4744,CEDAR RAPIDS,16,1871.35,157,116.959375,9.8125,13.456875,0.125,14,10,1,Standard Neighbourhood Stores,-0.741319265118521,-0.4608323322283999
4745,CEDAR RAPIDS,5,992.52,54,198.504,10.8,19.392000000000003,0.6,5,4,0,Premium Retail Stores,-1.982538343827805,2.42020176500089
4746,MUSCATINE,11,1198.17,73,108.92454545454547,6.636363636363637,17.54090909090909,0.18181818181818182,10,8,1,Standard Neighbourhood Stores,-1.5163735101157374,-0.00019125382467615859
4747,DAVENPORT,8,1339.68,106,167.46,13.25,14.705,0.25,7,7,1,Standard Neighbourhood Stores,-1.4949073693795352,0.6941162321909099
4748,DAVENPORT,11,1312.9,92,119.35454545454546,8.363636363636363,13.840000000000002,0.18181818181818182,11,8,1,Standard Neighbourhood Stores,-1.3655479595194475,-0.18439173142837922
4749,DAVENPORT,11,1702.09,81,154.73545454545453,7.363636363636363,21.745454545454546,0.6363636363636364,11,7,0,Premium Retail Stores,-0.9477231196619905,2.1170202793018937
4750,DAVENPORT,7,1122.84,84,160.40571428571428,12.0,14.118571428571428,0.2857142857142857,7,6,1,Standard Neighbourhood Stores,-1.736346829967255,0.702616501497954
4752,BURLINGTON,46,6359.96,791,138.26,17.195652173913043,10.499782608695652,0.06521739130434782,38,18,3,Balanced High-Performing Stores,1.5087550425034848,-0.8537002526363338
4753,ADAIR,10,1036.87,102,103.68699999999998,10.2,21.003,0.2,10,6,1,Standard Neighbourhood Stores,-1.4824613398666486,0.5173163403603743
4754,WAVERLY,9,1403.6399999999999,126,155.95999999999998,14.0,12.93,0.1111111111111111,8,5,1,Standard Neighbourhood Stores,-1.5005644799510367,0.05307028464788587
4756,MARSHALLTOWN,6,547.92,51,91.32,8.5,13.948333333333332,0.16666666666666666,6,6,1,Standard Neighbourhood Stores,-2.4988360765288173,-0.1633993450222072
4757,BONDURANT,107,4387.68,712,41.00635514018692,6.654205607476635,13.80803738317757,0.205607476635514,86,32,3,Balanced High-Performing Stores,2.4756440156694817,-1.5122627042227088
4759,WATERLOO,7,854.1,99,122.01428571428572,14.142857142857142,11.765714285714285,0.14285714285714285,6,5,1,Standard Neighbourhood Stores,-2.016452524279368,-0.012595815055229088
4760,WATERLOO,10,1319.16,102,131.916,10.2,13.807999999999998,0.2,9,9,1,Standard Neighbourhood Stores,-1.3669936699431235,0.052396400021482596
4761,WATERLOO,6,925.08,72,154.18,12.0,12.848333333333334,0.16666666666666666,5,5,1,Standard Neighbourhood Stores,-2.187818732234915,0.2505452609878532
4762,FORT ATKINSON,30,2892.31,226,96.41033333333333,7.533333333333333,13.356666666666666,0.1,27,14,3,Balanced High-Performing Stores,0.18270754638405592,-0.9985635911429207
4764,FORT DODGE,32,3191.38,286,99.730625,8.9375,15.1384375,0.1875,28,19,3,Balanced High-Performing Stores,0.6220620594567379,-0.5516181759130646
4765,DUBUQUE,8,593.1700000000001,49,74.14625000000001,6.125,12.969999999999999,0.125,8,8,1,Standard Neighbourhood Stores,-2.2671558795455584,-0.6794813629269447
4766,DUBUQUE,7,517.3,34,73.89999999999999,4.857142857142857,14.882857142857144,0.14285714285714285,6,6,1,Standard Neighbourhood Stores,-2.671033223296481,-0.4404093530119304
4767,ANKENY,26,2568.54,291,98.78999999999999,11.192307692307692,14.400769230769232,0.2692307692307692,22,12,3,Balanced High-Performing Stores,0.1667083911044609,-0.08399697991308597
4768,URBANDALE,5,397.84,53,79.568,10.6,15.080000000000002,0.2,4,4,1,Standard Neighbourhood Stores,-2.857998103850377,0.1847252265119572
4769,ELMA,16,2997.42,162,187.33875,10.125,19.563125,0.4375,11,11,0,Premium Retail Stores,-0.27115344838699146,1.4574205460027625
4770,HUDSON,8,1064.2,94,133.025,11.75,16.295,0.25,8,6,1,Standard Neighbourhood Stores,-1.6467153622439539,0.5810223540710981
4771,CEDAR RAPIDS,9,379.86,74,42.20666666666667,8.222222222222221,8.215555555555556,0.0,9,6,1,Standard Neighbourhood Stores,-2.4039731816552163,-1.5616361137607169
4773,WEST DES MOINES,23,610.71,60,26.552608695652175,2.608695652173913,11.408695652173913,0.17391304347826086,21,13,1,Standard Neighbourhood Stores,-1.2364908478592633,-1.4038351916414589
4774,ESTHERVILLE,21,2155.2,219,102.62857142857142,10.428571428571429,14.476666666666667,0.19047619047619047,19,12,3,Balanced High-Performing Stores,-0.20875265252119596,-0.3074818744251249
4775,DAKOTA CITY,14,1128.58,149,80.61285714285714,10.642857142857142,11.48857142857143,0.21428571428571427,13,8,1,Standard Neighbourhood Stores,-1.1038539696586422,-0.40341119384920493
4777,PAULLINA,14,1741.44,241,124.38857142857144,17.214285714285715,16.39642857142857,0.21428571428571427,13,6,1,Standard Neighbourhood Stores,-0.6726815503963582,0.5392979273439595
4779,MOUNT AYR,11,1892.04,205,172.00363636363636,18.636363636363637,18.503636363636364,0.18181818181818182,10,8,1,Standard Neighbourhood Stores,-0.7644755921872854,0.9413871110926519
4780,BRITT,15,2074.7,262,138.31333333333333,17.466666666666665,10.484,0.06666666666666667,15,8,1,Standard Neighbourhood Stores,-0.5499280629690281,-0.41348955238036667
4781,EARLY,11,1390.34,122,126.39454545454545,11.090909090909092,18.21,0.18181818181818182,11,7,1,Standard Neighbourhood Stores,-1.197928779357792,0.3419024464070236
4782,LAMONI,5,564.8399999999999,60,112.96799999999999,12.0,9.414,0.0,5,5,1,Standard Neighbourhood Stores,-2.6948033861448275,-0.7623227337349209
4783,EMMETSBURG,15,1523.94,151,101.596,10.066666666666666,15.370000000000001,0.13333333333333333,14,10,1,Standard Neighbourhood Stores,-0.8492483620873016,-0.33160718600090705
4785,AVOCA,25,2903.99,406,116.1596,16.24,10.0528,0.04,21,9,3,Balanced High-Performing Stores,0.06893760968798864,-0.8365171048411181
4786,WINTERSET,21,1644.02,217,78.28666666666666,10.333333333333334,12.667619047619047,0.19047619047619047,18,10,1,Standard Neighbourhood Stores,-0.4565014396803968,-0.5445211690094831
4787,SWISHER,31,1803.21,258,58.168064516129036,8.32258064516129,13.539032258064516,0.12903225806451613,26,14,3,Balanced High-Performing Stores,0.03695179444236985,-1.0373861889599931
4788,CEDAR RAPIDS,8,1733.58,114,216.6975,14.25,16.84875,0.375,8,8,0,Premium Retail Stores,-1.1099196635813404,1.5309750371829833
4790,MEDIAPOLIS,18,950.5600000000001,67,52.808888888888895,3.7222222222222223,18.021666666666665,0.2777777777777778,18,10,0,Premium Retail Stores,-1.137855877931459,-0.23243215394125696
4792,DE SOTO,14,1244.95,127,88.925,9.071428571428571,13.241428571428571,0.2857142857142857,14,10,1,Standard Neighbourhood Stores,-0.964009490996748,-0.08981953332549268
4793,FORT MADISON,15,1035.59,88,69.03933333333333,5.866666666666666,20.254,0.2,15,9,1,Standard Neighbourhood Stores,-1.1843330478307943,-0.06787928058337742
4794,BURLINGTON,158,10586.84,868,67.0053164556962,5.493670886075949,14.969367088607594,0.20253164556962025,132,43,2,Large High-Volume Stores,3.664402736582111,-1.6040312489150574
4795,DES MOINES,22,3023.82,198,137.44636363636366,9.0,16.740454545454547,0.3181818181818182,19,12,3,Balanced High-Performing Stores,0.03154188686954708,0.3981166272386498
4796,DES MOINES,5,778.44,78,155.68800000000002,15.6,12.047999999999998,0.2,5,4,1,Standard Neighbourhood Stores,-2.274689657802829,0.5081723764539278
4797,DES MOINES,7,1163.04,78,166.14857142857142,11.142857142857142,14.94714285714286,0.0,7,6,1,Standard Neighbourhood Stores,-1.9268231877764397,-0.20623079284667112
4798,DES MOINES,5,1058.58,60,211.71599999999998,12.0,18.79,0.2,5,4,1,Standard Neighbourhood Stores,-2.1551069918401238,1.1421350618307091
4799,DES MOINES,13,1792.26,114,137.86615384615385,8.76923076923077,16.23153846153846,0.3076923076923077,10,10,0,Premium Retail Stores,-0.9416406364125834,0.5102766265108124
4800,DES MOINES,14,2341.2,191,167.22857142857143,13.642857142857142,16.622142857142858,0.21428571428571427,12,9,1,Standard Neighbourhood Stores,-0.5547614333790909,0.5672597472052787
4801,DES MOINES,28,5728.86,366,204.60214285714284,13.071428571428571,15.916785714285714,0.21428571428571427,19,16,3,Balanced High-Performing Stores,0.7870636947041776,0.4074708453417882
4802,DES MOINES,41,6571.26,450,160.27463414634147,10.975609756097562,15.489268292682926,0.14634146341463414,33,22,3,Balanced High-Performing Stores,1.4136303926217293,-0.37577776858342116
4803,DES MOINES,35,6095.22,444,174.14914285714286,12.685714285714285,15.341714285714287,0.2571428571428571,24,18,3,Balanced High-Performing Stores,1.130710221215232,0.2533028390699335
4804,DES MOINES,18,2682.76,181,149.04222222222222,10.055555555555555,16.512222222222224,0.2777777777777778,14,11,3,Balanced High-Performing Stores,-0.3012044175215973,0.4365941135249222
4805,FORT DODGE,39,3236.74,553,82.99333333333333,14.179487179487179,9.230512820512821,0.05128205128205128,36,22,3,Balanced High-Performing Stores,1.0595644858388964,-1.4268391088570023
4806,WEST LIBERTY,35,6279.5599999999995,319,179.416,9.114285714285714,24.365142857142857,0.42857142857142855,34,23,3,Balanced High-Performing Stores,1.5285019429064648,1.2979931457290022
4807,WILLIAMSBURG,25,3222.72,200,128.90879999999999,8.0,17.3908,0.32,22,13,3,Balanced High-Performing Stores,0.20013307218555185,0.3163576150409966
4808,COUNCIL BLUFFS,36,3871.74,840,107.54833333333333,23.333333333333332,10.059166666666666,0.05555555555555555,26,14,3,Balanced High-Performing Stores,0.9413795538491593,-0.630011213129371
4810,ANKENY,54,2872.89,234,53.20166666666666,4.333333333333333,14.058518518518518,0.16666666666666666,41,17,3,Balanced High-Performing Stores,0.7050190415340817,-1.2665407858850741
4811,LOVILIA,6,477.0,30,79.5,5.0,14.446666666666667,0.16666666666666666,6,5,1,Standard Neighbourhood Stores,-2.8209000413912255,-0.3314958416246178
4812,CHARLES CITY,14,2104.9700000000003,274,150.35500000000002,19.571428571428573,12.807857142857143,0.14285714285714285,13,10,1,Standard Neighbourhood Stores,-0.437571387745099,0.19686346155813
4813,GRAND MOUND,8,431.08,50,53.885,6.25,8.4775,0.0,8,8,1,Standard Neighbourhood Stores,-2.525331500368309,-1.560581141505471
4817,KNOXVILLE,17,1846.51,188,108.61823529411765,11.058823529411764,17.154117647058825,0.17647058823529413,17,11,1,Standard Neighbourhood Stores,-0.46248654726047506,-0.021821881013275875
4818,DECORAH,53,5645.78,513,106.52415094339622,9.679245283018869,14.74056603773585,0.18867924528301888,46,25,3,Balanced High-Performing Stores,1.714331459308628,-0.7360973283962995
4819,ALTOONA,69,2843.06,327,41.203768115942026,4.739130434782608,12.170579710144928,0.11594202898550725,66,27,3,Balanced High-Performing Stores,1.4458260994249799,-1.8683374383029052
4820,INWOOD,18,987.96,77,54.88666666666667,4.277777777777778,12.873333333333333,0.16666666666666666,17,14,1,Standard Neighbourhood Stores,-1.0682181741688126,-1.024026439030123
4821,OSKALOOSA,16,2169.82,258,135.61375,16.125,10.331875,0.0625,14,8,1,Standard Neighbourhood Stores,-0.5632331421580131,-0.5133145260465809
4823,CRESTON,15,1153.18,118,76.87866666666667,7.866666666666666,19.354666666666667,0.3333333333333333,14,8,0,Premium Retail Stores,-0.9978183495424758,0.4633647455754658
4824,CRESTON,19,2825.75,217,148.72368421052633,11.421052631578947,17.832105263157896,0.21052631578947367,19,13,3,Balanced High-Performing Stores,-0.0046611893778653124,0.2982826179260073
4825,OSCEOLA,16,1911.52,211,119.47,13.1875,15.673125,0.125,15,10,1,Standard Neighbourhood Stores,-0.5365035517096863,-0.12198030935528774
4827,IOWA CITY,18,3630.56,292,201.6977777777778,16.22222222222222,15.229444444444445,0.2777777777777778,16,14,3,Balanced High-Performing Stores,0.2656563931068783,0.8123825281614868
4828,MARSHALLTOWN,15,1863.04,201,124.20266666666666,13.4,12.461333333333332,0.13333333333333333,12,7,1,Standard Neighbourhood Stores,-0.8137803097548969,-0.2407469943264791
4829,DES MOINES,754,435134.36,25218,577.101273209549,33.44562334217507,20.261538461538464,0.4124668435013263,433,64,2,Large High-Volume Stores,9.362369835590156,2.524622424013457
4831,BOONE,21,1612.52,128,76.78666666666666,6.095238095238095,14.612380952380953,0.23809523809523808,21,13,1,Standard Neighbourhood Stores,-0.47456325915392156,-0.4931371444320014
4835,CEDAR RAPIDS,7,719.41,106,102.77285714285713,15.142857142857142,11.200000000000001,0.14285714285714285,7,7,1,Standard Neighbourhood Stores,-1.9398694353805344,-0.14991840914651502
4836,IOWA CITY,13,1238.18,106,95.24461538461539,8.153846153846153,13.412307692307694,0.15384615384615385,13,9,1,Standard Neighbourhood Stores,-1.2146139182714064,-0.498853502453578
4837,IOWA CITY,19,1340.21,123,70.53736842105263,6.473684210526316,13.224736842105262,0.15789473684210525,18,13,1,Standard Neighbourhood Stores,-0.7355734268171097,-0.8499659119558562
4838,OGDEN,5,502.4,38,100.47999999999999,7.6,13.703999999999999,0.2,5,4,1,Standard Neighbourhood Stores,-2.826389150847413,0.002812621197444686
4839,NORTHWOOD,20,2128.2,146,106.41,7.3,15.794,0.2,16,11,1,Standard Neighbourhood Stores,-0.5007052299105539,-0.250334620830397
4840,WATERLOO,22,1470.04,204,66.82,9.272727272727273,7.867272727272728,0.045454545454545456,20,14,1,Standard Neighbourhood Stores,-0.4754632388572533,-1.5984412793257876
4841,DAVENPORT,6,583.5600000000001,67,97.26,11.166666666666666,10.431666666666667,0.16666666666666666,6,5,1,Standard Neighbourhood Stores,-2.4146889783753895,-0.2817074313805243
4843,MUSCATINE,13,681.03,81,52.386923076923075,6.230769230769231,10.644615384615385,0.07692307692307693,12,8,1,Standard Neighbourhood Stores,-1.7506374062984227,-1.260466766801702
4844,IOWA CITY,22,932.33,108,42.37863636363637,4.909090909090909,11.833181818181817,0.045454545454545456,22,13,1,Standard Neighbourhood Stores,-0.9022968809533937,-1.6118629493944556
4846,ONAWA,7,1342.5,114,191.78571428571428,16.285714285714285,16.68857142857143,0.2857142857142857,7,4,1,Standard Neighbourhood Stores,-1.5244155165594662,1.2826816889739154
4847,LECLAIRE,37,2168.7,159,58.61351351351351,4.297297297297297,12.486216216216217,0.13513513513513514,33,21,3,Balanced High-Performing Stores,0.3158112547275339,-1.4314476233837556
4848,WINTERSET,30,1939.52,187,64.65066666666667,6.233333333333333,14.081666666666667,0.23333333333333334,26,11,3,Balanced High-Performing Stores,-0.11762400500281467,-0.6667910239805834
4849,DES MOINES,7,1254.48,348,179.21142857142857,49.714285714285715,6.542857142857143,0.14285714285714285,6,4,1,Standard Neighbourhood Stores,-1.082107427743251,1.5503598005069636
4852,CEDAR RAPIDS,14,1042.1399999999999,94,74.43857142857142,6.714285714285714,20.47714285714286,0.42857142857142855,12,7,0,Premium Retail Stores,-1.1905246022084395,0.8549430494852663
4853,JOHNSTON,30,1682.1399999999999,191,56.07133333333333,6.366666666666666,13.549666666666667,0.23333333333333334,24,14,3,Balanced High-Performing Stores,-0.10326742926322756,-0.7689890604407091
4854,ARMSTRONG,9,1607.79,103,178.64333333333332,11.444444444444445,19.912222222222223,0.2222222222222222,9,9,0,Premium Retail Stores,-1.1863362190283562,0.9108151919768142
4855,STRAWBERRY POINT,5,537.24,66,107.44800000000001,13.2,10.498,0.0,5,4,1,Standard Neighbourhood Stores,-2.6988169414523435,-0.6327378938900815
4856,LISBON,26,2051.66,158,78.91,6.076923076923077,15.184615384615386,0.11538461538461539,22,17,3,Balanced High-Performing Stores,-0.12478210258721757,-0.9333518824604843
4857,WEST BURLINGTON,14,532.54,47,38.03857142857142,3.357142857142857,13.14,0.14285714285714285,14,10,1,Standard Neighbourhood Stores,-1.8478560745822574,-1.1023024110508925
4858,WEST BURLINGTON,5,378.89,25,75.77799999999999,5.0,18.688,0.2,5,4,1,Standard Neighbourhood Stores,-3.0852488909439306,0.16455747616812078
4859,BURLINGTON,22,2547.52,285,115.79636363636364,12.954545454545455,12.503181818181817,0.18181818181818182,21,8,3,Balanced High-Performing Stores,-0.11626769917247277,-0.28993930767338744
4860,CEDAR RAPIDS,10,1195.53,132,119.553,13.2,11.596,0.1,10,10,1,Standard Neighbourhood Stores,-1.3006408327290178,-0.4086582421371659
4861,CEDAR RAPIDS,23,1314.27,147,57.14217391304348,6.391304347826087,10.918260869565218,0.043478260869565216,21,13,1,Standard Neighbourhood Stores,-0.643696360552716,-1.5445673275379292
4864,CLINTON,30,3065.86,456,102.19533333333334,15.2,11.222000000000001,0.06666666666666667,28,16,3,Balanced High-Performing Stores,0.5909547849093849,-0.9236571820822311
4866,COUNCIL BLUFFS,59,3957.42,816,67.07491525423728,13.830508474576272,14.23593220338983,0.15254237288135594,52,24,3,Balanced High-Performing Stores,1.7847967705478134,-0.9204506327037262
4867,COUNCIL BLUFFS,32,4266.36,718,133.32375,22.4375,12.4634375,0.1875,31,18,3,Balanced High-Performing Stores,1.2244349156856094,0.02754755112652797
4868,WAUKEE,30,2382.71,156,79.42366666666666,5.2,18.600666666666665,0.23333333333333334,25,15,3,Balanced High-Performing Stores,0.07190774768607118,-0.31526769129353976
4869,GUTTENBERG,17,916.71,85,53.92411764705883,5.0,15.764705882352942,0.23529411764705882,17,14,1,Standard Neighbourhood Stores,-1.004045544366082,-0.524108897286381
4872,EARLHAM,22,1829.94,130,83.17909090909092,5.909090909090909,15.117272727272727,0.18181818181818182,19,9,1,Standard Neighbourhood Stores,-0.6170736713086746,-0.5613765888348584
4873,GRANGER,26,2428.33,259,93.39730769230769,9.961538461538462,16.817307692307693,0.2692307692307692,25,16,3,Balanced High-Performing Stores,0.3102990252370611,-0.041260431545959445
4874,MOUNT PLEASANT,31,1006.55,111,32.46935483870968,3.5806451612903225,10.139677419354838,0.0967741935483871,29,16,1,Standard Neighbourhood Stores,-0.49739742611943544,-1.8185307360516048
4875,CEDAR FALLS,5,770.62,66,154.124,13.2,9.464,0.0,5,5,1,Standard Neighbourhood Stores,-2.4829491922269002,-0.5069758880566724
4876,HIAWATHA,28,5050.74,630,180.38357142857143,22.5,12.44357142857143,0.21428571428571427,26,14,3,Balanced High-Performing Stores,1.0346090425842378,0.4339897399857602
4877,CLIVE,107,13533.26,949,126.47906542056074,8.869158878504672,21.00392523364486,0.34579439252336447,99,35,2,Large High-Volume Stores,3.456024499058221,0.009555097779505202
4878,PRIMGHAR,15,1764.2,121,117.61333333333333,8.066666666666666,15.554,0.2,15,12,1,Standard Neighbourhood Stores,-0.7298462975899287,-0.1439011102509885
4879,SIOUX CITY,71,11297.4,1734,159.11830985915492,24.422535211267604,12.83338028169014,0.09859154929577464,53,23,3,Balanced High-Performing Stores,2.6687069643537993,-0.2851545525621235
4880,ANITA,12,823.66,66,68.63833333333334,5.5,15.865,0.3333333333333333,10,6,0,Premium Retail Stores,-1.7081162501747433,0.13742490991658615
4881,COON RAPIDS,12,1683.48,87,140.29,7.25,20.09333333333333,0.4166666666666667,10,6,0,Premium Retail Stores,-1.1438634761235733,1.18673531440407
4882,ST CHARLES,19,2531.2,226,133.22105263157894,11.894736842105264,12.105263157894736,0.10526315789473684,18,12,1,Standard Neighbourhood Stores,-0.22977408430175356,-0.5487796646526601
4883,SIGOURNEY,9,367.81,42,40.867777777777775,4.666666666666667,10.137777777777778,0.0,8,7,1,Standard Neighbourhood Stores,-2.6510476985116123,-1.570837714440997
4884,SIOUX CITY,13,1426.1599999999999,164,109.70461538461538,12.615384615384615,17.655384615384612,0.23076923076923078,13,11,1,Standard Neighbourhood Stores,-0.7765460046449542,0.3592294236721301
4885,ZWINGLE,10,913.49,82,91.349,8.2,15.437999999999999,0.3,10,8,1,Standard Neighbourhood Stores,-1.562873880988605,0.2275188451608565
4887,WEST DES MOINES,36,2102.15,202,58.393055555555556,5.611111111111111,12.684999999999999,0.08333333333333333,30,14,3,Balanced High-Performing Stores,0.06596002252003855,-1.4293262460966436
4888,SERGEANT BLUFF,56,3336.5,572,59.580357142857146,10.214285714285714,10.977142857142857,0.07142857142857142,49,21,3,Balanced High-Performing Stores,1.3037062364424419,-1.6133024757274275
4889,DES MOINES,16,269.7,40,16.85625,2.5,9.38875,0.0625,14,10,1,Standard Neighbourhood Stores,-2.2217089761948148,-1.8588727589833582
4890,URBANDALE,14,1355.8,97,96.84285714285714,6.928571428571429,13.242857142857144,0.14285714285714285,11,8,1,Standard Neighbourhood Stores,-1.3099664564849491,-0.5693450823592564
4891,SIBLEY,99,9632.43,614,97.29727272727273,6.202020202020202,16.974545454545456,0.30303030303030304,88,31,3,Balanced High-Performing Stores,2.80801272706072,-0.6457478118099415
4892,DAVENPORT,38,1702.96,282,44.81473684210526,7.421052631578948,8.751315789473685,0.05263157894736842,37,16,3,Balanced High-Performing Stores,0.2433591136944929,-1.9047777959039314
4893,WEST DES MOINES,29,3172.86,426,109.40896551724138,14.689655172413794,10.526206896551724,0.1724137931034483,24,12,3,Balanced High-Performing Stores,0.4154727048911254,-0.5357820432464794
4895,CEDAR RAPIDS,25,2678.75,270,107.15,10.8,13.724,0.16,23,17,3,Balanced High-Performing Stores,0.268342453153003,-0.5454291006966033
4896,HARPERS FERRY,24,2023.2,121,84.3,5.041666666666667,24.778333333333332,0.4166666666666667,24,18,0,Premium Retail Stores,0.09959022069736832,0.819693497904134
4897,BURLINGTON,39,4569.14,488,117.1574358974359,12.512820512820513,11.777179487179486,0.10256410256410256,29,20,3,Balanced High-Performing Stores,1.0548035107726872,-0.9015960117557236
4898,BURLINGTON,26,1809.32,176,69.58923076923077,6.769230769230769,11.491538461538461,0.23076923076923078,22,13,3,Balanced High-Performing Stores,-0.2437228291660616,-0.8109215747252426
4899,GRAETTINGER,34,2301.56,150,67.69294117647058,4.411764705882353,15.399411764705883,0.17647058823529413,28,17,3,Balanced High-Performing Stores,0.12990252176403547,-0.9192509940715918
4900,WATERLOO,33,1765.31,308,53.49424242424242,9.333333333333334,9.453030303030303,0.12121212121212122,30,17,3,Balanced High-Performing Stores,0.25154323433183545,-1.4386338332674908
4901,POLK CITY,44,10764.539999999999,517,244.64863636363634,11.75,17.597272727272728,0.3181818181818182,40,22,3,Balanced High-Performing Stores,2.0071977109305825,0.756671999861945
4902,WATERLOO,70,7906.66,842,112.95228571428571,12.028571428571428,15.938857142857144,0.2,60,25,3,Balanced High-Performing Stores,2.310938592197537,-0.5438176415033544
4904,LARCHWOOD,23,1749.72,141,76.07478260869566,6.130434782608695,13.38173913043478,0.17391304347826086,22,14,1,Standard Neighbourhood Stores,-0.36851268605506743,-0.8421788408281472
4905,ROCKWELL CITY,6,330.21,28,55.035,4.666666666666667,12.235,0.0,6,6,1,Standard Neighbourhood Stores,-3.106009365424296,-1.2218424083951902
4907,CEDAR FALLS,49,4530.27,535,92.45448979591838,10.918367346938776,14.164285714285716,0.10204081632653061,40,19,3,Balanced High-Performing Stores,1.2685588955454206,-0.9792183893556502
4908,ELKADER,18,815.53,54,45.30722222222222,3.0,16.730555555555554,0.4444444444444444,16,14,0,Premium Retail Stores,-1.1009374913145737,0.12586067952005472
4909,ROCK VALLEY,11,1786.62,132,162.42,12.0,14.15181818181818,0.18181818181818182,11,7,1,Standard Neighbourhood Stores,-1.0641717762047167,0.22629291383435635
4910,WATERLOO,47,4988.28,814,106.13361702127659,17.319148936170212,14.497446808510638,0.23404255319148937,43,23,3,Balanced High-Performing Stores,1.7862264487041386,-0.19180712450206822
4911,PRINCETON,11,646.9,56,58.809090909090905,5.090909090909091,20.16181818181818,0.18181818181818182,10,8,1,Standard Neighbourhood Stores,-1.888752566451397,-0.10668796499453728
4912,ELDRIDGE,18,1616.32,172,89.79555555555555,9.555555555555555,10.599444444444444,0.16666666666666666,15,10,1,Standard Neighbourhood Stores,-0.7211719132212796,-0.7211641718900412
4914,CEDAR FALLS,13,1238.1,190,95.23846153846154,14.615384615384615,10.387692307692307,0.23076923076923078,11,7,1,Standard Neighbourhood Stores,-1.0616403271736012,-0.129010490458405
4915,BETTENDORF,16,1572.5800000000002,200,98.28625000000001,12.5,18.859375,0.25,14,8,1,Standard Neighbourhood Stores,-0.6506173592470695,0.45698467455013697
4917,PERRY,9,622.85,63,69.20555555555556,7.0,15.208888888888888,0.1111111111111111,9,6,1,Standard Neighbourhood Stores,-2.1196533180639556,-0.5391615668326089
4919,ALTOONA,5,227.43,33,45.486000000000004,6.6,7.7700000000000005,0.0,5,2,1,Standard Neighbourhood Stores,-3.5039758781886,-1.4494191220438608
4921,CEDAR RAPIDS,43,2799.08,546,65.09488372093023,12.69767441860465,16.12860465116279,0.27906976744186046,40,21,3,Balanced High-Performing Stores,1.2336516503574564,-0.28156176070392236
4925,URBANDALE,5,231.54,20,46.308,4.0,23.566,0.4,4,3,0,Premium Retail Stores,-3.3325011701687575,1.0798315045665399
4927,WEST DES MOINES,8,415.6,36,51.95,4.5,11.345,0.25,8,6,1,Standard Neighbourhood Stores,-2.56001537636143,-0.5538683044698893
4929,ADEL,12,1664.02,146,138.66833333333332,12.166666666666666,15.211666666666666,0.25,11,8,1,Standard Neighbourhood Stores,-0.9556186752248771,0.415392418668031
4930,BOONE,10,1332.1399999999999,110,133.214,11.0,17.508000000000003,0.4,10,7,0,Premium Retail Stores,-1.1891281974797374,1.0751704089405014
4932,CEDAR FALLS,34,3568.59,314,104.95852941176472,9.235294117647058,13.36470588235294,0.11764705882352941,32,21,3,Balanced High-Performing Stores,0.8019165420408889,-0.9453634893467933
4933,BURLINGTON,6,796.3199999999999,127,132.72,21.166666666666668,12.843333333333334,0.16666666666666666,6,5,1,Standard Neighbourhood Stores,-1.900733140918492,0.5578628143964783
4934,SPRINGVILLE,11,1346.57,218,122.41545454545454,19.818181818181817,9.53,0.18181818181818182,11,5,1,Standard Neighbourhood Stores,-1.0754089364520625,0.05943312999382522
4935,WATERLOO,23,5397.67,1224,234.68130434782609,53.21739130434783,7.496521739130435,0.043478260869565216,21,11,3,Balanced High-Performing Stores,1.22832831325641,1.2823388244066507
4937,SHENANDOAH,8,895.38,66,111.9225,8.25,13.7375,0.25,7,6,1,Standard Neighbourhood Stores,-1.9797365897255403,0.13038893478036667
4938,HAZLETON,17,2015.47,304,118.55705882352942,17.88235294117647,10.555882352941175,0.11764705882352941,17,13,1,Standard Neighbourhood Stores,-0.20587963835871084,-0.40529198394758376
4939,URBANDALE,16,502.51,31,31.406875,1.9375,15.968125,0.25,15,9,1,Standard Neighbourhood Stores,-1.895260248849964,-0.6283669122411157
4940,CAMBRIDGE,10,352.72,27,35.272000000000006,2.7,14.066999999999998,0.1,10,9,1,Standard Neighbourhood Stores,-2.5404840078846465,-1.1069888303558628
4941,URBANDALE,45,4095.39,330,91.00866666666667,7.333333333333333,14.035777777777778,0.2,34,20,3,Balanced High-Performing Stores,1.004709852154217,-0.8068135231456693
4942,DES MOINES,17,2272.88,117,133.69882352941178,6.882352941176471,20.34705882352941,0.5294117647058824,16,10,0,Premium Retail Stores,-0.37439227775086553,1.370344975204474
4944,MARTENSDALE,9,1942.98,306,215.88666666666666,34.0,12.125555555555556,0.1111111111111111,7,5,1,Standard Neighbourhood Stores,-0.8463512685581808,1.2426744705474877
4945,OSAGE,70,2756.18,158,39.373999999999995,2.257142857142857,16.46314285714286,0.3,60,28,3,Balanced High-Performing Stores,1.3005415594407381,-1.0183178547709035
4947,CEDAR FALLS,106,5644.76,654,53.25245283018868,6.169811320754717,11.676981132075472,0.12264150943396226,99,37,3,Balanced High-Performing Stores,2.7130483748576566,-2.0027663691772757
4948,WHEATLAND,7,525.3199999999999,110,75.04571428571428,15.714285714285714,7.195714285714286,0.0,7,5,1,Standard Neighbourhood Stores,-2.274240464969053,-1.0396059769870587
4949,DAVENPORT,28,2803.19,561,100.11392857142857,20.035714285714285,12.674999999999999,0.21428571428571427,24,12,3,Balanced High-Performing Stores,0.5463089035310542,-0.006738835780016276
4950,CEDAR RAPIDS,24,1834.76,214,76.44833333333334,8.916666666666666,9.64,0.08333333333333333,21,13,1,Standard Neighbourhood Stores,-0.3046277890030441,-1.3042043812272115
4952,DAVENPORT,16,2657.19,350,166.074375,21.875,8.946875,0.0,16,16,1,Standard Neighbourhood Stores,0.011312560889844246,-0.534371723012374
4953,LOST NATION,8,1100.51,129,137.56375,16.125,9.10125,0.0,8,5,1,Standard Neighbourhood Stores,-1.7389260765539594,-0.6015988212608595
4956,CEDAR RAPIDS,29,2377.75,271,81.99137931034483,9.344827586206897,15.41241379310345,0.2413793103448276,28,18,3,Balanced High-Performing Stores,0.43606323710905043,-0.3906045557299201
4958,CEDAR FALLS,31,1632.32,170,52.65548387096774,5.483870967741935,11.819032258064516,0.16129032258064516,27,16,3,Balanced High-Performing Stores,-0.0949042559227438,-1.2575918137218827
4959,CEDAR FALLS,35,5897.46,506,168.49885714285713,14.457142857142857,14.617428571428572,0.17142857142857143,31,21,3,Balanced High-Performing Stores,1.3375098945324062,-0.1149340490527122
4960,AMES,25,5999.66,812,239.9864,32.48,15.33,0.24,24,18,3,Balanced High-Performing Stores,1.4712885699022507,1.4885361661715544
4962,DAVENPORT,56,10257.88,1680,183.17642857142854,30.0,9.403392857142858,0.07142857142857142,43,17,3,Balanced High-Performing Stores,2.240575901047261,-0.1357983345129181
4963,DURANT,7,187.06,56,26.722857142857144,8.0,13.888571428571428,0.14285714285714285,7,6,1,Standard Neighbourhood Stores,-2.835819028998847,-0.650655619284068
4964,WILTON,13,373.15,27,28.70384615384615,2.076923076923077,14.496923076923078,0.15384615384615385,12,9,1,Standard Neighbourhood Stores,-2.3123231633658157,-1.0177035870447186
4967,BLUE GRASS,113,4135.9,395,36.60088495575221,3.495575221238938,11.18212389380531,0.09734513274336283,96,31,3,Balanced High-Performing Stores,2.142055719558549,-2.2720772039466666
4968,BROOKLYN,6,898.02,78,149.67,13.0,13.693333333333333,0.3333333333333333,6,4,1,Standard Neighbourhood Stores,-2.0148669042846907,0.8906622983391721
4969,CLEAR LAKE,187,28217.32,1528,150.89475935828878,8.171122994652407,21.50331550802139,0.37433155080213903,162,41,2,Large High-Volume Stores,4.633201671172672,-0.005247943580669405
4970,WEST LIBERTY,44,2709.32,213,61.57545454545455,4.840909090909091,15.058863636363638,0.25,42,23,3,Balanced High-Performing Stores,0.868117200614913,-0.8853424893795574
4971,PLEASANT HILL,80,19900.26,962,248.75324999999998,12.025,22.38425,0.4,74,31,2,Large High-Volume Stores,3.4317436289583094,1.1570934543925693
4972,MONONA,46,2059.56,163,44.77304347826087,3.5434782608695654,15.589565217391305,0.15217391304347827,37,18,3,Balanced High-Performing Stores,0.3597144944442542,-1.2437133493337866
4973,WEST UNION,63,6841.9800000000005,403,108.60285714285715,6.396825396825397,17.713650793650793,0.31746031746031744,57,25,3,Balanced High-Performing Stores,1.9499125088052114,-0.2660308135228418
4974,DES MOINES,6,486.96999999999997,56,81.16166666666666,9.333333333333334,16.713333333333335,0.16666666666666666,6,5,1,Standard Neighbourhood Stores,-2.5207283688228728,0.060935614118999296
4975,SIOUX CITY,5,986.52,54,197.304,10.8,18.009999999999998,0.4,5,4,0,Premium Retail Stores,-2.128537494454876,1.6295039750595024
4978,WATERLOO,40,5037.17,738,125.92925,18.45,16.6655,0.2,34,18,3,Balanced High-Performing Stores,1.4335900613455392,0.13788352693862221
4979,CEDAR RAPIDS,14,1041.63,138,74.40214285714286,9.857142857142858,8.349285714285715,0.0,14,6,1,Standard Neighbourhood Stores,-1.3863887568579798,-1.4352361726453045
4980,WASHBURN,15,1236.62,109,82.44133333333333,7.266666666666667,21.326666666666664,0.3333333333333333,14,8,0,Premium Retail Stores,-0.980560908731603,0.6222755663773845
4981,TRAER,10,1113.75,137,111.375,13.7,21.247999999999998,0.3,10,8,0,Premium Retail Stores,-1.1651534969608723,1.0527088659928636
4982,ALTA,7,938.64,84,134.09142857142857,12.0,11.944285714285714,0.14285714285714285,7,5,1,Standard Neighbourhood Stores,-1.9845570711293996,-0.06598992242442457
4984,MUSCATINE,36,1233.29,215,34.25805555555556,5.972222222222222,11.991666666666667,0.1111111111111111,34,22,3,Balanced High-Performing Stores,0.22516238263266902,-1.619431731603004
4985,MERRILL,6,855.3000000000001,69,142.55,11.5,24.223333333333333,0.3333333333333333,6,5,0,Premium Retail Stores,-1.9588860961771333,1.6254407211305568
4986,FLOYD,15,1992.6,162,132.84,10.8,17.444000000000003,0.4,15,13,0,Premium Retail Stores,-0.34876487337155465,0.871090396861515
4988,CEDAR FALLS,373,47401.45,2854,127.08163538873994,7.651474530831099,20.57573726541555,0.3351206434316354,341,53,2,Large High-Volume Stores,6.0621993556652605,-0.7158127763180998
4989,IOWA CITY,7,786.3,295,112.32857142857142,42.142857142857146,10.748571428571429,0.14285714285714285,7,3,1,Standard Neighbourhood Stores,-1.4039017308627246,1.199362939739668
4991,ELKADER,8,724.44,76,90.555,9.5,10.20625,0.0,8,7,1,Standard Neighbourhood Stores,-2.1253398465611695,-1.0739583079284782
4993,KEOKUK,65,4516.9,587,69.49076923076923,9.03076923076923,11.437538461538463,0.09230769230769231,55,19,3,Balanced High-Performing Stores,1.4865886703065554,-1.5281154853297367
4997,DES MOINES,69,8714.56,1148,126.29797101449275,16.63768115942029,15.824347826086958,0.2318840579710145,56,20,3,Balanced High-Performing Stores,2.323576759924655,-0.09117508443716929
4998,LAKE CITY,25,2817.54,187,112.7016,7.48,15.3308,0.28,22,16,3,Balanced High-Performing Stores,0.1632290418950507,-0.1212019386261248
4999,CLARKSVILLE,24,1467.3999999999999,185,61.14166666666666,7.708333333333333,10.720416666666667,0.125,22,10,1,Standard Neighbourhood Stores,-0.5210472704359003,-1.1828492258788592
5000,NEVADA,24,2558.94,278,106.6225,11.583333333333334,14.630833333333333,0.20833333333333334,21,10,3,Balanced High-Performing Stores,-0.0013355523467011377,-0.172385448807563
5001,INDEPENDENCE,68,3732.69,343,54.8925,5.044117647058823,11.138676470588235,0.07352941176470588,62,25,3,Balanced High-Performing Stores,1.4377350431291531,-1.971759592285778
5003,DAVENPORT,53,6818.74,593,128.65547169811322,11.18867924528302,18.69377358490566,0.24528301886792453,51,26,3,Balanced High-Performing Stores,2.038252088257583,-0.07904969416274435
5004,IDA GROVE,49,4456.01,278,90.93897959183674,5.673469387755102,17.249387755102042,0.2857142857142857,46,22,3,Balanced High-Performing Stores,1.2883603939736172,-0.4226244120513351
5005,LAURENS,40,2520.37,214,63.009249999999994,5.35,12.253499999999999,0.05,35,15,3,Balanced High-Performing Stores,0.2810374074361371,-1.617155708437219
5006,DUBUQUE,5,287.95,41,57.589999999999996,8.2,9.693999999999999,0.0,5,4,1,Standard Neighbourhood Stores,-3.2177048828945995,-1.179458369603208
5007,DENVER,27,2340.81,158,86.69666666666666,5.851851851851852,14.53037037037037,0.18518518518518517,25,14,3,Balanced High-Performing Stores,-0.06710204875776883,-0.7148316279391458
5008,EMMETSBURG,5,424.75,35,84.95,7.0,11.93,0.0,5,5,1,Standard Neighbourhood Stores,-3.05239670272448,-0.9291986271423929
5010,SAC CITY,59,3618.81,269,61.335762711864405,4.559322033898305,15.009491525423728,0.15254237288135594,49,23,3,Balanced High-Performing Stores,1.1892830863937063,-1.2981375331202183
5011,WILLIAMSBURG,10,574.82,62,57.482000000000006,6.2,9.806999999999999,0.0,8,5,1,Standard Neighbourhood Stores,-2.345829976727587,-1.4290992521071852
5012,PERRY,10,738.03,99,73.803,9.9,14.553999999999998,0.4,10,8,0,Premium Retail Stores,-1.5215778364706092,0.4860531269034994
5013,BETTENDORF,7,629.4100000000001,80,89.9157142857143,11.428571428571429,13.212857142857143,0.14285714285714285,7,6,1,Standard Neighbourhood Stores,-2.159984582225563,-0.21383490259090004
5017,LANSING,39,2898.07,229,74.30948717948718,5.871794871794871,14.430512820512819,0.1794871794871795,34,17,3,Balanced High-Performing Stores,0.5296700575192772,-0.9393834950434027
5018,DAVENPORT,25,2228.28,210,89.1312,8.4,12.0476,0.12,25,19,3,Balanced High-Performing Stores,0.12942890364626403,-1.0529908826799101
5021,OKOBOJI,15,1811.41,96,120.76066666666667,6.4,16.515333333333334,0.26666666666666666,14,11,1,Standard Neighbourhood Stores,-0.8309861019370737,0.11894849874100644
5022,WEST DES MOINES,11,768.76,81,69.88727272727273,7.363636363636363,12.160909090909092,0.09090909090909091,10,8,1,Standard Neighbourhood Stores,-1.7941922555945817,-0.8982535867375124
5025,CEDAR RAPIDS,5,958.92,156,191.784,31.2,6.4959999999999996,0.0,5,5,1,Standard Neighbourhood Stores,-1.8942408874568677,0.28796288310891627
5027,SIOUX CITY,32,8356.02,312,261.125625,9.75,48.1584375,0.71875,30,18,0,Premium Retail Stores,1.884318354387893,4.695218633145415
5028,STORM LAKE,23,4542.22,362,197.48782608695655,15.73913043478261,20.77173913043478,0.43478260869565216,22,14,3,Balanced High-Performing Stores,0.8150325086169173,1.6608044574585243
5029,DAVENPORT,70,13903.75,1006,198.625,14.371428571428572,17.732714285714284,0.2857142857142857,64,29,2,Large High-Volume Stores,2.96069467737406,0.34414540713576247
5031,RAYMOND,9,500.78,39,55.642222222222216,4.333333333333333,13.091111111111111,0.2222222222222222,9,4,1,Standard Neighbourhood Stores,-2.4382990997495924,-0.5042144923483939
5034,MASON CITY,35,3484.53,586,99.558,16.742857142857144,12.168,0.2,32,21,3,Balanced High-Performing Stores,1.143465372795323,-0.43963092845093393
5035,COUNCIL BLUFFS,6,1410.12,205,235.01999999999998,34.166666666666664,19.50166666666667,0.16666666666666666,6,4,1,Standard Neighbourhood Stores,-1.229243083520768,2.2052506562224634
5036,CEDAR RAPIDS,9,1661.67,121,184.63,13.444444444444445,13.280000000000001,0.2222222222222222,9,7,1,Standard Neighbourhood Stores,-1.227273506884174,0.5206501693893507
5039,SOLON,13,1220.76,98,93.90461538461538,7.538461538461538,15.488461538461538,0.46153846153846156,13,10,0,Premium Retail Stores,-1.0016280849533383,0.6581574628775239
5040,WILTON,5,500.74,65,100.148,13.0,8.518,0.0,5,5,1,Standard Neighbourhood Stores,-2.724793928413401,-0.8490402452411804
5041,MONTEZUMA,16,2248.9,260,140.55625,16.25,12.246875,0.25,14,10,1,Standard Neighbourhood Stores,-0.32783771069898765,0.27868183115053036
5042,DUBUQUE,25,3289.99,300,131.59959999999998,12.0,14.569600000000001,0.2,25,14,3,Balanced High-Performing Stores,0.38705123193579966,-0.14840440784485037
5043,WATERLOO,11,1128.72,219,102.61090909090909,19.90909090909091,7.804545454545454,0.09090909090909091,11,8,1,Standard Neighbourhood Stores,-1.1290338604087276,-0.5116209898778864
5044,CRESCENT,11,1707.08,142,155.1890909090909,12.909090909090908,12.225454545454545,0.09090909090909091,11,9,1,Standard Neighbourhood Stores,-1.0594431356124978,-0.24966608331795578
5045,SIOUX CITY,5,287.26,82,57.452,16.4,4.654,0.0,5,3,1,Standard Neighbourhood Stores,-2.973325633604937,-1.1883740093081572
5050,CARLISLE,60,4705.38,377,78.423,6.283333333333333,14.221,0.13333333333333333,55,27,3,Balanced High-Performing Stores,1.631814154535918,-1.33090530023997
5051,DES MOINES,54,5171.87,640,95.77537037037037,11.851851851851851,13.947037037037036,0.2222222222222222,49,22,3,Balanced High-Performing Stores,1.7133666989510978,-0.6152802367224748
5052,GREENFIELD,14,1404.75,160,100.33928571428571,11.428571428571429,13.96642857142857,0.2857142857142857,13,8,1,Standard Neighbourhood Stores,-0.8947741184803298,0.17063832152410724
5054,MANCHESTER,141,17076.86,1068,121.11248226950354,7.574468085106383,19.04212765957447,0.3404255319148936,120,36,2,Large High-Volume Stores,3.786114958428612,-0.33646163441788524
5055,LATIMER,6,1045.92,78,174.32000000000002,13.0,14.32,0.16666666666666666,5,5,1,Standard Neighbourhood Stores,-2.0638726026133063,0.5106875688126224
5057,DES MOINES,44,3205.17,334,72.84477272727273,7.590909090909091,13.893863636363637,0.1590909090909091,40,14,3,Balanced High-Performing Stores,0.7180577049830447,-0.9884253277696
5058,URBANDALE,32,1707.7,214,53.365625,6.6875,16.8290625,0.34375,30,17,3,Balanced High-Performing Stores,0.2831399898071799,-0.2131580510973004
5059,HUMESTON,21,1817.75,238,86.55952380952381,11.333333333333334,10.906190476190476,0.14285714285714285,16,8,1,Standard Neighbourhood Stores,-0.5378240628004567,-0.7163033944144876
5060,IOWA CITY,39,2860.21,373,73.33871794871796,9.564102564102564,12.918461538461539,0.20512820512820512,34,17,3,Balanced High-Performing Stores,0.7409455148164846,-0.8082407115564706
5061,CEDAR RAPIDS,35,4161.36,798,118.89599999999999,22.8,13.417714285714286,0.17142857142857143,32,16,3,Balanced High-Performing Stores,1.2189870601087467,0.00528169179820766
5062,MONTROSE,20,1871.53,142,93.5765,7.1,13.038499999999999,0.15,20,11,1,Standard Neighbourhood Stores,-0.538037552549764,-0.7500280200834369
5063,WATERLOO,17,3231.09,862,190.06411764705882,50.705882352941174,7.058235294117647,0.0,15,11,1,Standard Neighbourhood Stores,0.5251976908081939,0.8700999300415133
5064,FAIRFAX,22,3031.41,379,137.79136363636363,17.227272727272727,11.705909090909092,0.09090909090909091,21,9,3,Balanced High-Performing Stores,0.09162918958776452,-0.3650092911810548
5065,SIOUX CITY,24,1332.38,202,55.51583333333334,8.416666666666666,10.046666666666667,0.08333333333333333,22,15,1,Standard Neighbourhood Stores,-0.3763022948311871,-1.4319184450637932
5067,STORM LAKE,10,612.26,55,61.226,5.5,16.103,0.2,10,8,1,Standard Neighbourhood Stores,-1.9756288797025747,-0.33043418668847985
5068,ARNOLDS PARK,169,13663.76,757,80.85065088757396,4.479289940828402,20.40828402366864,0.40828402366863903,142,42,2,Large High-Volume Stores,3.9275386288760985,-0.4592877643152776
5069,LAKE MILLS,23,2602.74,302,113.16260869565217,13.130434782608695,12.42304347826087,0.08695652173913043,17,10,1,Standard Neighbourhood Stores,-0.15191942767862415,-0.6138968902567901
5070,WILTON,51,1985.69,171,38.93509803921569,3.3529411764705883,13.744313725490196,0.13725490196078433,41,24,3,Balanced High-Performing Stores,0.6347395995666502,-1.5850645503834542
5071,DURANT,70,3114.77,291,44.49671428571428,4.1571428571428575,12.715428571428571,0.11428571428571428,54,19,3,Balanced High-Performing Stores,1.0641611783117186,-1.7119633914927477
5072,MOUNT PLEASANT,15,1684.97,152,112.33133333333333,10.133333333333333,16.541999999999998,0.2,13,9,1,Standard Neighbourhood Stores,-0.8095951480156597,0.06619094901819479
5073,CEDAR RAPIDS,32,9004.46,726,281.389375,22.6875,15.8521875,0.28125,24,12,3,Balanced High-Performing Stores,1.4533216586865405,1.4266827187676439
5075,NEW SHARON,11,1314.82,254,119.5290909090909,23.09090909090909,11.232727272727272,0.18181818181818182,11,9,1,Standard Neighbourhood Stores,-0.837340523680735,0.2928541837809895
5076,SIOUX CITY,5,488.36,86,97.672,17.2,5.787999999999999,0.0,5,4,1,Standard Neighbourhood Stores,-2.657335019799593,-0.8704688054506822
5077,COUNCIL BLUFFS,82,14821.74,920,180.7529268292683,11.21951219512195,16.725731707317074,0.2804878048780488,70,31,2,Large High-Volume Stores,3.0657218701638698,-0.047349481782116724
5078,COUNCIL BLUFFS,8,1035.06,132,129.3825,16.5,9.74625,0.125,7,6,1,Standard Neighbourhood Stores,-1.6908814529895257,-0.1402364143692124
5079,DENISON,7,1074.18,96,153.45428571428573,13.714285714285714,20.181428571428572,0.14285714285714285,7,6,1,Standard Neighbourhood Stores,-1.7263049107275361,0.7600424074337635
5080,SPENCER,62,8722.65,681,140.68790322580645,10.983870967741936,18.677258064516128,0.3225806451612903,58,32,3,Balanced High-Performing Stores,2.584952720458424,0.1132048725596488
5081,ATLANTIC,31,2532.3,321,81.68709677419355,10.35483870967742,12.935161290322581,0.22580645161290322,25,10,3,Balanced High-Performing Stores,0.1841469923266389,-0.49340348886632157
5082,ATLANTIC,16,2031.78,179,126.98625,11.1875,14.195,0.1875,14,7,1,Standard Neighbourhood Stores,-0.6981659354016252,-0.043268048687546405
5083,SIOUX CITY,12,608.3000000000001,80,50.69166666666667,6.666666666666667,9.246666666666666,0.08333333333333333,10,8,1,Standard Neighbourhood Stores,-1.9136773027651799,-1.3008752854306873
5086,SIOUX CITY,63,5410.48,1065,85.88063492063492,16.904761904761905,14.876349206349207,0.1111111111111111,57,19,3,Balanced High-Performing Stores,1.919453258919327,-0.7352403584896383
5087,LOGAN,7,487.97,76,69.71000000000001,10.857142857142858,8.41,0.0,7,5,1,Standard Neighbourhood Stores,-2.4784007718095555,-1.1981374290879836
5089,MISSOURI VALLEY,20,1421.19,164,71.0595,8.2,11.75,0.15,17,15,1,Standard Neighbourhood Stores,-0.5419886403650408,-0.933416517195248
5091,MUSCATINE,39,1986.5,229,50.93589743589744,5.871794871794871,11.896666666666667,0.1282051282051282,31,13,3,Balanced High-Performing Stores,0.11836128289574796,-1.3734111479955438
5092,WEST DES MOINES,68,3238.72,262,47.628235294117644,3.8529411764705883,14.394411764705882,0.17647058823529413,43,16,3,Balanced High-Performing Stores,0.8731394141496512,-1.2853330305901607
5093,LE CLAIRE,9,250.8,23,27.866666666666667,2.5555555555555554,11.935555555555556,0.1111111111111111,9,8,1,Standard Neighbourhood Stores,-2.868105395055891,-1.2492718680212769
5094,CEDAR RAPIDS,13,1622.72,212,124.82461538461538,16.307692307692307,15.903846153846153,0.07692307692307693,13,10,1,Standard Neighbourhood Stores,-0.7324477916163544,-0.04139990273281078
5096,NORTH LIBERTY,13,2173.38,150,167.18307692307692,11.538461538461538,16.181538461538462,0.23076923076923078,13,8,1,Standard Neighbourhood Stores,-0.7175135980198457,0.4954912310007457
5097,CEDAR RAPIDS,31,4831.82,304,155.86516129032256,9.806451612903226,19.32903225806452,0.25806451612903225,28,17,3,Balanced High-Performing Stores,0.8763717769520357,0.3593388827015531
5098,DES MOINES,48,7676.7699999999995,1168,159.93270833333332,24.333333333333332,14.803958333333334,0.1875,41,17,3,Balanced High-Performing Stores,1.9567000981595033,0.34104590880447133
5099,ANKENY,17,2056.8,229,120.98823529411766,13.470588235294118,15.968823529411766,0.47058823529411764,14,9,0,Premium Retail Stores,-0.2911464306613049,1.1015220001608408
5100,DAVENPORT,31,5361.29,779,172.9448387096774,25.129032258064516,21.447741935483872,0.2903225806451613,25,16,3,Balanced High-Performing Stores,1.388718212042906,1.4784203305592316
5101,WATERLOO,7,631.88,88,90.26857142857143,12.571428571428571,11.197142857142856,0.14285714285714285,7,6,1,Standard Neighbourhood Stores,-2.132351625999241,-0.32098549833655027
5102,MOUNT VERNON,258,108178.54,7386,419.2966666666666,28.627906976744185,20.62174418604651,0.375968992248062,190,46,2,Large High-Volume Stores,6.633130928920426,1.9960748148100538
5104,ARNOLD'S PARK,22,1100.7,76,50.03181818181818,3.4545454545454546,15.565454545454545,0.22727272727272727,22,15,1,Standard Neighbourhood Stores,-0.7485441250960249,-0.7459770128888192
5105,NORTH LIBERTY,33,3970.39,345,120.31484848484848,10.454545454545455,13.239696969696968,0.09090909090909091,31,19,3,Balanced High-Performing Stores,0.7889796558630195,-0.8819163359710395
5106,DEWITT,74,7502.86,538,101.39,7.27027027027027,15.07418918918919,0.16216216216216217,69,31,3,Balanced High-Performing Stores,2.337163925742983,-1.1219336301816827
5107,WINDSOR HEIGHTS,49,2820.97,361,57.57081632653061,7.36734693877551,16.033673469387754,0.16326530612244897,36,16,3,Balanced High-Performing Stores,0.7744796377045946,-0.909123206579429
5108,BETTENDORF,37,2828.71,331,76.45162162162163,8.945945945945946,16.12297297297297,0.2702702702702703,34,20,3,Balanced High-Performing Stores,0.8508869228850858,-0.3713820427442033
5109,CARLISLE,23,2293.34,326,99.7104347826087,14.173913043478262,11.98217391304348,0.08695652173913043,19,10,1,Standard Neighbourhood Stores,-0.13228376262514052,-0.6833769733425074
5110,LENOX,21,951.17,109,45.29380952380952,5.190476190476191,13.242857142857144,0.19047619047619047,19,12,1,Standard Neighbourhood Stores,-0.8982755280725857,-0.9385421391109534
5111,IOWA CITY,18,1103.7,159,61.31666666666667,8.833333333333334,11.236666666666666,0.16666666666666666,17,11,1,Standard Neighbourhood Stores,-0.8346147831558423,-0.877860259822606
5113,WATERLOO,88,12834.51,1494,145.84670454545454,16.977272727272727,18.025227272727275,0.3181818181818182,74,21,3,Balanced High-Performing Stores,2.9357986147338755,0.3920540045823339
5114,MISSOURI VALLEY,10,1237.74,244,123.774,24.4,16.941,0.2,9,5,1,Standard Neighbourhood Stores,-1.0541004871116766,0.9889845016978189
5116,NEWTON,68,7290.9800000000005,958,107.22029411764707,14.088235294117647,13.055294117647058,0.08823529411764706,60,26,3,Balanced High-Performing Stores,2.26501522664265,-1.0908778715411942
5117,MARSHALLTOWN,11,1424.32,193,129.48363636363635,17.545454545454547,12.235454545454546,0.18181818181818182,11,8,1,Standard Neighbourhood Stores,-0.977301881800779,0.16816995696845272
5118,PEOSTA,6,661.22,65,110.20333333333333,10.833333333333334,18.83666666666667,0.3333333333333333,6,5,0,Premium Retail Stores,-2.1757618971600468,1.0052928245408874
5120,MAPLETON,7,1022.64,91,146.09142857142857,13.0,16.212857142857143,0.2857142857142857,7,5,1,Standard Neighbourhood Stores,-1.7645193807891792,0.8637774108206221
5121,CHARLES CITY,6,813.24,66,135.54,11.0,14.276666666666666,0.16666666666666666,6,6,1,Standard Neighbourhood Stores,-2.1779906799596747,0.19221875485429024
5124,JOHNSTON,46,5708.96,396,124.10782608695652,8.608695652173912,15.245,0.21739130434782608,44,22,3,Balanced High-Performing Stores,1.4683176361802266,-0.5027917734133169
5125,DES MOINES,58,8570.46,1170,147.7665517241379,20.17241379310345,13.399482758620689,0.1724137931034483,51,23,3,Balanced High-Performing Stores,2.31492938213079,-0.21272128599309192
5126,DES MOINES,70,8480.78,664,121.15400000000001,9.485714285714286,14.682857142857141,0.18571428571428572,65,28,3,Balanced High-Performing Stores,2.357374951574241,-0.8230069670108457
5127,DES MOINES,107,16329.92,1200,152.61607476635515,11.214953271028037,15.128317757009347,0.205607476635514,96,29,2,Large High-Volume Stores,3.2866581351444952,-0.6283723910055913
5128,DES MOINES,73,8184.33,792,112.11410958904109,10.849315068493151,12.826438356164385,0.1232876712328767,58,26,3,Balanced High-Performing Stores,2.2467245893801913,-1.1248131208897465
5129,DES MOINES,41,5139.2699999999995,402,125.34804878048779,9.804878048780488,15.727804878048781,0.17073170731707318,38,20,3,Balanced High-Performing Stores,1.2358974415339352,-0.4946692224837147
5131,DES MOINES,75,8024.15,787,106.98866666666666,10.493333333333334,14.731066666666665,0.2,69,24,3,Balanced High-Performing Stores,2.3138395274264325,-0.7644963897865625
5132,DES MOINES,5,310.84000000000003,41,62.168000000000006,8.2,10.486,0.2,5,4,1,Standard Neighbourhood Stores,-3.0478941782920366,-0.41852985499597106
5133,ORANGE CITY,18,1892.76,142,105.15333333333334,7.888888888888889,15.127777777777778,0.1111111111111111,17,11,1,Standard Neighbourhood Stores,-0.6306866639527998,-0.5784300680485508
5134,CHARLES CITY,8,710.15,43,88.76875,5.375,14.55125,0.25,8,5,1,Standard Neighbourhood Stores,-2.25053565964357,-0.058078378863356185
5135,HUXLEY,34,4315.04,218,126.91294117647058,6.411764705882353,24.739117647058823,0.4117647058823529,34,20,3,Balanced High-Performing Stores,1.0307382510264225,0.9387157036211095
5137,DES MOINES,6,135.29999999999998,14,22.549999999999997,2.3333333333333335,9.968333333333334,0.0,6,6,1,Standard Neighbourhood Stores,-3.7588250842264532,-1.6898361957246408
5138,KELLOGG,33,1171.78,123,35.50848484848485,3.727272727272727,14.13090909090909,0.18181818181818182,32,17,3,Balanced High-Performing Stores,-0.19770886775429525,-1.222828379575757
5140,CHEROKEE,26,3362.06,440,129.31,16.923076923076923,13.450384615384614,0.15384615384615385,26,12,3,Balanced High-Performing Stores,0.5022497567916797,-0.16010816052806937
5141,GOWRIE,7,850.6800000000001,54,121.5257142857143,7.714285714285714,43.244285714285716,0.5714285714285714,5,3,0,Premium Retail Stores,-1.854565486576175,3.7195970714638236
5142,CEDAR RAPIDS,66,3014.69,699,45.677121212121214,10.590909090909092,11.758030303030303,0.16666666666666666,58,24,3,Balanced High-Performing Stores,1.652271976236797,-1.3712499873947899
5144,ANKENY,96,94932.47,5131,988.8798958333333,53.447916666666664,22.6271875,0.5104166666666666,71,31,2,Large High-Volume Stores,6.099897686569833,6.832424573064319
5145,DES MOINES,78,12220.31,1568,156.67064102564103,20.102564102564102,16.203846153846154,0.19230769230769232,65,21,3,Balanced High-Performing Stores,2.769659680201271,0.05987003422351961
5146,WEST DES MOINES,38,17379.96,881,457.3673684210526,23.18421052631579,18.907894736842106,0.42105263157894735,35,22,3,Balanced High-Performing Stores,2.716915300629415,2.759067990678698
5147,VICTOR,8,537.14,34,67.1425,4.25,15.7025,0.125,6,5,1,Standard Neighbourhood Stores,-2.6595153974675676,-0.499974727826385
5148,HOLY CROSS,18,2368.25,169,131.56944444444446,9.38888888888889,13.669444444444444,0.1111111111111111,12,11,1,Standard Neighbourhood Stores,-0.6020633001889288,-0.44263501730657173
5149,BURLINGTON,37,4918.84,371,132.94162162162164,10.027027027027026,18.016756756756756,0.3783783783783784,36,19,3,Balanced High-Performing Stores,1.2539291192538342,0.4707945697276307
5150,VICTOR,11,1111.04,101,101.00363636363636,9.181818181818182,14.515454545454544,0.18181818181818182,11,8,1,Standard Neighbourhood Stores,-1.4004165114482587,-0.17949683621517443
5151,IDA GROVE,61,5956.16,512,97.64196721311475,8.39344262295082,14.368032786885246,0.19672131147540983,58,21,3,Balanced High-Performing Stores,1.7314800449605523,-0.8548472239383711
5153,INWOOD,26,2011.01,87,77.34653846153846,3.3461538461538463,22.89692307692308,0.4230769230769231,26,19,0,Premium Retail Stores,0.04193607306328481,0.5427594219004562
5155,WATERLOO,32,2987.99,381,93.3746875,11.90625,14.374375,0.1875,29,19,3,Balanced High-Performing Stores,0.7329338121937494,-0.5105039416993679
5156,LE CLAIRE,7,487.41,44,69.63000000000001,6.285714285714286,21.35571428571429,0.2857142857142857,7,5,0,Premium Retail Stores,-2.4088048970786473,0.5959331211146554
5157,MANSON,28,3964.29,273,141.5817857142857,9.75,15.571785714285713,0.2857142857142857,23,12,3,Balanced High-Performing Stores,0.41433767259881826,0.18472262660643168
5159,ROCKWELL CITY,9,1215.2,70,135.02222222222224,7.777777777777778,14.83888888888889,0.2222222222222222,9,8,1,Standard Neighbourhood Stores,-1.6077214215303048,0.13643001584189796
5162,URBANDALE,78,4670.95,377,59.883974358974356,4.833333333333333,15.41897435897436,0.21794871794871795,74,31,3,Balanced High-Performing Stores,2.051387299119311,-1.2432219671930371
5163,MOUNT PLEASANT,20,1431.16,246,71.558,12.3,10.510000000000002,0.1,18,11,1,Standard Neighbourhood Stores,-0.5138886245278868,-0.9695380951256286
5164,COUNCIL BLUFFS,16,859.52,147,53.72,9.1875,6.945,0.0,15,8,1,Standard Neighbourhood Stores,-1.3224237740290143,-1.737216597713501
5165,LAKE MILLS,8,763.5899999999999,74,95.44874999999999,9.25,11.1075,0.125,8,8,1,Standard Neighbourhood Stores,-1.9867144652907305,-0.57981156892859
5166,MARSHALLTOWN,16,1128.48,113,70.53,7.0625,13.150625,0.1875,16,13,1,Standard Neighbourhood Stores,-0.927911188882474,-0.6869716027576966
5167,FORT DODGE,65,7553.17,821,116.20261538461538,12.63076923076923,12.359538461538461,0.13846153846153847,56,30,3,Balanced High-Performing Stores,2.337184148039102,-1.0325433993911586
5169,DES MOINES,6,278.68,66,46.446666666666665,11.0,15.135,0.16666666666666666,6,4,1,Standard Neighbourhood Stores,-2.742719344535941,-0.15336874669040823
5170,STATE CENTER,7,820.5,100,117.21428571428571,14.285714285714286,12.218571428571428,0.14285714285714285,6,4,1,Standard Neighbourhood Stores,-2.063686136856561,0.019598871055302572
5171,DELAWARE,9,2252.64,252,250.29333333333332,28.0,9.95,0.0,9,8,1,Standard Neighbourhood Stores,-0.7608103849251877,0.48820194759120367
5172,CEDAR RAPIDS,44,3265.7,301,74.22045454545454,6.840909090909091,13.335681818181818,0.11363636363636363,43,22,3,Balanced High-Performing Stores,0.9684682477933917,-1.3205338327502574
5173,AUDUBON,48,3137.13,212,65.356875,4.416666666666667,16.639791666666667,0.22916666666666666,44,21,3,Balanced High-Performing Stores,0.9087782914335617,-0.8242561482340783
5174,WATERLOO,24,959.28,174,39.97,7.25,8.3275,0.08333333333333333,23,10,1,Standard Neighbourhood Stores,-0.7601998372458877,-1.6568930740413041
5175,DELHI,6,304.91,33,50.818333333333335,5.5,9.271666666666667,0.0,6,4,1,Standard Neighbourhood Stores,-3.175434949909674,-1.4218351075096602
5176,CEDAR RAPIDS,97,5320.51,692,54.850618556701036,7.134020618556701,11.845670103092782,0.12371134020618557,84,28,3,Balanced High-Performing Stores,2.286589080526995,-1.786472887809222
5177,MINDEN,8,1376.24,94,172.03,11.75,15.09,0.125,7,4,1,Standard Neighbourhood Stores,-1.7230600272412293,0.28969214539542787
5179,BAXTER,13,1396.01,108,107.38538461538461,8.307692307692308,15.288461538461538,0.38461538461538464,12,9,0,Premium Retail Stores,-1.0145474646515378,0.5087430489076266
5181,DENVER,12,1240.4,147,103.36666666666667,12.25,22.863333333333333,0.3333333333333333,12,6,0,Premium Retail Stores,-1.0087374306920993,1.159363358963728
5182,COUNCIL BLUFFS,8,450.28000000000003,53,56.285000000000004,6.625,12.5275,0.125,8,6,1,Standard Neighbourhood Stores,-2.4331637613210106,-0.7592609305410883
5183,CASCADE,9,1086.26,114,120.69555555555556,12.666666666666666,11.63,0.1111111111111111,9,7,1,Standard Neighbourhood Stores,-1.5801154577239234,-0.3233880522218968
5184,CAMANCHE,19,1620.96,159,85.31368421052632,8.368421052631579,23.53578947368421,0.3157894736842105,19,8,0,Premium Retail Stores,-0.4873436488945933,0.7255622947123118
5185,CORALVILLE,14,1130.83,100,80.77357142857143,7.142857142857143,15.635714285714286,0.2857142857142857,12,13,1,Standard Neighbourhood Stores,-1.0490801038841093,-0.03614199539652209
5186,WEST UNION,16,2136.21,195,133.513125,12.1875,19.115625,0.1875,14,9,1,Standard Neighbourhood Stores,-0.5084456123975322,0.40903587276698006
5187,AMES,56,6570.53,758,117.33089285714286,13.535714285714286,14.905892857142858,0.25,49,22,3,Balanced High-Performing Stores,1.9498124748794408,-0.26594394375213654
5188,SIOUX CITY,26,2606.91,235,100.26576923076922,9.038461538461538,22.286923076923078,0.38461538461538464,24,14,0,Premium Retail Stores,0.3384214709379458,0.8095228596726273
5190,WALFORD,19,1116.48,76,58.7621052631579,4.0,16.11,0.3157894736842105,17,10,0,Premium Retail Stores,-1.0204936964909592,-0.21315658862229145
5191,GUTHRIE CENTER,9,697.45,72,77.49444444444445,8.0,13.875555555555556,0.2222222222222222,9,6,1,Standard Neighbourhood Stores,-1.9517646829865158,-0.18483392341152038
5193,LOHRVILLE,6,993.96,111,165.66,18.5,11.42,0.16666666666666666,6,5,1,Standard Neighbourhood Stores,-1.8683339788550704,0.4701653829461322
5195,COUNCIL BLUFFS,23,5334.67,1491,231.9421739130435,64.82608695652173,15.156521739130437,0.21739130434782608,18,9,3,Balanced High-Performing Stores,1.4558523102399878,3.08308783359866
5196,CORALVILLE,18,1299.06,71,72.17,3.9444444444444446,17.269444444444446,0.2222222222222222,14,8,1,Standard Neighbourhood Stores,-1.201546048416833,-0.30648676017704257
5197,CORALVILLE,40,2131.2,209,53.279999999999994,5.225,15.649750000000001,0.175,34,15,3,Balanced High-Performing Stores,0.29932307127718616,-0.9726142491759776
5198,DAVENPORT,56,6923.74,532,123.63821428571428,9.5,22.88214285714286,0.375,52,21,3,Balanced High-Performing Stores,1.9576668184395158,0.6405009404452772
5200,ROBINS,7,970.63,219,138.66142857142856,31.285714285714285,12.127142857142857,0.0,7,6,1,Standard Neighbourhood Stores,-1.4794295753087117,0.3980006228638651
5203,COON RAPIDS,16,1695.4299999999998,116,105.96437499999999,7.25,14.90125,0.1875,14,10,1,Standard Neighbourhood Stores,-0.8726964390921471,-0.3060922521782384
5204,BURLINGTON,21,2546.64,299,121.26857142857142,14.238095238095237,11.821428571428571,0.14285714285714285,21,10,3,Balanced High-Performing Stores,-0.05817095804093648,-0.4065671598437629
5205,GLIDDEN,17,1003.17,55,59.01,3.235294117647059,16.93235294117647,0.23529411764705882,16,13,1,Standard Neighbourhood Stores,-1.1917765947264423,-0.46096360908517053
5206,GRUNDY CENTER,36,3123.0699999999997,232,86.75194444444443,6.444444444444445,14.028888888888888,0.16666666666666666,34,17,3,Balanced High-Performing Stores,0.5364063835269156,-0.9163445996765033
5207,CEDAR RAPIDS,71,8969.48,1000,126.33070422535211,14.084507042253522,19.361408450704225,0.28169014084507044,67,27,3,Balanced High-Performing Stores,2.6730242022459407,0.12430736808224585
5209,DUBUQUE,5,936.0,292,187.2,58.4,4.9799999999999995,0.0,3,3,1,Standard Neighbourhood Stores,-1.6863483460391597,1.547809494054039
5210,CLARINDA,91,7548.11,471,82.94626373626373,5.175824175824176,19.835934065934065,0.32967032967032966,82,24,3,Balanced High-Performing Stores,2.316751724915072,-0.33624227767390497
5211,JOHNSTON,51,2051.83,213,40.23196078431372,4.176470588235294,15.136862745098039,0.13725490196078433,40,16,3,Balanced High-Performing Stores,0.45026186819417646,-1.3309434158776736
5213,MONTROSE,7,352.83,38,50.40428571428571,5.428571428571429,10.969999999999999,0.0,7,7,1,Standard Neighbourhood Stores,-2.826912539750759,-1.366724270147174
5215,LE CLAIRE,27,1172.52,94,43.42666666666667,3.4814814814814814,13.375185185185185,0.1111111111111111,27,16,1,Standard Neighbourhood Stores,-0.5389643791456671,-1.4217581736879499
5216,RUNNELLS,13,1558.3999999999999,219,119.87692307692306,16.846153846153847,13.700769230769232,0.23076923076923078,11,7,1,Standard Neighbourhood Stores,-0.839417709599934,0.36306717875856215
5218,CHARITON,7,382.04999999999995,73,54.57857142857142,10.428571428571429,7.5842857142857145,0.0,7,4,1,Standard Neighbourhood Stores,-2.6496162051741683,-1.3505039036417763
5219,IOWA CITY,11,841.57,102,76.50636363636364,9.272727272727273,15.445454545454545,0.18181818181818182,11,8,1,Standard Neighbourhood Stores,-1.5183741460739728,-0.2199045492538857
5222,CEDAR RAPIDS,45,8667.789999999999,827,192.61755555555553,18.377777777777776,16.325777777777777,0.2222222222222222,42,19,3,Balanced High-Performing Stores,1.9494665372329434,0.42963796145085276
5223,TABOR,27,2785.53,282,103.16777777777779,10.444444444444445,14.273703703703703,0.1111111111111111,25,12,3,Balanced High-Performing Stores,0.15262845404702813,-0.6675183482482756
5224,CORALVILLE,17,2127.7999999999997,152,125.16470588235292,8.941176470588236,18.24,0.35294117647058826,16,9,0,Premium Retail Stores,-0.4635895968873287,0.6730834449181787
5225,NORTH LIBERTY,26,1917.82,291,73.76230769230769,11.192307692307692,13.63846153846154,0.11538461538461539,22,12,3,Balanced High-Performing Stores,-0.0774610162076904,-0.7864357874518203
5226,DAVENPORT,43,3590.71,810,83.50488372093024,18.837209302325583,10.519767441860466,0.13953488372093023,35,17,3,Balanced High-Performing Stores,1.2023075840591089,-0.7514087583272228
5227,CLINTON,9,968.88,47,107.65333333333334,5.222222222222222,20.022222222222222,0.4444444444444444,9,7,0,Premium Retail Stores,-1.735941433881214,1.066891987372777
5228,ANTHON,12,1216.53,89,101.3775,7.416666666666667,20.453333333333333,0.25,10,7,0,Premium Retail Stores,-1.3683176125962253,0.4653507287361636
5229,NORWALK,9,699.63,81,77.73666666666666,9.0,12.79888888888889,0.2222222222222222,9,6,1,Standard Neighbourhood Stores,-1.9083499361490868,-0.22387128743868628
5230,CEDAR RAPIDS,44,11296.65,1301,256.74204545454546,29.568181818181817,20.154090909090908,0.25,42,16,3,Balanced High-Performing Stores,2.3422922471346244,1.7004151895754211
5233,PLEASANTVILLE,16,2515.7,220,157.23125,13.75,27.771875,0.4375,16,7,0,Premium Retail Stores,-0.12636487679428837,2.136958280022646
5234,DUBUQUE,8,1105.05,219,138.13125,27.375,12.30625,0.125,8,7,1,Standard Neighbourhood Stores,-1.246923444234157,0.5949142868821637
5235,WAUKEE,29,1690.16,107,58.28137931034483,3.689655172413793,21.033793103448275,0.2413793103448276,23,13,0,Premium Retail Stores,-0.32686709401745473,-0.22417155632819957
5236,ANAMOSA,156,16507.38,1014,105.81653846153847,6.5,18.180128205128206,0.2948717948717949,127,32,2,Large High-Volume Stores,3.612043123299229,-0.6596830426051559
5237,FORT DODGE,35,4153.21,363,118.66314285714286,10.371428571428572,19.540285714285712,0.2857142857142857,35,20,3,Balanced High-Performing Stores,1.125343268818433,0.23095066377080814
5239,CENTRAL CITY,7,679.16,72,97.02285714285713,10.285714285714286,12.402857142857142,0.2857142857142857,7,5,1,Standard Neighbourhood Stores,-2.1257356389272553,0.19418004890994192
5240,WEST BRANCH,10,2061.5,154,206.15,15.4,13.953,0.3,10,5,1,Standard Neighbourhood Stores,-0.9437568967796811,1.0227107641665936
5242,IOWA CITY,33,1642.62,332,49.776363636363634,10.06060606060606,8.73969696969697,0.030303030303030304,27,12,3,Balanced High-Performing Stores,-0.03812560736790359,-1.7113064526800557
5244,CRESCO,121,11132.25,658,92.00206611570248,5.43801652892562,17.314462809917355,0.2892561983471074,110,33,2,Large High-Volume Stores,3.1284274269234826,-0.8156080167382274
5245,DES MOINES,55,3375.17,345,61.366727272727275,6.2727272727272725,13.942363636363638,0.2,46,21,3,Balanced High-Performing Stores,1.1609125059204721,-1.102100012767284
5246,FOREST CITY,12,1618.1399999999999,240,134.845,20.0,16.139166666666668,0.16666666666666666,11,6,1,Standard Neighbourhood Stores,-0.8275747233241694,0.5873300008175667
5247,ROCKWELL,7,441.05,43,63.00714285714286,6.142857142857143,10.315714285714288,0.14285714285714285,6,2,1,Standard Neighbourhood Stores,-2.836179398190844,-0.7585395535336708
5249,DAVENPORT,14,1110.37,155,79.31214285714285,11.071428571428571,11.731428571428571,0.21428571428571427,14,9,1,Standard Neighbourhood Stores,-1.0221748688748382,-0.3939079565340174
5250,DES MOINES,10,1050.49,156,105.049,15.6,12.358,0.1,10,9,1,Standard Neighbourhood Stores,-1.3096321522393004,-0.2909714531585467
5251,MASON CITY,46,15467.24,1032,336.24434782608694,22.434782608695652,20.232608695652175,0.41304347826086957,42,21,3,Balanced High-Performing Stores,2.707667253568809,2.211333355987231
5252,NORTH ENGLISH,30,1793.1299999999999,97,59.770999999999994,3.2333333333333334,22.340333333333334,0.4,28,18,0,Premium Retail Stores,0.053932745823630446,0.3065521246432528
5253,CENTER POINT,25,1076.58,91,43.063199999999995,3.64,15.263599999999999,0.08,23,9,1,Standard Neighbourhood Stores,-0.9390172762850425,-1.2495572700171063
5254,CEDAR RAPIDS,49,6692.23,674,136.5761224489796,13.755102040816327,16.48183673469388,0.32653061224489793,45,18,3,Balanced High-Performing Stores,1.7636028637774024,0.30045680718965595
5255,WEST DES MOINES,14,2501.7599999999998,186,178.69714285714284,13.285714285714286,17.142857142857142,0.14285714285714285,13,8,1,Standard Neighbourhood Stores,-0.5719886278921155,0.4038080001532815
5256,SAC CITY,9,837.54,133,93.06,14.777777777777779,14.965555555555556,0.1111111111111111,9,4,1,Standard Neighbourhood Stores,-1.7073529307744226,-0.05162962904548632
5257,OTTUMWA,95,18069.73,1020,190.2076842105263,10.736842105263158,20.45863157894737,0.43157894736842106,80,30,2,Large High-Volume Stores,3.406257311818151,0.7522679088058227
5258,DUBUQUE,5,680.28,102,136.05599999999998,20.4,9.798,0.0,5,4,1,Standard Neighbourhood Stores,-2.354328464855323,-0.21067060177477953
5259,GLENWOOD,37,1396.17,123,37.73432432432433,3.324324324324324,15.105945945945944,0.16216216216216217,35,20,3,Balanced High-Performing Stores,0.05968796014217458,-1.281547472834821
5260,MUSCATINE,15,1497.23,316,99.81533333333333,21.066666666666666,17.932666666666666,0.3333333333333333,13,8,0,Premium Retail Stores,-0.42836514643670753,1.0980972602619625
5261,MUSCATINE,12,528.6,42,44.050000000000004,3.5,14.029166666666667,0.16666666666666666,12,11,1,Standard Neighbourhood Stores,-1.950850813770071,-0.8779392738824103
5263,ROCK VALLEY,19,3489.27,183,183.6457894736842,9.631578947368421,20.42,0.47368421052631576,16,10,0,Premium Retail Stores,0.047251078611817536,1.5359273443077737
5264,MITCHELLVILLE,15,2205.7,254,147.04666666666665,16.933333333333334,11.960666666666667,0.13333333333333333,14,8,1,Standard Neighbourhood Stores,-0.505422078326411,-0.04257563297092556
5268,ATKINS,22,1743.9,113,79.26818181818182,5.136363636363637,17.133636363636363,0.22727272727272727,20,9,1,Standard Neighbourhood Stores,-0.6265108478974352,-0.3087265817263476
5269,ALBURNETT,7,590.55,85,84.36428571428571,12.142857142857142,10.032857142857143,0.14285714285714285,7,4,1,Standard Neighbourhood Stores,-2.265397458882894,-0.44085331135767203
5270,URBANDALE,17,2378.15,247,139.89117647058825,14.529411764705882,13.61,0.23529411764705882,15,7,1,Standard Neighbourhood Stores,-0.39360683204040686,0.27021669578071317
5273,PELLA,10,980.95,71,98.095,7.1,16.064,0.3,10,6,0,Premium Retail Stores,-1.6579955024961415,0.28301550630810507
5274,KINGSLEY,9,1396.38,87,155.15333333333334,9.666666666666666,15.697777777777778,0.1111111111111111,8,8,1,Standard Neighbourhood Stores,-1.5451373870565936,0.03327986084807417
5275,NEWTON,17,1984.54,213,116.73764705882353,12.529411764705882,15.996470588235294,0.23529411764705882,15,12,1,Standard Neighbourhood Stores,-0.3577022961211562,0.2001463308577132
5276,STANTON,7,924.7,110,132.1,15.714285714285714,8.641428571428571,0.0,6,5,1,Standard Neighbourhood Stores,-2.043959088524857,-0.6236749557904343
5277,ONAWA,6,854.1999999999999,136,142.36666666666665,22.666666666666668,10.711666666666666,0.16666666666666666,6,5,1,Standard Neighbourhood Stores,-1.8446420449148986,0.5027858718452363
5279,AMES,19,1740.58,95,91.60947368421053,5.0,23.56368421052632,0.47368421052631576,15,7,0,Premium Retail Stores,-0.7131216422914973,1.1856743850651736
5280,MASON CITY,11,1535.88,463,139.62545454545455,42.09090909090909,11.215454545454547,0.18181818181818182,11,6,1,Standard Neighbourhood Stores,-0.456613822382002,1.3333478500037739
5283,MASON CITY,5,633.5600000000001,76,126.71200000000002,15.2,10.516,0.0,5,3,1,Standard Neighbourhood Stores,-2.579569711354715,-0.4328341967491585
5284,BROOKLYN,13,804.51,77,61.885384615384616,5.923076923076923,10.633076923076922,0.07692307692307693,13,10,1,Standard Neighbourhood Stores,-1.5931794851604244,-1.263053821454346
5286,IOWA CITY,9,964.02,46,107.11333333333333,5.111111111111111,17.95888888888889,0.3333333333333333,8,6,0,Premium Retail Stores,-1.9242692377803294,0.5486573321355204
5287,CLARION,9,1119.9,188,124.43333333333334,20.88888888888889,14.213333333333333,0.2222222222222222,9,8,1,Standard Neighbourhood Stores,-1.166415151437531,0.6566654338965289
5289,STORY CITY,13,1321.55,129,101.6576923076923,9.923076923076923,11.096153846153847,0.07692307692307693,12,7,1,Standard Neighbourhood Stores,-1.2728069834534068,-0.7946368389524134
5292,VINTON,24,1753.3,124,73.05416666666666,5.166666666666667,14.29,0.125,20,14,1,Standard Neighbourhood Stores,-0.47450972022578325,-0.9823346903303477
5293,ARNOLDS PARK,121,27237.25,1511,225.1012396694215,12.487603305785123,20.92099173553719,0.4214876033057851,88,33,2,Large High-Volume Stores,4.017807526003755,0.9140271386153741
5295,WATERLOO,8,1104.84,300,138.105,37.5,5.22375,0.0,8,4,1,Standard Neighbourhood Stores,-1.2919683606198282,0.12256546307512098
5297,WEBSTER CITY,8,603.36,62,75.42,7.75,14.2875,0.125,8,6,1,Standard Neighbourhood Stores,-2.217141693374494,-0.46794791299833915
5298,DEWITT,45,10779.57,567,239.546,12.6,22.151777777777777,0.35555555555555557,44,21,3,Balanced High-Performing Stores,2.1298668919376667,1.2594991841367222
5299,MUSCATINE,22,1804.45,258,82.02045454545454,11.727272727272727,10.141363636363637,0.045454545454545456,20,14,1,Standard Neighbourhood Stores,-0.24841025628279453,-1.2234317526500973
5300,OTTUMWA,9,1112.32,124,123.5911111111111,13.777777777777779,11.213333333333333,0.0,9,6,1,Standard Neighbourhood Stores,-1.6378367061761274,-0.653148044874064
5301,OTTUMWA,5,873.72,120,174.744,24.0,10.656,0.2,5,3,1,Standard Neighbourhood Stores,-2.018786068651841,0.8969510389083152
5302,BELMOND,25,3224.64,415,128.9856,16.6,14.3128,0.2,21,10,3,Balanced High-Performing Stores,0.3166274033064133,0.11288754659129932
5303,MARSHALLTOWN,13,2368.8,278,182.21538461538464,21.384615384615383,11.187692307692307,0.07692307692307693,13,9,1,Standard Neighbourhood Stores,-0.45631752578551604,0.10016149374393056
5307,JOHNSTON,30,15996.99,981,533.233,32.7,23.062666666666665,0.36666666666666664,30,18,3,Balanced High-Performing Stores,2.6083049023938663,3.8131074585575293
5309,DES MOINES,20,3832.66,472,191.63299999999998,23.6,12.6605,0.15,17,9,3,Balanced High-Performing Stores,0.30346221671281276,0.5144999562774532
5311,PAULLINA,8,764.15,51,95.51875,6.375,16.59375,0.25,7,7,1,Standard Neighbourhood Stores,-2.105199156407351,0.18329346480690872
5313,DES MOINES,6,372.13,32,62.02166666666667,5.333333333333333,11.214999999999998,0.0,5,3,1,Standard Neighbourhood Stores,-3.1896714181062618,-1.1756215072365555
5314,COUNCIL BLUFFS,81,3395.73,495,41.92259259259259,6.111111111111111,12.909629629629631,0.1728395061728395,68,22,3,Balanced High-Performing Stores,1.6236923943168995,-1.519104236979502
5315,SIGOURNEY,61,2547.06,186,41.755081967213115,3.0491803278688523,14.711639344262295,0.18032786885245902,54,22,3,Balanced High-Performing Stores,0.9234499407091052,-1.408508367596983
5316,SIGOURNEY,32,1800.53,122,56.2665625,3.8125,14.615,0.1875,32,18,3,Balanced High-Performing Stores,0.01378627012768583,-1.0570750211409838
5317,TOLEDO,16,2149.7,219,134.35625,13.6875,12.685625,0.0625,16,7,1,Standard Neighbourhood Stores,-0.6072264675011168,-0.45521768963552783
5319,DAVENPORT,18,1978.18,266,109.89888888888889,14.777777777777779,8.782777777777778,0.05555555555555555,17,13,1,Standard Neighbourhood Stores,-0.33719463533237687,-0.9541121694120799
5322,AVOCA,48,3165.2200000000003,208,65.94208333333334,4.333333333333333,16.402708333333333,0.3125,45,21,3,Balanced High-Performing Stores,0.9661767981250587,-0.5674777043192872
5323,GLADBROOK,9,560.03,40,62.22555555555555,4.444444444444445,17.817777777777778,0.2222222222222222,9,7,1,Standard Neighbourhood Stores,-2.223012890567326,-0.11854030687326021
5324,STATE CENTER,11,318.88,21,28.98909090909091,1.9090909090909092,16.069090909090907,0.36363636363636365,10,6,0,Premium Retail Stores,-2.5628737825401413,-0.10384114310722377
5325,HUBBARD,5,455.22,46,91.04400000000001,9.2,10.276,0.0,5,3,1,Standard Neighbourhood Stores,-2.988463620852945,-0.9069531684797271
5326,STORM LAKE,87,9093.36,792,104.52137931034484,9.10344827586207,19.032758620689656,0.2988505747126437,83,29,3,Balanced High-Performing Stores,2.781363517729468,-0.2722511919654608
5327,COUNCIL BLUFFS,91,8850.07,930,97.25351648351648,10.219780219780219,14.8589010989011,0.14285714285714285,77,21,3,Balanced High-Performing Stores,2.3860451792542396,-1.0170879990813162
5329,GRAND MOUNDS,13,4001.6,168,307.81538461538463,12.923076923076923,66.31692307692308,0.8461538461538461,13,9,0,Premium Retail Stores,0.6736359160557011,7.317698191290218
5331,GEORGE,18,2029.1,155,112.72777777777777,8.61111111111111,16.645,0.16666666666666666,15,11,1,Standard Neighbourhood Stores,-0.5600289112839599,-0.17787239929193838
5332,GRIMES,30,2252.25,282,75.075,9.4,15.703000000000001,0.16666666666666666,26,11,3,Balanced High-Performing Stores,0.10567678183032743,-0.5604796249697855
5333,ANAMOSA,35,3620.29,240,103.43685714285714,6.857142857142857,15.543714285714286,0.2571428571428571,34,18,3,Balanced High-Performing Stores,0.7252007793409035,-0.39703115087305363
5334,LAKE MILLS,12,1770.65,121,147.55416666666667,10.083333333333334,16.368333333333332,0.3333333333333333,12,10,0,Premium Retail Stores,-0.8366444100553827,0.6955226461008164
5335,BETTENDORF,53,6830.28,934,128.8732075471698,17.62264150943396,13.504716981132075,0.1509433962264151,47,20,3,Balanced High-Performing Stores,1.9029811080273757,-0.42561754016260156
5336,MUSCATINE,8,950.5799999999999,462,118.82249999999999,57.75,6.12625,0.0,7,5,1,Standard Neighbourhood Stores,-1.0223138723161829,1.0879158148617454
5337,CONRAD,7,235.64000000000001,16,33.66285714285714,2.2857142857142856,14.801428571428572,0.14285714285714285,7,6,1,Standard Neighbourhood Stores,-3.2380253470565696,-0.7956886148881637
5338,DES MOINES,34,2021.79,278,59.46441176470588,8.176470588235293,13.686764705882354,0.14705882352941177,31,12,3,Balanced High-Performing Stores,0.16468759388388543,-0.9839918198283887
5339,MARENGO,21,1961.05,190,93.38333333333333,9.047619047619047,14.496666666666666,0.23809523809523808,20,15,3,Balanced High-Performing Stores,-0.1586041759713581,-0.29880990182263445
5340,WEST DES MOINES,38,2284.96,158,60.130526315789474,4.157894736842105,17.412894736842105,0.2894736842105263,34,16,3,Balanced High-Performing Stores,0.32532500767869466,-0.4624397218930026
5341,CEDAR RAPIDS,10,641.29,172,64.12899999999999,17.2,16.134,0.3,10,8,1,Standard Neighbourhood Stores,-1.3587545876190532,0.5739932137580103
5342,CARTER LAKE,11,3092.92,351,281.17454545454547,31.90909090909091,9.492727272727272,0.0,11,8,1,Standard Neighbourhood Stores,-0.28619314365331383,0.7225205990054528
5343,COON RAPIDS,51,2738.66,145,53.699215686274506,2.843137254901961,19.52313725490196,0.37254901960784315,42,19,3,Balanced High-Performing Stores,0.743349397846883,-0.21497035331648937
5344,SIOUX CITY,16,3285.6,326,205.35,20.375,16.344375,0.25,16,6,3,Balanced High-Performing Stores,-0.029957741160847578,1.132460894535658
5346,MARSHALLTOWN,9,1270.93,148,141.21444444444444,16.444444444444443,17.93111111111111,0.4444444444444444,9,6,0,Premium Retail Stores,-1.1231458081512742,1.5962327607647948
5347,WEST DES MOINES,48,3596.41,539,74.92520833333333,11.229166666666666,14.395000000000001,0.1875,40,18,3,Balanced High-Performing Stores,1.18040335829929,-0.7298906632054641
5348,LE GRAND,14,300.54,33,21.467142857142857,2.357142857142857,10.157142857142857,0.07142857142857142,14,8,1,Standard Neighbourhood Stores,-2.361502767108022,-1.7015323360765413
5349,ROBINS,17,1817.34,151,106.90235294117646,8.882352941176471,23.71764705882353,0.4117647058823529,15,9,0,Premium Retail Stores,-0.48214062608072616,1.2345308687601924
5350,MARION,5,675.54,122,135.108,24.4,27.148000000000003,0.6,5,2,0,Premium Retail Stores,-1.7660184413378848,3.4217469373277827
5351,SIOUX CITY,102,23822.56,1620,233.55450980392158,15.882352941176471,20.73450980392157,0.35294117647058826,90,24,2,Large High-Volume Stores,3.602836001401321,0.9927121081180857
5352,TRIPOLI,35,4131.26,379,118.036,10.82857142857143,13.655999999999999,0.08571428571428572,29,12,3,Balanced High-Performing Stores,0.5814983299485942,-0.7737268237855173
5353,PELLA,15,1349.97,184,89.998,12.266666666666667,15.174666666666667,0.2,15,10,1,Standard Neighbourhood Stores,-0.743074402834337,-0.08686311224188213
5354,WALL LAKE,8,668.31,67,83.53875,8.375,12.55625,0.125,8,6,1,Standard Neighbourhood Stores,-2.1528293960165343,-0.5385174418047277
5355,ELDRIDGE,6,637.35,92,106.22500000000001,15.333333333333334,10.525,0.0,5,4,1,Standard Neighbourhood Stores,-2.4281334352802357,-0.555914116616905
5356,CEDAR RAPIDS,23,2186.38,196,95.06,8.521739130434783,11.542608695652175,0.08695652173913043,22,12,1,Standard Neighbourhood Stores,-0.2658166843843937,-1.0559520224364003
5357,ORANGE CITY,15,634.71,34,42.314,2.2666666666666666,17.794666666666668,0.4,14,12,0,Premium Retail Stores,-1.5936598293844348,0.08361881255322472
5358,BEVINGTON,23,1452.03,131,63.13173913043478,5.695652173913044,13.675217391304347,0.17391304347826086,20,10,1,Standard Neighbourhood Stores,-0.667783098037367,-0.8406626562923869
5359,PEOSTA,30,4378.59,240,145.953,8.0,21.34333333333333,0.3333333333333333,28,16,3,Balanced High-Performing Stores,0.7415817949797345,0.6606125982184575
5360,DAVENPORT,13,2929.02,406,225.30923076923077,31.23076923076923,13.084615384615384,0.15384615384615385,12,8,1,Standard Neighbourhood Stores,-0.09028302887669469,1.2075504349005943
5361,BURLINGTON,43,2122.7599999999998,287,49.366511627906974,6.674418604651163,8.547441860465117,0.023255813953488372,37,17,3,Balanced High-Performing Stores,0.3966290791942186,-2.059020617854768
5362,DUNLAP,47,4913.88,290,104.55063829787234,6.170212765957447,18.95468085106383,0.3404255319148936,40,23,3,Balanced High-Performing Stores,1.3690470657371407,0.006311568041608656
5363,CLIVE,15,1750.56,232,116.704,15.466666666666667,14.725999999999999,0.13333333333333333,15,9,1,Standard Neighbourhood Stores,-0.5817351619796064,-0.055498653405580245
5364,EVANSDALE,15,877.47,131,58.498000000000005,8.733333333333333,13.368,0.2,15,12,1,Standard Neighbourhood Stores,-1.0444672388123522,-0.5797210589270764
5366,CHARLES CITY,35,4833.53,414,138.10085714285714,11.82857142857143,20.770857142857142,0.2857142857142857,33,18,3,Balanced High-Performing Stores,1.1814203272521722,0.5246439969781055
5367,FREDERICKSBURG,9,902.31,123,100.25666666666666,13.666666666666666,10.321111111111112,0.1111111111111111,9,8,1,Standard Neighbourhood Stores,-1.612622227692818,-0.4914501023911759
5368,INDEPENDENCE,6,694.98,115,115.83,19.166666666666668,9.655,0.0,5,4,1,Standard Neighbourhood Stores,-2.273993970721274,-0.39771779936191065
5369,BELLEVUE,7,1127.76,120,161.10857142857142,17.142857142857142,12.425714285714287,0.14285714285714285,7,6,1,Standard Neighbourhood Stores,-1.6615548433637546,0.3320532629724322
5371,BETTENDORF,22,2815.68,432,127.98545454545454,19.636363636363637,15.472272727272726,0.18181818181818182,20,14,3,Balanced High-Performing Stores,0.380159352204396,0.2636874008257591
5373,GUTTENBERG,16,1997.19,119,124.824375,7.4375,17.298125,0.3125,16,14,0,Premium Retail Stores,-0.47109222288848057,0.33842807813619746
5374,OTTUMWA,48,7087.12,814,147.64833333333334,16.958333333333332,14.073333333333332,0.16666666666666666,44,17,3,Balanced High-Performing Stores,1.7174958015719006,-0.20987138614727893
5375,DES MOINES,17,1474.83,189,86.75470588235294,11.117647058823529,14.241176470588236,0.11764705882352941,16,9,1,Standard Neighbourhood Stores,-0.7351381117173619,-0.5249533424491832
5377,ROCKWELL CITY,8,1239.48,114,154.935,14.25,13.13625,0.25,8,5,1,Standard Neighbourhood Stores,-1.5363943970825649,0.5588283321732125
5378,ALBION,5,910.0799999999999,66,182.016,13.2,14.768,0.4,5,3,0,Premium Retail Stores,-2.1495280205154357,1.4218710711840445
5380,SIOUX CITY,30,1011.22,164,33.70733333333333,5.466666666666667,12.777,0.16666666666666666,27,16,3,Balanced High-Performing Stores,-0.30679235546151046,-1.261144291040094
5381,MONONA,6,642.3,111,107.05,18.5,11.173333333333332,0.16666666666666666,6,2,1,Standard Neighbourhood Stores,-2.2122496149275106,0.2084973967675996
5382,ALTOONA,20,1312.29,123,65.61449999999999,6.15,14.9195,0.1,19,10,1,Standard Neighbourhood Stores,-0.8362414628323442,-0.9284613767980682
5383,NORTHWOOD,7,556.69,59,79.52714285714286,8.428571428571429,11.528571428571428,0.14285714285714285,7,4,1,Standard Neighbourhood Stores,-2.447456462900373,-0.5185411799605935
5384,PERRY,15,1280.82,89,85.38799999999999,5.933333333333334,18.346666666666668,0.2,12,11,1,Standard Neighbourhood Stores,-1.124347506732833,-0.12445434882756054
5385,WEST DES MOINES,10,952.5899999999999,65,95.25899999999999,6.5,18.279,0.4,10,7,0,Premium Retail Stores,-1.5876111976123553,0.7454917729431614
5386,EAGLE GROVE,14,1905.7,190,136.12142857142857,13.571428571428571,13.207857142857142,0.14285714285714285,13,10,1,Standard Neighbourhood Stores,-0.6813575066941499,-0.1231115619514329
5387,WEBSTER CITY,13,1499.8799999999999,175,115.3753846153846,13.461538461538462,12.617692307692307,0.15384615384615385,11,5,1,Standard Neighbourhood Stores,-1.1074487120621739,-0.1422864303518892
5388,NORTHWOOD,16,1940.23,152,121.264375,9.5,16.175,0.25,16,9,1,Standard Neighbourhood Stores,-0.6085523657726511,0.17511757372046416
5389,CRESCO,8,1085.3400000000001,98,135.66750000000002,12.25,12.0325,0.125,8,5,1,Standard Neighbourhood Stores,-1.7753994456766822,-0.13652623291282878
5390,SIOUX CITY,16,1144.93,149,71.558125,9.3125,11.403125,0.125,16,10,1,Standard Neighbourhood Stores,-0.9641501594038295,-0.8934099305986783
5391,CLEARLAKE,12,705.49,48,58.79083333333333,4.0,28.46083333333333,0.25,12,10,0,Premium Retail Stores,-1.6119353595945185,0.6800977387102057
5392,BONDURANT,8,1145.1599999999999,168,143.14499999999998,21.0,8.53875,0.0,7,4,1,Standard Neighbourhood Stores,-1.6688395585444664,-0.35591795475070936
5393,OSAGE,12,2249.82,190,187.485,15.833333333333334,21.3125,0.25,12,7,0,Premium Retail Stores,-0.5892366340184867,1.3075612205223217
5394,DECORAH,11,1260.6,162,114.6,14.727272727272727,9.593636363636364,0.09090909090909091,10,5,1,Standard Neighbourhood Stores,-1.3662906093217009,-0.5057426802421954
5396,INDIANOLA,11,830.1500000000001,75,75.46818181818183,6.818181818181818,24.204545454545453,0.36363636363636365,10,6,0,Premium Retail Stores,-1.568958664085473,1.019187581160915
5397,AMANA,22,3233.56,235,146.98,10.681818181818182,20.52136363636364,0.45454545454545453,18,14,0,Premium Retail Stores,0.321876469447693,1.2723543784162876
5398,COLFAX,8,963.12,95,120.39,11.875,26.71,0.5,7,6,0,Premium Retail Stores,-1.4830096234162242,2.2312136526608
5399,MANLY,10,760.96,108,76.096,10.8,9.626000000000001,0.1,10,5,1,Standard Neighbourhood Stores,-1.8176756739649602,-0.8335395787047519
5402,IOWA CITY,38,2894.78,230,76.17842105263158,6.052631578947368,15.444473684210527,0.21052631578947367,37,17,3,Balanced High-Performing Stores,0.5919541163201926,-0.7463388626812214
5403,DAVENPORT,31,3911.65,597,126.18225806451613,19.258064516129032,17.853870967741937,0.16129032258064516,29,17,3,Balanced High-Performing Stores,1.04237070902678,0.21658085699743881
5404,OXFORD,13,941.3,151,72.4076923076923,11.615384615384615,10.721538461538461,0.0,12,6,1,Standard Neighbourhood Stores,-1.447913876433345,-1.1359334364908176
5405,CORALVILLE,11,1191.72,136,108.33818181818182,12.363636363636363,10.452727272727273,0.09090909090909091,8,5,1,Standard Neighbourhood Stores,-1.5660790817097234,-0.5428152028393972
5406,CORALVILLE,10,930.26,171,93.026,17.1,16.738,0.2,10,6,1,Standard Neighbourhood Stores,-1.3209349396282841,0.4479059313871014
5407,WILLIAMSBURG,16,1997.92,119,124.87,7.4375,23.29625,0.3125,14,9,0,Premium Retail Stores,-0.6494638951769558,0.9038467599273081
5408,MARSHALLTOWN,6,793.14,66,132.19,11.0,17.353333333333335,0.3333333333333333,6,4,0,Premium Retail Stores,-2.1258380582295944,1.009601547410337
5409,WAUKEE,15,1323.98,105,88.26533333333333,7.0,18.266000000000002,0.3333333333333333,14,7,0,Premium Retail Stores,-1.0317384098383424,0.4028644373789805
5410,TRURO,7,811.86,67,115.98,9.571428571428571,29.29714285714286,0.2857142857142857,7,4,0,Premium Retail Stores,-1.9364939587463983,1.6284713541294376
5411,PERRY,24,2095.35,220,87.30624999999999,9.166666666666666,21.679583333333337,0.20833333333333334,23,15,3,Balanced High-Performing Stores,0.08391977203429352,0.1159934788074213
5412,TAMA,14,1918.3600000000001,172,137.0257142857143,12.285714285714286,19.667142857142856,0.35714285714285715,10,5,0,Premium Retail Stores,-0.8169619158401497,1.1648765165030628
5413,INWOOD,26,783.23,62,30.12423076923077,2.3846153846153846,15.136923076923077,0.19230769230769232,25,14,1,Standard Neighbourhood Stores,-0.9175713738395618,-1.086552457409933
5415,WATERLOO,46,6068.07,778,131.9145652173913,16.91304347826087,14.512391304347828,0.21739130434782608,42,16,3,Balanced High-Performing Stores,1.5854248936967186,-0.05434181090120462
5416,MARSHALLTOWN,28,1607.05,204,57.394642857142856,7.285714285714286,16.28142857142857,0.35714285714285715,28,13,3,Balanced High-Performing Stores,0.024983077705608224,-0.08725256079734091
5417,CEDAR RAPIDS,28,2839.46,243,101.40928571428572,8.678571428571429,12.391785714285716,0.10714285714285714,26,16,3,Balanced High-Performing Stores,0.24147693558605007,-0.9825617536209195
5418,CEDAR RAPIDS,9,1366.92,176,151.88,19.555555555555557,11.172222222222222,0.1111111111111111,9,4,1,Standard Neighbourhood Stores,-1.3433750444480768,0.14930090254093537
5419,HINTON,8,1042.82,107,130.3525,13.375,14.15125,0.125,8,5,1,Standard Neighbourhood Stores,-1.7321202097507886,0.06278239103842538
5420,CEDAR RAPIDS,8,960.16,118,120.02,14.75,16.665,0.25,8,7,1,Standard Neighbourhood Stores,-1.547875973994962,0.6796071005007199
5421,HARLAN,10,1808.64,138,180.864,13.8,13.05,0.1,10,5,1,Standard Neighbourhood Stores,-1.216827780069633,0.08339699702024446
5422,MONTEZUMA,19,901.39,109,47.44157894736842,5.7368421052631575,12.858421052631579,0.10526315789473684,16,8,1,Standard Neighbourhood Stores,-1.2301336416407394,-1.1314427409824332
5423,SHELDON,161,10689.01,664,66.39136645962733,4.124223602484472,17.727950310559006,0.2795031055900621,146,37,2,Large High-Volume Stores,3.468978561006621,-1.1374080032636034
5425,GRIMES,86,5006.2,343,58.211627906976744,3.988372093023256,19.660348837209302,0.36046511627906974,81,32,3,Balanced High-Performing Stores,2.2852987269302822,-0.5082273984309084
5426,CEDAR FALLS,16,1317.47,303,82.341875,18.9375,12.720625,0.125,15,10,1,Standard Neighbourhood Stores,-0.558662884356955,-0.2667201594871883
5427,DUBUQUE,32,4742.55,427,148.2046875,13.34375,13.971562500000001,0.1875,31,20,3,Balanced High-Performing Stores,1.088343210175682,-0.23688541585284886
5428,CEDAR RAPIDS,6,922.92,102,153.82,17.0,10.556666666666667,0.0,6,5,1,Standard Neighbourhood Stores,-2.0716246603268784,-0.2875888249413771
5430,WEBSTER CITY,14,1477.67,113,105.54785714285715,8.071428571428571,21.43857142857143,0.2857142857142857,14,7,0,Premium Retail Stores,-0.9596060103936687,0.6413613509542112
5431,LE MARS,66,6777.1,517,102.68333333333334,7.833333333333333,19.281363636363636,0.30303030303030304,59,22,3,Balanced High-Performing Stores,1.9786213754388717,-0.12707606147863976
5432,BONDURANT,13,1567.38,108,120.56769230769231,8.307692307692308,15.698461538461537,0.3076923076923077,13,10,0,Premium Retail Stores,-0.930615411970468,0.3210664889779992
5434,WEST BURLINGTON,40,3146.41,388,78.66024999999999,9.7,9.85675,0.05,39,15,3,Balanced High-Performing Stores,0.6678867024187088,-1.5488423126560513
5435,HARTLEY,28,2623.5,164,93.69642857142857,5.857142857142857,16.065,0.21428571428571427,28,18,3,Balanced High-Performing Stores,0.2417703857616543,-0.529343072990709
5436,DAVENPORT,47,2606.34,271,55.45404255319149,5.76595744680851,13.064680851063828,0.23404255319148937,45,20,3,Balanced High-Performing Stores,0.8646630044012883,-1.075209903219974
5437,MONTICELLO,43,3135.64,212,72.92186046511628,4.930232558139535,16.586279069767443,0.27906976744186046,42,17,3,Balanced High-Performing Stores,0.7414681430147976,-0.5294876088469131
5439,MOUNT PLEASANT,25,855.4300000000001,118,34.217200000000005,4.72,9.3348,0.04,24,10,1,Standard Neighbourhood Stores,-0.9580314686235146,-1.8824786264687472
5440,MISSOURI VALLEY,9,504.57,64,56.06333333333333,7.111111111111111,9.491111111111111,0.1111111111111111,9,4,1,Standard Neighbourhood Stores,-2.335746913028093,-1.0395515840735647
5441,CHEROKEE,60,7242.38,953,120.70633333333333,15.883333333333333,17.101666666666667,0.3,52,24,3,Balanced High-Performing Stores,2.2804087623021334,0.16422652284823314
5443,DES MOINES,75,13963.74,2008,186.1832,26.773333333333333,20.444266666666667,0.17333333333333334,69,23,2,Large High-Volume Stores,3.1254573747194208,0.7665292402575199
5444,MARSHALLTOWN,142,27206.59,1763,191.5957042253521,12.415492957746478,43.86281690140845,0.3380281690140845,128,39,2,Large High-Volume Stores,4.666924492254232,2.1709609626832824
5446,ROCK VALLEY,23,1841.17,134,80.0508695652174,5.826086956521739,15.73521739130435,0.2608695652173913,19,12,3,Balanced High-Performing Stores,-0.4241557226317672,-0.3054266748880522
5447,RAYMOND,6,399.63,34,66.605,5.666666666666667,12.178333333333333,0.0,6,5,1,Standard Neighbourhood Stores,-2.979711261391549,-1.109869137791949
5448,FORT MADISON,34,6094.82,372,179.25941176470587,10.941176470588236,20.89794117647059,0.38235294117647056,31,14,3,Balanced High-Performing Stores,1.1477485688754585,1.072264642348258
5450,FORT DODGE,10,1068.53,79,106.853,7.9,20.545,0.2,10,7,1,Standard Neighbourhood Stores,-1.5519390048178765,0.3761067518596792
5453,GRISWOLD,6,771.9,66,128.65,11.0,14.888333333333334,0.3333333333333333,6,4,1,Standard Neighbourhood Stores,-2.164972386264714,0.7936806718699403
5455,OELWEIN,10,867.59,183,86.759,18.3,8.797,0.0,10,8,1,Standard Neighbourhood Stores,-1.4532765242919967,-0.8640257324101176
5459,CORNING,12,658.71,75,54.892500000000005,6.25,16.636666666666667,0.16666666666666666,12,7,1,Standard Neighbourhood Stores,-1.7384244886046643,-0.4383306541975747
5460,CORALVILLE,38,1546.92,193,40.70842105263158,5.078947368421052,9.793684210526317,0.02631578947368421,36,17,3,Balanced High-Performing Stores,0.058182347941848234,-2.0463520596714573
5462,CEDAR RAPIDS,32,6798.81,819,212.4628125,25.59375,16.61125,0.28125,31,14,3,Balanced High-Performing Stores,1.5307325657004531,1.2445453584186568
5463,DECORAH,25,3662.98,136,146.5192,5.44,28.726,0.72,23,12,0,Premium Retail Stores,0.4562894630639087,2.5479588682911243
5465,AMES,47,2437.09,250,51.852978723404256,5.319148936170213,13.727446808510637,0.1276595744680851,40,16,3,Balanced High-Performing Stores,0.542009334413517,-1.3520400872803495
5466,DES MOINES,36,2877.02,319,79.91722222222222,8.86111111111111,15.707777777777778,0.2777777777777778,33,19,3,Balanced High-Performing Stores,0.7862759854832377,-0.3459410760442348
5467,DEXTER,10,888.81,121,88.881,12.1,10.689,0.1,10,7,1,Standard Neighbourhood Stores,-1.6075954916274995,-0.6467100214750411
5470,MUSCATINE,11,490.31,42,44.57363636363636,3.8181818181818183,13.94,0.18181818181818182,11,8,1,Standard Neighbourhood Stores,-2.1463350722389962,-0.7569703044737703
5471,BOONE,49,6481.08,721,132.2669387755102,14.714285714285714,16.74326530612245,0.32653061224489793,46,22,3,Balanced High-Performing Stores,1.9382391169656759,0.2961674285540058
5472,EVANSDALE,5,337.56,44,67.512,8.8,11.309999999999999,0.2,5,4,1,Standard Neighbourhood Stores,-2.971590397436569,-0.296812822810163
5474,WATERLOO,8,677.22,166,84.6525,20.75,5.2425,0.0,7,5,1,Standard Neighbourhood Stores,-1.9373736759457796,-0.9259893353886768
5475,CEDAR FALLS,9,182.49,11,20.276666666666667,1.2222222222222223,18.28,0.3333333333333333,9,6,0,Premium Retail Stores,-3.1279665298475723,-0.06659232880564085
5476,ELDRIDGE,25,2854.45,282,114.178,11.28,12.789200000000001,0.16,24,15,3,Balanced High-Performing Stores,0.25805280672059805,-0.5485035908655644
5477,MARQUETTE,6,1004.1,124,167.35,20.666666666666668,11.261666666666668,0.16666666666666666,6,4,1,Standard Neighbourhood Stores,-1.8384614981715703,0.5802956773712094
5478,BURLINGTON,13,2350.44,179,180.80307692307693,13.76923076923077,17.666153846153847,0.3076923076923077,12,8,0,Premium Retail Stores,-0.554840437895299,1.0564202044003785
5479,CLERMONT,10,1046.04,100,104.604,10.0,12.944999999999999,0.2,10,6,1,Standard Neighbourhood Stores,-1.568374546118041,-0.13874850446403042
5480,ORANGE CITY,7,1016.04,81,145.14857142857142,11.571428571428571,22.138571428571424,0.2857142857142857,6,5,0,Premium Retail Stores,-1.8266781459589845,1.2942133389402202
5481,CEDAR RAPIDS,37,6518.92,740,176.18702702702703,20.0,16.95108108108108,0.21621621621621623,35,17,3,Balanced High-Performing Stores,1.5638649012685646,0.5424301997939994
5482,DAVENPORT,44,4734.47,650,107.60159090909092,14.772727272727273,16.15568181818182,0.22727272727272727,41,20,3,Balanced High-Performing Stores,1.5148531644327636,-0.1423655694816182
5483,GRISWOLD,5,188.12,19,37.624,3.8,15.984,0.2,5,5,1,Standard Neighbourhood Stores,-3.486520440950569,-0.31802047965679014
5484,CEDAR FALLS,15,2668.44,146,177.89600000000002,9.733333333333333,20.269333333333332,0.4666666666666667,14,8,0,Premium Retail Stores,-0.37389779435806597,1.5544543482062931
5485,STORY CITY,7,627.78,40,89.68285714285715,5.714285714285714,15.105714285714285,0.2857142857142857,6,5,1,Standard Neighbourhood Stores,-2.456229130366386,0.18739330079354355
5487,WATERLOO,11,346.92,66,31.53818181818182,6.0,11.312727272727273,0.09090909090909091,11,9,1,Standard Neighbourhood Stores,-2.151178581984733,-1.2601039495658268
5489,WINFIELD,10,1093.99,75,109.399,7.5,14.428999999999998,0.3,10,7,1,Standard Neighbourhood Stores,-1.5603964113661444,0.21227586058560202
5490,ROCKWELL,8,228.04000000000002,18,28.505000000000003,2.25,12.373750000000001,0.0,8,7,1,Standard Neighbourhood Stores,-3.189251770857262,-1.5526901774628317
5492,ROCKWELL CITY,5,288.68,26,57.736000000000004,5.2,10.751999999999999,0.0,5,4,1,Standard Neighbourhood Stores,-3.398802747685799,-1.2321397368291553
5493,RED OAK,13,1395.72,119,107.36307692307693,9.153846153846153,15.326923076923077,0.23076923076923078,13,8,1,Standard Neighbourhood Stores,-1.0711595921079744,0.031853775288366755
5496,DAVENPORT,26,4460.82,625,171.57,24.03846153846154,12.697307692307692,0.15384615384615385,19,9,3,Balanced High-Performing Stores,0.6030989974367025,0.40495526821763267
5497,GRINNELL,5,772.4399999999999,100,154.488,20.0,11.538,0.2,5,4,1,Standard Neighbourhood Stores,-2.150147601106466,0.6709231583210356
5498,ARLINGTON,8,342.14,43,42.7675,5.375,10.17375,0.0,8,5,1,Standard Neighbourhood Stores,-2.7778413768076424,-1.4876087063692462
5499,ALTOONA,18,1258.9,79,69.9388888888889,4.388888888888889,21.407222222222224,0.2222222222222222,16,9,0,Premium Retail Stores,-1.0368004805771662,0.0028537361613714804
5501,DES MOINES,44,2233.12,469,50.75272727272727,10.659090909090908,9.321363636363635,0.06818181818181818,32,11,3,Balanced High-Performing Stores,0.40104158316999694,-1.5597111233371237
5502,PELLA,8,801.6,126,100.2,15.75,7.93,0.0,8,4,1,Standard Neighbourhood Stores,-1.9616159583321666,-0.880501001772926
5504,WATERLOO,46,3218.5299999999997,539,69.96804347826087,11.717391304347826,14.01608695652174,0.10869565217391304,43,20,3,Balanced High-Performing Stores,1.1709326007966203,-1.0576881997616767
5505,HAMPTON,18,2130.9700000000003,139,118.38722222222223,7.722222222222222,19.107222222222223,0.3333333333333333,18,13,0,Premium Retail Stores,-0.3002753516144853,0.5140953681635756
5506,DAVENPORT,9,951.22,88,105.69111111111111,9.777777777777779,20.403333333333332,0.2222222222222222,8,6,0,Premium Retail Stores,-1.6957295355694115,0.5819693352951847
5507,DES MOINES,27,2308.2799999999997,734,85.49185185185185,27.185185185185187,8.301851851851852,0.037037037037037035,21,10,3,Balanced High-Performing Stores,0.3219419833124478,-0.6354061490598656
5510,WILLIAMSBURG,16,1097.71,93,68.606875,5.8125,15.45,0.3125,16,8,0,Premium Retail Stores,-1.1017292533391378,-0.08923271251846865
5511,NORTH LIBERTY,13,603.51,63,46.423846153846156,4.846153846153846,19.003846153846155,0.3076923076923077,12,9,0,Premium Retail Stores,-1.6387935193534704,0.08542509318543952
5512,POSTVILLE,15,1829.42,107,121.96133333333334,7.133333333333334,23.02466666666667,0.26666666666666666,14,10,0,Premium Retail Stores,-0.7496916005907825,0.696259785618647
5513,OTTUMWA,15,1674.3,248,111.61999999999999,16.533333333333335,12.174000000000001,0.13333333333333333,13,7,1,Standard Neighbourhood Stores,-0.7290963589263707,-0.18831075144584952
5514,NORTH LIBERTY,93,16893.43,1024,181.64978494623657,11.010752688172044,19.86172043010753,0.3978494623655914,88,33,2,Large High-Volume Stores,3.4903056159315913,0.5149255834649339
5515,OTTUMWA,20,4429.86,382,221.493,19.1,16.931,0.3,19,11,3,Balanced High-Performing Stores,0.5321371635503823,1.2454227725245892
5516,LAMONT,7,517.22,57,73.88857142857144,8.142857142857142,8.355714285714287,0.0,7,5,1,Standard Neighbourhood Stores,-2.583981827830167,-1.3089945461423032
5517,MEDIAPOLIS,44,1726.18,110,39.23136363636364,2.5,16.004772727272726,0.2727272727272727,41,18,3,Balanced High-Performing Stores,0.24265948487059577,-0.8914973068536602
5519,AKRON,13,1673.4,216,128.72307692307692,16.615384615384617,8.505384615384616,0.0,11,8,1,Standard Neighbourhood Stores,-0.9738542005594427,-0.8144762148550397
5520,RIVERSIDE,8,529.23,35,66.15375,4.375,16.41875,0.375,8,7,0,Premium Retail Stores,-2.298348190395096,0.3326139669317721
5521,WAUKEE,17,1250.6599999999999,150,73.56823529411764,8.823529411764707,10.555882352941175,0.0,16,9,1,Standard Neighbourhood Stores,-1.0317202538373695,-1.3918479786062001
5522,GREENE,12,1108.38,175,92.36500000000001,14.583333333333334,11.085,0.16666666666666666,11,9,1,Standard Neighbourhood Stores,-1.1303016298693065,-0.3172303089074767
5524,MARSHALLTOWN,27,2553.66,299,94.58,11.074074074074074,12.306666666666665,0.07407407407407407,25,14,3,Balanced High-Performing Stores,0.16682498194068623,-0.9864445712106479
5526,HUDSON,39,5996.39,283,153.75358974358974,7.256410256410256,25.02102564102564,0.5897435897435898,38,21,0,Premium Retail Stores,1.5507181457139694,1.6770422545405126
5527,IOWA CITY,31,2594.57,214,83.69580645161291,6.903225806451613,13.726129032258065,0.1935483870967742,29,18,3,Balanced High-Performing Stores,0.3553657940701497,-0.8083660192973424
5528,WATERLOO,7,401.66999999999996,43,57.381428571428565,6.142857142857143,15.790000000000001,0.2857142857142857,7,5,1,Standard Neighbourhood Stores,-2.5600935009753933,0.07738051774516651
5529,DUBUQUE,8,565.82,92,70.7275,11.5,9.43375,0.0,7,6,1,Standard Neighbourhood Stores,-2.2489876420805137,-1.107654183065201
5530,MARSHALLTOWN,6,939.1800000000001,102,156.53,17.0,10.615,0.0,6,3,1,Standard Neighbourhood Stores,-2.133704115676324,-0.24682117156516886
5532,SAINT ANSGAR,5,693.69,25,138.738,5.0,31.498,1.0,4,4,0,Premium Retail Stores,-2.228046819952054,4.228972737290932
5533,DES MOINES,33,3883.11,281,117.67,8.515151515151516,22.363333333333333,0.36363636363636365,32,23,3,Balanced High-Performing Stores,1.1088117696079378,0.6178915996187152
5534,SIOUX CITY,16,2270.0,242,141.875,15.125,12.401875,0.125,16,7,1,Standard Neighbourhood Stores,-0.48978271477875124,-0.16404431355124666
5535,INDIANOLA,9,953.16,156,105.90666666666667,17.333333333333332,9.030000000000001,0.0,9,7,1,Standard Neighbourhood Stores,-1.5828732030606067,-0.7568191417871108
5536,AMES,21,1625.6299999999999,135,77.41095238095238,6.428571428571429,15.53047619047619,0.19047619047619047,19,13,1,Standard Neighbourhood Stores,-0.513355868182417,-0.5439831957845696
5537,SUMNER,14,1313.67,129,93.83357142857143,9.214285714285714,12.602857142857143,0.21428571428571427,14,9,1,Standard Neighbourhood Stores,-1.0196494263819533,-0.33964141183468805
5538,STORY CITY,14,1374.09,110,98.14928571428571,7.857142857142857,19.08857142857143,0.14285714285714285,13,9,1,Standard Neighbourhood Stores,-1.0820711056506072,-0.08645249821170259
5539,DES MOINES,15,1658.68,131,110.57866666666668,8.733333333333333,24.022000000000002,0.26666666666666666,15,10,0,Premium Retail Stores,-0.6699506801329296,0.7857007526419405
5540,SERGEANT BLUFF,6,680.22,93,113.37,15.5,20.876666666666665,0.3333333333333333,5,4,0,Premium Retail Stores,-2.071792709018213,1.4451472639421676
5541,OSCEOLA,14,1366.29,152,97.59214285714286,10.857142857142858,11.594999999999999,0.07142857142857142,14,6,1,Standard Neighbourhood Stores,-1.1347698142488352,-0.7716220830079521
5542,MAQUOKETA,10,1490.76,136,149.076,13.6,15.993,0.2,10,6,1,Standard Neighbourhood Stores,-1.2046665759028679,0.4885187910220666
5543,BEDFORD,7,1011.12,126,144.44571428571427,18.0,11.725714285714286,0.2857142857142857,7,4,1,Standard Neighbourhood Stores,-1.683813076619564,0.7427017502831184
5544,LENOX,5,885.6,66,177.12,13.2,13.851999999999999,0.2,5,4,1,Standard Neighbourhood Stores,-2.267004799543182,0.6399571629870016
5545,DALLAS CENTER,22,1506.11,122,68.45954545454545,5.545454545454546,16.015,0.22727272727272727,19,9,1,Standard Neighbourhood Stores,-0.6950568698880385,-0.42567509170667994
5546,NEWTON,15,1149.44,117,76.62933333333334,7.8,12.688666666666666,0.2,13,8,1,Standard Neighbourhood Stores,-1.1875789631270588,-0.5163820955953567
5547,MEDIAPOLIS,9,874.47,90,97.16333333333334,10.0,23.266666666666666,0.3333333333333333,9,8,0,Premium Retail Stores,-1.5054505461512422,1.1147630603853347
5548,LAKE CITY,8,664.74,130,83.0925,16.25,8.89625,0.125,7,4,1,Standard Neighbourhood Stores,-1.9992484294477204,-0.42027987681583723
5549,DAYTON,14,1605.2,147,114.65714285714286,10.5,22.087857142857143,0.2857142857142857,14,11,0,Premium Retail Stores,-0.6462358075200089,0.8046006723203455
5550,HIAWATHA,7,638.0,90,91.14285714285714,12.857142857142858,12.997142857142858,0.14285714285714285,6,5,1,Standard Neighbourhood Stores,-2.1964965126227636,-0.12247282433027677
5551,WILLIAMSBURG,11,1091.4,124,99.21818181818183,11.272727272727273,12.191818181818183,0.09090909090909091,11,7,1,Standard Neighbourhood Stores,-1.431386946127158,-0.571981116475996
5552,AMES,6,594.12,67,99.02,11.166666666666666,20.755,0.16666666666666666,6,3,1,Standard Neighbourhood Stores,-2.3745551054111744,0.5842994484631779
5553,CLINTON,11,1250.2,125,113.65454545454546,11.363636363636363,15.442727272727273,0.18181818181818182,11,9,1,Standard Neighbourhood Stores,-1.1964542136650897,0.0471389640798548
5555,DAVENPORT,21,3120.22,360,148.58190476190475,17.142857142857142,13.282380952380953,0.14285714285714285,21,13,3,Balanced High-Performing Stores,0.2705424554977995,-0.05657555880083452
5556,FORT DODGE,13,2038.86,137,156.8353846153846,10.538461538461538,17.346923076923076,0.3076923076923077,13,8,0,Premium Retail Stores,-0.7358549447818785,0.7532516308966194
5557,FORT DODGE,17,1543.93,164,90.81941176470589,9.647058823529411,14.658823529411764,0.11764705882352941,17,8,1,Standard Neighbourhood Stores,-0.7856001200310784,-0.5389489703046418
5558,FORT DODGE,12,830.75,125,69.22916666666667,10.416666666666666,11.909999999999998,0.08333333333333333,12,6,1,Standard Neighbourhood Stores,-1.5455587298369933,-0.821548537751426
5559,DAVENPORT,34,5804.0,813,170.7058823529412,23.91176470588235,12.329411764705881,0.17647058823529413,32,15,3,Balanced High-Performing Stores,1.3670178748685964,0.24673407282395635
5561,MADRID,27,1162.89,108,43.07,4.0,12.875185185185185,0.2222222222222222,20,11,1,Standard Neighbourhood Stores,-0.7341198389125679,-0.9575052331918105
5563,CARROLL,26,2383.84,422,91.68615384615386,16.23076923076923,9.40576923076923,0.038461538461538464,20,10,1,Standard Neighbourhood Stores,0.004278811346586273,-1.0210355069594623
5564,ANKENY,35,3926.66,437,112.19028571428571,12.485714285714286,16.234,0.2857142857142857,30,12,3,Balanced High-Performing Stores,0.7938723986511455,0.15255697853054226
5565,ANKENY,28,3231.0299999999997,341,115.39392857142856,12.178571428571429,18.0625,0.32142857142857145,26,12,3,Balanced High-Performing Stores,0.5150124238483066,0.4757469507344437
5566,DES MOINES,20,2125.84,227,106.292,11.35,17.299500000000002,0.2,20,13,3,Balanced High-Performing Stores,-0.1140526453901721,-0.00016742298520148877
5567,IOWA CITY,20,743.22,62,37.161,3.1,19.961,0.3,20,10,0,Premium Retail Stores,-1.157160968344023,-0.14397039551435353
5568,NEW SHARON,12,1380.96,128,115.08,10.666666666666666,12.293333333333335,0.16666666666666666,11,6,1,Standard Neighbourhood Stores,-1.2715313454810153,-0.26028904489419724
5569,CEDAR RAPIDS,10,988.62,115,98.862,11.5,8.809000000000001,0.0,10,9,1,Standard Neighbourhood Stores,-1.5915265081319225,-1.1385398725867208
5570,CEDAR RAPIDS,14,2170.05,250,155.00357142857143,17.857142857142858,17.862142857142857,0.35714285714285715,12,7,0,Premium Retail Stores,-0.4256951951368408,1.3150609108147921
5571,CEDAR RAPIDS,6,563.64,55,93.94,9.166666666666666,16.268333333333334,0.3333333333333333,6,5,0,Premium Retail Stores,-2.357221644803583,0.6409540577159711
5572,CEDAR RAPIDS,13,1646.1,138,126.62307692307692,10.615384615384615,14.994615384615384,0.15384615384615385,9,5,1,Standard Neighbourhood Stores,-1.23488467562198,0.0010718501959615175
5573,CEDAR RAPIDS,10,1561.44,222,156.144,22.2,10.877,0.1,10,5,1,Standard Neighbourhood Stores,-1.066242077197739,0.19272019048443925
5574,MARION,17,2389.26,232,140.54470588235296,13.647058823529411,11.938823529411765,0.17647058823529413,16,9,1,Standard Neighbourhood Stores,-0.3769446758818394,-0.1357479729274885
5575,MARION,7,560.73,97,80.10428571428572,13.857142857142858,10.574285714285717,0.14285714285714285,7,6,1,Standard Neighbourhood Stores,-2.146567347583871,-0.3603186001346827
5576,WAPELLO,11,1328.58,102,120.77999999999999,9.272727272727273,14.08090909090909,0.2727272727272727,10,6,1,Standard Neighbourhood Stores,-1.3645856792712876,0.22930404820943207
5577,CHARLES CITY,9,1243.57,104,138.17444444444445,11.555555555555555,15.369999999999997,0.2222222222222222,9,8,1,Standard Neighbourhood Stores,-1.408238142565416,0.3715381287014237
5580,BOONE,10,1607.21,188,160.721,18.8,17.412,0.2,10,7,1,Standard Neighbourhood Stores,-0.9420936386242929,0.8932075303712348
5581,NORTH ENGLISH,7,1436.25,118,205.17857142857142,16.857142857142858,26.39428571428571,0.5714285714285714,7,4,0,Premium Retail Stores,-1.18362932659844,3.118063717022079
5583,WAPELLO,16,2029.45,152,126.840625,9.5,18.41125,0.1875,16,10,1,Standard Neighbourhood Stores,-0.5665570581649474,0.16013545409531016
5585,NEW LONDON,11,1680.06,123,152.73272727272726,11.181818181818182,20.793636363636367,0.36363636363636365,10,7,0,Premium Retail Stores,-0.9893937732560723,1.3066828355125297
5588,MARENGO,5,480.84000000000003,163,96.168,32.6,22.028,0.2,5,5,1,Standard Neighbourhood Stores,-1.9514611731836853,1.8329983203564066
5590,ANKENY,16,988.91,165,61.806875,10.3125,15.26375,0.1875,13,8,1,Standard Neighbourhood Stores,-1.0654785735036072,-0.3155868442663061
5591,OSKALOOSA,11,715.45,79,65.0409090909091,7.181818181818182,9.696363636363635,0.0,11,7,1,Standard Neighbourhood Stores,-1.916492142056688,-1.4400960635061308
5592,FORT ATKINSON,11,501.56,47,45.596363636363634,4.2727272727272725,11.61,0.09090909090909091,11,9,1,Standard Neighbourhood Stores,-2.137246278491171,-1.2371455510454032
5593,MUSCATINE,21,4017.54,572,191.31142857142856,27.238095238095237,17.790000000000003,0.2857142857142857,21,13,3,Balanced High-Performing Stores,0.8234770521144461,1.4699881170938738
5594,NORWAY,15,736.53,87,49.102,5.8,16.820666666666668,0.3333333333333333,15,10,0,Premium Retail Stores,-1.2507033463380213,-0.013513425491825846
5596,OELWEIN,14,3195.78,177,228.27,12.642857142857142,21.577142857142857,0.5,12,8,0,Premium Retail Stores,-0.20502368794170983,2.1761805263727125
5597,DUBUQUE,38,7324.85,639,192.7592105263158,16.81578947368421,16.19736842105263,0.39473684210526316,32,17,3,Balanced High-Performing Stores,1.6200920406005441,1.019557133699768
5598,DUBUQUE,10,1150.2,55,115.02000000000001,5.5,15.469999999999999,0.2,10,8,1,Standard Neighbourhood Stores,-1.6851451371342232,-0.11759735203305602
5599,WATERLOO,52,8407.24,1213,161.6776923076923,23.326923076923077,15.620961538461538,0.21153846153846154,49,23,3,Balanced High-Performing Stores,2.3520359594557037,0.33617214981807464
5600,DES MOINES,64,21069.77,2169,329.21515625,33.890625,23.76203125,0.40625,61,22,2,Large High-Volume Stores,3.5768130123401174,2.8692808278829927
5601,MONTICELLO,22,1219.75,190,55.44318181818182,8.636363636363637,11.986818181818181,0.13636363636363635,22,10,1,Standard Neighbourhood Stores,-0.5930697964871232,-1.0167262696617803
5603,CHARLES CITY,7,584.74,55,83.53428571428572,7.857142857142857,23.087142857142858,0.42857142857142855,6,5,0,Premium Retail Stores,-2.181454633253827,1.3825047002961126
5604,MOUNT VERNON,21,1760.67,223,83.84142857142858,10.619047619047619,12.319523809523808,0.09523809523809523,18,8,1,Standard Neighbourhood Stores,-0.5488182398322273,-0.8291274661047314
5605,NEW HAMPTON,14,2007.5500000000002,191,143.39642857142857,13.642857142857142,12.017142857142858,0.14285714285714285,9,5,1,Standard Neighbourhood Stores,-0.9990318547200749,-0.06375175961391254
5606,CLINTON,13,2607.2,262,200.55384615384614,20.153846153846153,17.767692307692307,0.38461538461538464,12,8,0,Premium Retail Stores,-0.2388656269257309,1.7188344900232744
5607,URBANA,5,618.18,78,123.636,15.6,10.196,0.0,5,4,1,Standard Neighbourhood Stores,-2.545974978986472,-0.46597069708759253
5608,EDGEWOOD,10,1390.2,102,139.02,10.2,15.678,0.3,8,4,1,Standard Neighbourhood Stores,-1.4856995969013531,0.6508262135395217
5609,OELWEIN,14,1887.78,229,134.84142857142857,16.357142857142858,10.31857142857143,0.07142857142857142,12,7,1,Standard Neighbourhood Stores,-0.8081698744773959,-0.4227290001288732
5610,ANAMOSA,5,465.36,96,93.072,19.2,8.036,0.0,4,2,1,Standard Neighbourhood Stores,-2.7548093551107913,-0.5602521643795487
5611,ANAMOSA,6,691.5,82,115.25,13.666666666666666,9.508333333333333,0.0,6,4,1,Standard Neighbourhood Stores,-2.384586339526002,-0.7011553517968615
5614,NORTH LIBERTY,9,1376.81,82,152.9788888888889,9.11111111111111,22.51,0.4444444444444444,9,7,0,Premium Retail Stores,-1.2851998600246124,1.6630019378807863
5615,GRIMES,22,1346.56,200,61.20727272727272,9.090909090909092,11.838636363636363,0.13636363636363635,18,9,1,Standard Neighbourhood Stores,-0.6524894984705627,-0.9323159483678516
5617,NASHUA,7,521.76,75,74.53714285714285,10.714285714285714,18.154285714285717,0.14285714285714285,7,3,1,Standard Neighbourhood Stores,-2.3369904238635453,0.11103155538860789
5618,LISBON,12,1207.46,188,100.62166666666667,15.666666666666666,18.4275,0.16666666666666666,12,7,1,Standard Neighbourhood Stores,-1.013417052378895,0.3767387918992642
5619,ELK RUN HEIGHTS,11,1072.59,116,97.50818181818181,10.545454545454545,14.831818181818182,0.18181818181818182,10,6,1,Standard Neighbourhood Stores,-1.4629451050052429,-0.06801831411580496
5620,RICEVILLE,18,2527.14,199,140.39666666666665,11.055555555555555,14.45111111111111,0.2222222222222222,18,14,3,Balanced High-Performing Stores,-0.12777011519465226,0.01256936558590393
5621,DAVENPORT,15,2439.87,442,162.658,29.466666666666665,11.868666666666666,0.2,11,8,1,Standard Neighbourhood Stores,-0.18298480805054265,0.8861046454767698
5622,SHELDON,9,1337.46,114,148.60666666666668,12.666666666666666,13.825555555555557,0.1111111111111111,9,7,1,Standard Neighbourhood Stores,-1.447114327179693,-0.014165745686186037
5623,DES MOINES,54,7075.28,804,131.0237037037037,14.88888888888889,21.865185185185187,0.25925925925925924,52,21,3,Balanced High-Performing Stores,2.0800058604682254,0.4630910706748409
5624,DUBUQUE,5,935.7,56,187.14000000000001,11.2,29.977999999999998,0.6,5,4,0,Premium Retail Stores,-1.8947466506316983,3.2418381266135157
5625,DES MOINES,20,1381.3899999999999,201,69.06949999999999,10.05,16.506999999999998,0.25,19,14,3,Balanced High-Performing Stores,-0.33737869503646595,-0.1425539347354369
5628,COUNCIL BLUFFS,10,2138.52,477,213.852,47.7,16.358,0.3,9,6,1,Standard Neighbourhood Stores,-0.17107231953203467,2.80594382554018
5630,SIOUX CITY,14,1455.99,177,103.99928571428572,12.642857142857142,20.82,0.21428571428571427,13,7,1,Standard Neighbourhood Stores,-0.8412266936681393,0.5705741682123775
5631,MARION,11,1375.56,172,125.05090909090909,15.636363636363637,11.115454545454545,0.09090909090909091,11,7,1,Standard Neighbourhood Stores,-1.162498805227062,-0.32859886335310606
5632,POCAHONTAS,9,1704.33,177,189.37,19.666666666666668,26.12333333333333,0.3333333333333333,8,8,0,Premium Retail Stores,-0.8232393253818571,2.2573605240946932
5633,OSKALOOSA,16,1751.61,127,109.475625,7.9375,18.6475,0.3125,16,13,0,Premium Retail Stores,-0.5320625464098173,0.4092074166369989
5635,CORRECTIONVILLE,24,1802.45,128,75.10208333333334,5.333333333333333,14.996666666666668,0.25,21,11,3,Balanced High-Performing Stores,-0.4484430160938562,-0.4596440669720174
5636,CEDAR RAPIDS,36,4573.26,593,127.03500000000001,16.47222222222222,17.83,0.2777777777777778,35,19,3,Balanced High-Performing Stores,1.3654319715742245,0.40254514207886727
5640,NEW HARTFORD,7,1137.06,108,162.43714285714285,15.428571428571429,11.858571428571429,0.0,7,5,1,Standard Neighbourhood Stores,-1.84594553704793,-0.2584731891477501
5642,AUDUBON,8,287.0,14,35.875,1.75,21.52375,0.5,8,7,0,Premium Retail Stores,-2.7761864358963595,0.8918938456626726
5643,LE GRAND,44,2047.08,210,46.52454545454545,4.7727272727272725,13.175227272727273,0.1590909090909091,39,16,3,Balanced High-Performing Stores,0.37723759522366884,-1.3305330082998843
5644,DUBUQUE,7,715.56,61,102.22285714285714,8.714285714285714,14.022857142857143,0.14285714285714285,7,5,1,Standard Neighbourhood Stores,-2.251426319435306,-0.2046040570740325
5645,GRINNELL,95,6423.6,462,67.61684210526316,4.863157894736842,15.864526315789472,0.2631578947368421,82,24,3,Balanced High-Performing Stores,2.164671534638715,-0.9775739373341218
5646,CEDAR RAPIDS,44,6122.64,470,139.1509090909091,10.681818181818182,17.237954545454546,0.29545454545454547,39,16,3,Balanced High-Performing Stores,1.3756649710462157,0.18654422565221918
5649,TIFFIN,13,858.87,70,66.06692307692308,5.384615384615385,23.59,0.38461538461538464,12,8,0,Premium Retail Stores,-1.3830637604905434,0.8529714825742137
5650,WILLIAMSBURG,6,365.24,26,60.873333333333335,4.333333333333333,16.876666666666665,0.5,6,6,0,Premium Retail Stores,-2.7242003290461607,0.8518571632031937
5651,WINDSOR HEIGHTS,139,9428.11,663,67.82812949640288,4.76978417266187,20.231438848920863,0.3381294964028777,125,35,2,Large High-Volume Stores,3.2859635818491677,-0.6303336999944924
5652,COUNCIL BLUFFS,23,2882.48,465,125.32521739130435,20.217391304347824,9.317826086956522,0.08695652173913043,22,13,3,Balanced High-Performing Stores,0.3198686391359707,-0.5481978428191437
5654,KALONA,5,1139.46,48,227.892,9.6,26.806,0.6,5,5,0,Premium Retail Stores,-1.8387827163495611,3.086402125008722
5655,ALGONA,39,6122.91,667,156.9976923076923,17.102564102564102,21.455897435897434,0.3333333333333333,37,15,3,Balanced High-Performing Stores,1.5455465576592282,1.0799771488892411
5656,LE CLAIRE,30,3016.96,342,100.56533333333333,11.4,16.191333333333333,0.23333333333333334,30,18,3,Balanced High-Performing Stores,0.6998600107962372,-0.18384290064240374
5659,STORM LAKE,5,955.08,85,191.01600000000002,17.0,25.734,0.4,5,4,0,Premium Retail Stores,-1.8444582967746688,2.518369993117484
5660,DUBUQUE,74,11843.44,1005,160.0464864864865,13.58108108108108,21.423783783783783,0.3918918918918919,68,23,3,Balanced High-Performing Stores,2.784963950312766,0.8352826665638261
5661,CEDAR RAPIDS,17,2777.6099999999997,272,163.38882352941175,16.0,14.161764705882353,0.11764705882352941,17,9,1,Standard Neighbourhood Stores,-0.20059856461350545,0.054398123305787124
5662,DAVENPORT,54,6057.63,637,112.17833333333334,11.796296296296296,14.854074074074074,0.3148148148148148,49,19,3,Balanced High-Performing Stores,1.749176298765623,-0.11873017562344204
5663,LAKE VIEW,30,5256.88,319,175.22933333333333,10.633333333333333,20.36,0.26666666666666666,25,11,3,Balanced High-Performing Stores,0.6916196497814178,0.6945984452643621
5664,DES MOINES,15,890.61,69,59.374,4.6,19.259333333333334,0.3333333333333333,13,9,0,Premium Retail Stores,-1.3385904630599743,0.2174212791420792
5665,FORT DODGE,6,471.28,59,78.54666666666667,9.833333333333334,8.76,0.0,5,5,1,Standard Neighbourhood Stores,-2.770188719778871,-1.1051208079133197
5666,DAVENPORT,18,33954.12,1290,1886.3400000000001,71.66666666666667,33.72611111111111,0.8888888888888888,16,11,4,Specialized Wholesale Stores,4.783895679587892,14.5745305565713
5669,WATERLOO,19,1839.91,194,96.83736842105263,10.210526315789474,13.386842105263158,0.15789473684210525,18,12,1,Standard Neighbourhood Stores,-0.41775614575619735,-0.5212869023830977
5670,ROCKWELL,6,869.24,52,144.87333333333333,8.666666666666666,16.74,0.16666666666666666,6,4,1,Standard Neighbourhood Stores,-2.299227123727251,0.3489488588270712
5671,GLENWOOD,26,3384.48,204,130.1723076923077,7.846153846153846,17.09423076923077,0.34615384615384615,24,10,3,Balanced High-Performing Stores,0.18554005490209607,0.39437612076200057
5676,DES MOINES,42,4286.07,383,102.0492857142857,9.119047619047619,16.333571428571428,0.19047619047619047,38,17,3,Balanced High-Performing Stores,1.0362962312133752,-0.4910424107643987
5678,DAVENPORT,53,9074.05,876,171.2084905660377,16.528301886792452,23.244150943396228,0.33962264150943394,51,20,3,Balanced High-Performing Stores,2.281502119348601,1.1290513746987179
5680,BURLINGTON,9,775.16,151,86.12888888888888,16.77777777777778,10.514444444444445,0.1111111111111111,8,7,1,Standard Neighbourhood Stores,-1.662738247386115,-0.36650264941588134
5681,HAWARDEN,18,1683.57,132,93.53166666666667,7.333333333333333,18.978333333333335,0.2222222222222222,17,12,1,Standard Neighbourhood Stores,-0.573917912646467,0.01309578398364378
5682,CLINTON,20,6384.06,517,319.20300000000003,25.85,14.635,0.2,20,11,3,Balanced High-Performing Stores,0.9021720710052884,1.4829377389184213
5684,CEDAR FALLS,34,3818.29,529,112.30264705882352,15.558823529411764,12.573823529411765,0.11764705882352941,32,13,3,Balanced High-Performing Stores,0.7924998466245264,-0.581756892960879
5685,CEDAR FALLS,39,4403.52,259,112.91076923076925,6.641025641025641,19.57794871794872,0.3333333333333333,37,17,3,Balanced High-Performing Stores,0.9718660786165799,0.2035109871570779
5687,CEDAR RAPIDS,16,1701.78,157,106.36125,9.8125,22.688125,0.3125,16,11,0,Premium Retail Stores,-0.482018362593405,0.8318787094545037
5688,SPENCER,5,288.18,35,57.636,7.0,8.844,0.0,5,5,1,Standard Neighbourhood Stores,-3.2584694787445154,-1.3154815805281008
5691,WATERLOO,19,3332.89,514,175.41526315789474,27.05263157894737,10.818947368421053,0.10526315789473684,19,12,3,Balanced High-Performing Stores,0.3860453730544026,0.25817606144266714
5692,DAVENPORT,13,1739.61,149,133.81615384615384,11.461538461538462,19.965384615384615,0.3076923076923077,13,10,0,Premium Retail Stores,-0.6840223685231889,0.8767855765080116
5696,KALONA,5,654.6600000000001,73,130.93200000000002,14.6,13.484,0.2,5,4,1,Standard Neighbourhood Stores,-2.388465745148343,0.46027952227281865
5697,GLENWOOD,6,745.51,53,124.25166666666667,8.833333333333334,15.808333333333332,0.3333333333333333,5,5,0,Premium Retail Stores,-2.3098966374344507,0.7608939752415553
5698,GRIMES,18,2138.15,205,118.78611111111111,11.38888888888889,16.05611111111111,0.1111111111111111,17,7,1,Standard Neighbourhood Stores,-0.5353611870500412,-0.22715847530030164
5699,PERRY,6,293.91,42,48.98500000000001,7.0,10.486666666666666,0.0,5,4,1,Standard Neighbourhood Stores,-3.1484279224441964,-1.2368080501177485
5700,PERRY,5,215.88,30,43.176,6.0,10.312000000000001,0.0,4,4,1,Standard Neighbourhood Stores,-3.5519463907505076,-1.275306481312191
5701,ONAWA,29,2591.17,461,89.35068965517242,15.89655172413793,14.722068965517241,0.1724137931034483,29,12,3,Balanced High-Performing Stores,0.4838795288969542,-0.26870417011628883
5702,KALONA,16,5791.74,446,361.98375,27.875,17.208750000000002,0.1875,15,9,3,Balanced High-Performing Stores,0.613455568221008,2.0400921059921715
5703,WATERLOO,24,4128.24,446,172.01,18.583333333333332,18.489583333333332,0.2916666666666667,21,11,3,Balanced High-Performing Stores,0.6267922567494583,1.0490201088996607
5704,WASHINGTON,5,626.13,225,125.226,45.0,9.208,0.0,5,4,1,Standard Neighbourhood Stores,-1.8722937708908263,0.870631998288694
5706,FORT MADISON,11,1298.64,222,118.05818181818182,20.181818181818183,7.167272727272728,0.0,11,7,1,Standard Neighbourhood Stores,-1.1518560343307342,-0.7705005462253144
5708,WILLIAMSBURG,40,5001.1,292,125.0275,7.3,17.16475,0.325,37,22,3,Balanced High-Performing Stores,1.2464521696446393,0.006892993504281156
5709,AMES,7,312.86,26,44.69428571428572,3.7142857142857144,14.321428571428571,0.2857142857142857,7,5,1,Standard Neighbourhood Stores,-2.885812754571886,-0.21845689500323662
5710,WAVERLY,21,1254.31,79,59.72904761904762,3.761904761904762,16.90142857142857,0.3333333333333333,19,9,0,Premium Retail Stores,-0.8916490719273428,-0.11591127202295187
5712,WATERLOO,13,1091.81,135,83.98538461538462,10.384615384615385,20.45384615384615,0.15384615384615385,10,8,1,Standard Neighbourhood Stores,-1.2406880824092545,0.17401034433609697
5713,BROOKLYN,5,541.9200000000001,38,108.38400000000001,7.6,13.436000000000002,0.2,5,5,1,Standard Neighbourhood Stores,-2.7553939056733805,0.00752543724018618
5715,EVANSDALE,10,545.08,63,54.508,6.3,30.604000000000003,0.4,10,5,0,Premium Retail Stores,-1.803440151069747,1.5520141253859578
5716,BETTENDORF,11,1422.44,494,129.31272727272727,44.90909090909091,10.615454545454545,0.09090909090909091,10,5,1,Standard Neighbourhood Stores,-0.5867882304341994,1.0926768501580255
5717,ALTOONA,9,966.57,85,107.39666666666668,9.444444444444445,16.977777777777778,0.4444444444444444,9,7,0,Premium Retail Stores,-1.5106639235927182,1.01574655497
5718,MARSHALLTOWN,10,963.36,145,96.336,14.5,8.228,0.0,10,6,1,Standard Neighbourhood Stores,-1.6041392267324408,-1.0206731711761072
5720,ACKLEY,7,908.08,104,129.7257142857143,14.857142857142858,10.957142857142857,0.0,7,4,1,Standard Neighbourhood Stores,-2.033783228296107,-0.5004343319309058
5722,NEWTON,6,625.23,90,104.205,15.0,10.12,0.0,6,5,1,Standard Neighbourhood Stores,-2.3456439871778465,-0.6531262001751665
5723,WAUKEE,5,669.96,55,133.99200000000002,11.0,25.656,0.2,5,4,0,Premium Retail Stores,-2.392147405471173,1.2878836851277071
5724,CENTERVILLE,15,1928.78,217,128.58533333333332,14.466666666666667,14.163333333333332,0.06666666666666667,14,8,1,Standard Neighbourhood Stores,-0.6803559073763629,-0.29335795496207095
5725,PLEASANT VALLEY,11,1159.58,93,105.41636363636363,8.454545454545455,14.633636363636363,0.09090909090909091,9,6,1,Standard Neighbourhood Stores,-1.6304336108805382,-0.43325256601478523
5726,VINTON,37,1795.19,135,48.51864864864865,3.6486486486486487,15.295675675675675,0.21621621621621623,36,21,3,Balanced High-Performing Stores,0.28732918497032306,-1.0280231755624847
5727,DENISON,9,1485.53,116,165.05888888888887,12.88888888888889,103.65333333333334,0.2222222222222222,8,5,0,Premium Retail Stores,-0.5257360170034688,7.74743332043317
5728,DENISON,58,8556.91,556,147.53293103448274,9.586206896551724,22.603103448275863,0.39655172413793105,55,23,3,Balanced High-Performing Stores,2.206102465584134,0.7694733146001226
5730,WATERLOO,24,2661.06,386,110.8775,16.083333333333332,9.2425,0.125,21,15,3,Balanced High-Performing Stores,0.2568296316844569,-0.7131571074703399
5731,WATERLOO,31,3101.81,212,100.0583870967742,6.838709677419355,15.012258064516129,0.1935483870967742,29,12,3,Balanced High-Performing Stores,0.23244319942605685,-0.5575866739162417
5734,TIFFIN,29,8781.6,428,302.8137931034483,14.758620689655173,18.918275862068967,0.3103448275862069,26,15,3,Balanced High-Performing Stores,1.3504223152981958,1.4565423669225843
5735,MUSCATINE,21,2748.23,181,130.86809523809524,8.619047619047619,30.16,0.3333333333333333,21,14,0,Premium Retail Stores,0.19333985516956487,1.4504384772258698
5736,FLOYD,28,5422.64,343,193.6657142857143,12.25,17.1325,0.32142857142857145,24,13,3,Balanced High-Performing Stores,0.796590484684713,0.772752538030178
5737,BALDWIN,9,1056.12,68,117.34666666666665,7.555555555555555,33.96,0.2222222222222222,9,7,0,Premium Retail Stores,-1.5376882769912614,1.5988787123777013
5739,HUBBARD,7,728.94,72,104.13428571428572,10.285714285714286,14.155714285714286,0.2857142857142857,6,4,1,Standard Neighbourhood Stores,-2.171310743330032,0.40545371292203813
5740,KNOXVILLE,32,5048.55,584,157.7671875,18.25,12.063125,0.1875,29,14,3,Balanced High-Performing Stores,1.020543154326498,-0.031639955003611685
5741,CLINTON,6,797.24,145,132.87333333333333,24.166666666666668,15.798333333333332,0.16666666666666666,6,6,1,Standard Neighbourhood Stores,-1.7560975004554162,0.9290726827002067
5743,FAIRFIELD,20,1811.44,114,90.572,5.7,23.096,0.35,18,8,0,Premium Retail Stores,-0.573351857983375,0.7095584935793293
5745,INDEPENDENCE,10,1317.0,162,131.7,16.2,18.437,0.3,9,6,0,Premium Retail Stores,-1.1371735982372246,1.0811844833997355
5747,COUNCIL BLUFFS,11,1397.66,228,127.06,20.727272727272727,14.858181818181817,0.18181818181818182,11,7,1,Standard Neighbourhood Stores,-0.9045334388727893,0.5320090380910297
5749,CARROLL,8,1084.98,114,135.6225,14.25,10.02375,0.125,8,4,1,Standard Neighbourhood Stores,-1.7569855628546007,-0.19264828060815048
5750,ANKENY,9,744.1899999999999,56,82.68777777777777,6.222222222222222,16.557777777777776,0.2222222222222222,9,7,1,Standard Neighbourhood Stores,-1.9674045499836235,-0.03667368289654715
5752,BLOOMFIELD,11,1174.62,71,106.78363636363635,6.454545454545454,19.562727272727273,0.45454545454545453,10,4,0,Premium Retail Stores,-1.487704621454784,1.1096226084017144
5755,OTTUMWA,21,1411.97,197,67.23666666666666,9.380952380952381,14.835714285714285,0.19047619047619047,21,8,1,Standard Neighbourhood Stores,-0.5535821574149585,-0.4718314246804348
5756,ALBIA,10,1238.1599999999999,133,123.81599999999999,13.3,13.95,0.2,10,8,1,Standard Neighbourhood Stores,-1.2633449597433564,0.1666716628516451
5758,HUMBOLDT,10,686.64,63,68.664,6.3,17.449,0.1,9,7,1,Standard Neighbourhood Stores,-1.9982895176586148,-0.4553851439373721
5759,WELLMAN,6,845.1,104,140.85,17.333333333333332,16.06833333333333,0.16666666666666666,6,5,1,Standard Neighbourhood Stores,-1.9472464100089624,0.6739725333338678
5762,ESTHERVILLE,12,1133.3600000000001,82,94.44666666666667,6.833333333333333,29.876666666666665,0.3333333333333333,11,9,0,Premium Retail Stores,-1.1775701152898759,1.4079648872343746
5765,MUSCATINE,11,1666.02,200,151.45636363636365,18.181818181818183,21.624545454545455,0.36363636363636365,10,7,0,Premium Retail Stores,-0.7384181003642654,1.6999168764317507
5766,MUSCATINE,10,812.0,128,81.2,12.8,8.459999999999999,0.0,10,6,1,Standard Neighbourhood Stores,-1.7454414470508743,-1.1564782261701223
5768,OTTUMWA,5,522.84,75,104.56800000000001,15.0,10.108,0.2,5,3,1,Standard Neighbourhood Stores,-2.5598238622473266,0.09244526119165808
5770,WATERLOO,12,1320.06,125,110.005,10.416666666666666,13.193333333333333,0.08333333333333333,11,8,1,Standard Neighbourhood Stores,-1.2774821156377518,-0.5276175064555103
5772,WINTERSET,5,684.96,47,136.99200000000002,9.4,26.553999999999995,0.2,5,5,0,Premium Retail Stores,-2.4077585645577178,1.2876433830098932
5773,INDEPENDENCE,14,913.82,95,65.27285714285715,6.785714285714286,12.552142857142856,0.2857142857142857,13,7,1,Standard Neighbourhood Stores,-1.3824136482320573,-0.32226082088979363
5775,JESUP,11,1481.46,160,134.67818181818183,14.545454545454545,11.437272727272727,0.09090909090909091,10,5,1,Standard Neighbourhood Stores,-1.2700288667895532,-0.2700678472929693
5777,ATLANTIC,18,2112.36,169,117.35333333333334,9.38888888888889,24.494444444444444,0.2777777777777778,16,10,0,Premium Retail Stores,-0.35810336292113387,0.8900096416346622
5778,HUXLEY,7,817.0799999999999,150,116.72571428571428,21.428571428571427,6.952857142857143,0.0,6,4,1,Standard Neighbourhood Stores,-1.991712315966887,-0.5490918781506908
5779,ELDON,9,1358.76,91,150.97333333333333,10.11111111111111,23.414444444444445,0.3333333333333333,9,7,0,Premium Retail Stores,-1.3068732003942347,1.3994699599657316
5780,CEDAR FALLS,7,768.96,69,109.85142857142857,9.857142857142858,20.210000000000004,0.2857142857142857,7,6,0,Premium Retail Stores,-1.9694014248764116,0.8549707479543647
5781,CLARENCE,5,568.58,70,113.71600000000001,14.0,9.41,0.0,5,5,1,Standard Neighbourhood Stores,-2.615745246768479,-0.6643896946004088
5782,URBANDALE,11,1479.84,130,134.5309090909091,11.818181818181818,19.09272727272727,0.18181818181818182,11,8,1,Standard Neighbourhood Stores,-1.0894230228582895,0.47435849225687315
5783,FORT MADISON,6,418.2,74,69.7,12.333333333333334,41.358333333333334,0.5,5,3,0,Premium Retail Stores,-2.1412362829013962,3.309662731237714
5784,FORT MADISON,10,878.1,103,87.81,10.3,10.692,0.1,8,6,1,Standard Neighbourhood Stores,-1.8188851416975045,-0.6894209427106757
5785,CLARINDA,8,739.23,69,92.40375,8.625,11.373750000000001,0.0,8,6,1,Standard Neighbourhood Stores,-2.1839773765339663,-0.9999335803068282
5786,CORALVILLE,11,1049.66,145,95.42363636363638,13.181818181818182,18.314545454545456,0.18181818181818182,11,8,1,Standard Neighbourhood Stores,-1.2180268066727007,0.28901451635393266
5787,ESSEX,6,822.21,59,137.035,9.833333333333334,15.969999999999999,0.5,6,5,0,Premium Retail Stores,-2.029601604665815,1.4153486068954135
5789,HILLS,6,815.52,69,135.92,11.5,16.515,0.16666666666666666,6,4,1,Standard Neighbourhood Stores,-2.205316917940967,0.4218253581835976
5790,HULL,5,681.18,39,136.236,7.8,15.959999999999999,0.2,4,4,1,Standard Neighbourhood Stores,-2.7208186900188718,0.3971506850522994
5794,WALCOTT,7,1032.94,120,147.56285714285715,17.142857142857142,8.821428571428571,0.0,7,5,1,Standard Neighbourhood Stores,-1.8747948284996816,-0.49195504661241046
5795,WILTON,7,855.72,75,122.24571428571429,10.714285714285714,11.364285714285714,0.0,7,6,1,Standard Neighbourhood Stores,-2.1484502006181705,-0.7223901914764139
5796,WEST BEND,8,1452.78,150,181.5975,18.75,13.4075,0.25,7,5,1,Standard Neighbourhood Stores,-1.351706671477517,0.9397992428657349
5797,WAVERLY,8,951.18,139,118.8975,17.375,8.6275,0.0,6,4,1,Standard Neighbourhood Stores,-1.932880552157967,-0.612735869050021
5800,SIOUX CITY,10,430.88,106,43.088,10.6,11.222,0.1,10,8,1,Standard Neighbourhood Stores,-1.9496504834673178,-0.9188883154904758
5802,PLEASANT HILL,8,429.12,32,53.64,4.0,14.115,0.25,7,4,1,Standard Neighbourhood Stores,-2.692467124329587,-0.2996033765135269
5803,PLEASANT HILL,23,1824.09,236,79.30826086956522,10.26086956521739,13.115217391304347,0.13043478260869565,20,10,1,Standard Neighbourhood Stores,-0.3368261221674325,-0.7386097735394416
5804,CLINTON,12,1671.44,183,139.28666666666666,15.25,15.933333333333332,0.08333333333333333,12,7,1,Standard Neighbourhood Stores,-0.9389349968204259,0.0590120602526407
5807,MIDDLETOWN,7,807.08,67,115.29714285714286,9.571428571428571,13.477142857142857,0.0,7,6,1,Standard Neighbourhood Stores,-2.2095842883453574,-0.6385298111491666
5808,BONDURANT,6,378.99,51,63.165,8.5,10.843333333333334,0.16666666666666666,6,4,1,Standard Neighbourhood Stores,-2.7717283230757803,-0.5307233358017804
5810,WHAT CHEER,6,353.7,51,58.949999999999996,8.5,10.128333333333332,0.16666666666666666,6,4,1,Standard Neighbourhood Stores,-2.8092597403054866,-0.6100235122603799
5811,RIVERSIDE,7,667.38,86,95.34,12.285714285714286,12.961428571428572,0.14285714285714285,5,3,1,Standard Neighbourhood Stores,-2.341057361426293,-0.08134646544017578
5812,SPIRIT LAKE,5,561.5999999999999,120,112.31999999999998,24.0,6.212000000000001,0.0,5,2,1,Standard Neighbourhood Stores,-2.467612335564894,-0.41773238363092025
5813,CEDAR RAPIDS,22,2054.57,184,93.38954545454546,8.363636363636363,17.08727272727273,0.2727272727272727,17,7,3,Balanced High-Performing Stores,-0.45329872794649045,0.10976659174878281
5814,SAGEVILLE,11,1184.51,72,107.68272727272728,6.545454545454546,22.92818181818182,0.2727272727272727,11,8,0,Premium Retail Stores,-1.375315757331604,0.7156769491839992
5815,DUBUQUE,37,4890.78,569,132.18324324324323,15.378378378378379,11.746216216216217,0.13513513513513514,30,15,3,Balanced High-Performing Stores,1.0154115860808257,-0.5274940329016214
5816,ALTOONA,9,744.02,126,82.66888888888889,14.0,14.610000000000001,0.1111111111111111,9,8,1,Standard Neighbourhood Stores,-1.649621438457691,-0.21484785131448997
5817,GRINNELL,10,1029.43,111,102.94300000000001,11.1,17.703,0.2,10,6,1,Standard Neighbourhood Stores,-1.4794043923302094,0.2894765817570685
5820,EDDYVILLE,5,364.44,23,72.888,4.6,18.296,0.4,5,4,0,Premium Retail Stores,-3.012089564003333,0.773762635359972
5821,LONE TREE,14,1824.12,201,130.2942857142857,14.357142857142858,12.374285714285715,0.14285714285714285,13,7,1,Standard Neighbourhood Stores,-0.7932710284602579,-0.14569068285749426
5822,MONROE,18,1747.38,172,97.07666666666667,9.555555555555555,11.949444444444445,0.16666666666666666,16,9,1,Standard Neighbourhood Stores,-0.678297542621279,-0.5757027371354002
5823,SIOUX CENTER,14,1905.56,158,136.11142857142858,11.285714285714286,17.460714285714285,0.14285714285714285,14,12,1,Standard Neighbourhood Stores,-0.6245509140018647,0.0768348941397374
5824,SOLON,6,677.4000000000001,46,112.90000000000002,7.666666666666667,16.383333333333333,0.3333333333333333,5,4,0,Premium Retail Stores,-2.4522728069987108,0.7104430505483506
5825,WEST BURLINGTON,12,1316.6,139,109.71666666666665,11.583333333333334,15.511666666666665,0.08333333333333333,11,8,1,Standard Neighbourhood Stores,-1.2050710355920273,-0.28669493140787866
5826,KEOKUK,16,1960.27,311,122.516875,19.4375,10.95875,0.0625,14,9,1,Standard Neighbourhood Stores,-0.4728583078697497,-0.3786212160000741
5827,KEOKUK,5,600.78,44,120.15599999999999,8.8,36.586,0.6,5,4,0,Premium Retail Stores,-2.184990932607946,3.3490006922392115
5828,HAMPTON,6,286.75,43,47.791666666666664,7.166666666666667,10.896666666666667,0.16666666666666666,6,6,1,Standard Neighbourhood Stores,-2.89400280432093,-0.6916378157620195
5829,IOWA CITY,9,1805.1599999999999,228,200.57333333333332,25.333333333333332,9.967777777777778,0.1111111111111111,8,5,1,Standard Neighbourhood Stores,-1.0532183134707644,0.5613749614499665
5830,NEWTON,7,527.48,130,75.35428571428572,18.571428571428573,21.12857142857143,0.2857142857142857,7,6,0,Premium Retail Stores,-1.8233124723972314,1.1741286849382533
5831,WEBSTER CITY,7,984.56,74,140.65142857142857,10.571428571428571,14.191428571428572,0.14285714285714285,7,7,1,Standard Neighbourhood Stores,-1.92415458165303,0.05575081088040365
5833,FREMONT,6,548.16,94,91.36,15.666666666666666,6.9433333333333325,0.0,5,4,1,Standard Neighbourhood Stores,-2.526523452842308,-0.9013993676772933
5834,IOWA FALLS,7,107.47,8,15.352857142857143,1.1428571428571428,21.16,0.14285714285714285,7,5,1,Standard Neighbourhood Stores,-3.7628778232315625,-0.43071141794856277
5835,MARCUS,5,484.56,62,96.912,12.4,9.256,0.0,5,2,1,Standard Neighbourhood Stores,-2.865130980694118,-0.7983993104109235
5837,OKOBOJI,9,1251.22,86,139.02444444444444,9.555555555555555,22.156666666666666,0.3333333333333333,9,7,0,Premium Retail Stores,-1.390733728758157,1.2155925227838373
5838,NEVADA,5,740.88,38,148.176,7.6,30.048000000000002,0.4,5,5,0,Premium Retail Stores,-2.296029212000476,2.211871289282706
5839,EVANSDALE,18,1780.08,212,98.89333333333333,11.777777777777779,12.689444444444444,0.16666666666666666,18,13,1,Standard Neighbourhood Stores,-0.3668578605707099,-0.4688951326674073
5840,CLARION,9,858.51,73,95.39,8.11111111111111,12.121111111111112,0.2222222222222222,9,7,1,Standard Neighbourhood Stores,-1.8290436187434487,-0.24536085789785506
5844,ADEL,10,923.74,88,92.374,8.8,18.652,0.1,9,8,1,Standard Neighbourhood Stores,-1.6658766597379924,-0.1363894367892918
5845,ANKENY,21,2725.04,169,129.76380952380953,8.047619047619047,22.15047619047619,0.42857142857142855,17,8,0,Premium Retail Stores,-0.17139235557717108,1.1976659889683068
5846,DAVENPORT,33,8090.55,1210,245.16818181818184,36.666666666666664,16.92939393939394,0.21212121212121213,31,15,3,Balanced High-Performing Stores,1.8964152159193608,1.7029204314336877
5847,DAVENPORT,11,2000.95,227,181.90454545454546,20.636363636363637,12.937272727272727,0.2727272727272727,11,6,1,Standard Neighbourhood Stores,-0.704356265704424,0.9471550870569567
5848,GREENE,8,533.39,40,66.67375,5.0,15.57125,0.25,8,6,1,Standard Neighbourhood Stores,-2.36559878706632,-0.11409061586207024
5849,COUNCIL BLUFFS,18,2718.36,325,151.02,18.055555555555557,12.876111111111111,0.1111111111111111,17,10,1,Standard Neighbourhood Stores,-0.09547487155011163,-0.05064264034115994
5850,DURANT,11,1675.59,108,152.32636363636362,9.818181818181818,24.79181818181818,0.5454545454545454,11,9,0,Premium Retail Stores,-0.7823971353584271,2.1371505504331836
5854,DAVENPORT,11,1197.57,158,108.86999999999999,14.363636363636363,16.736363636363638,0.09090909090909091,10,7,1,Standard Neighbourhood Stores,-1.2606325977279085,0.0033197816352910736
5856,EVANSDALE,39,2016.98,257,51.7174358974359,6.589743589743589,11.813589743589745,0.15384615384615385,38,18,3,Balanced High-Performing Stores,0.4624767875683629,-1.3499739834941742
5857,DUBUQUE,6,516.75,42,86.125,7.0,11.953333333333333,0.16666666666666666,6,5,1,Standard Neighbourhood Stores,-2.6679391746356385,-0.4082038653706163
5858,SHELBY,5,511.44000000000005,57,102.28800000000001,11.4,21.94,0.2,4,4,0,Premium Retail Stores,-2.6349113399618997,0.8875505549004259
5859,MASON CITY,57,7098.96,1505,124.54315789473684,26.403508771929825,20.70140350877193,0.24561403508771928,51,21,3,Balanced High-Performing Stores,2.411661547260336,0.8378481072919376
5860,AMES,13,504.83000000000004,53,38.83307692307692,4.076923076923077,11.387692307692307,0.07692307692307693,12,6,1,Standard Neighbourhood Stores,-2.116861786560644,-1.3479118146939535
5861,COUNCIL BLUFFS,14,1445.54,202,103.25285714285714,14.428571428571429,10.381428571428572,0.07142857142857142,14,7,1,Standard Neighbourhood Stores,-0.9435138118475621,-0.6851135290154637
5863,WATERLOO,8,720.85,65,90.10625,8.125,13.098749999999999,0.25,8,5,1,Standard Neighbourhood Stores,-2.0810902269903084,-0.041571379776812724
5864,VILLISCA,7,1287.72,156,183.96,22.285714285714285,11.51,0.2857142857142857,5,3,1,Standard Neighbourhood Stores,-1.5966522750476053,1.1766882043729079
5866,GLADBROOK,13,499.24,38,38.403076923076924,2.923076923076923,16.283076923076923,0.3076923076923077,12,9,0,Premium Retail Stores,-1.9470925484990835,-0.2638772884225721
5868,BLOOMFIELD,22,1518.47,104,69.02136363636363,4.7272727272727275,14.056363636363637,0.13636363636363635,22,15,1,Standard Neighbourhood Stores,-0.5541201282675537,-1.0194055364875316
5869,URBANDALE,30,4067.0499999999997,283,135.56833333333333,9.433333333333334,22.971,0.3333333333333333,29,14,3,Balanced High-Performing Stores,0.7359609022715914,0.8276645878952469
5870,CORALVILLE,50,6621.51,558,132.4302,11.16,17.8376,0.38,49,21,3,Balanced High-Performing Stores,1.863130579393689,0.39524499744334796
5871,IOWA CITY,25,3815.44,308,152.6176,12.32,25.352400000000003,0.4,25,16,0,Premium Retail Stores,0.7896526396380391,1.486975960751733
5872,WATERLOO,5,815.16,84,163.03199999999998,16.8,13.425999999999998,0.2,5,3,1,Standard Neighbourhood Stores,-2.2321640810592047,0.7225776179761179
5873,WEST DES MOINES,76,7164.06,505,94.26394736842106,6.644736842105263,24.108684210526317,0.4342105263157895,75,28,3,Balanced High-Performing Stores,2.4882326840688513,0.4775017120695074
5875,FAIRBANK,8,700.16,40,87.52,5.0,17.935,0.125,8,6,1,Standard Neighbourhood Stores,-2.2970262161974384,-0.24054319216068654
5876,WEST BEND,13,1671.57,104,128.5823076923077,8.0,16.853846153846153,0.23076923076923078,13,9,1,Standard Neighbourhood Stores,-0.9879062885623108,0.19076255800411226
5877,ANKENY,13,1092.76,186,84.05846153846154,14.307692307692308,10.696923076923078,0.07692307692307693,12,5,1,Standard Neighbourhood Stores,-1.2630846636601247,-0.68206806747195
5878,HUBBARD,5,433.32,21,86.664,4.2,22.418,0.6,5,5,0,Premium Retail Stores,-2.7619839380858995,1.818600100437043
5879,CONRAD,6,954.3399999999999,56,159.05666666666664,9.333333333333334,17.961666666666666,0.16666666666666666,5,4,1,Standard Neighbourhood Stores,-2.272769533416112,0.5726029187030721
5882,STATE CENTER,20,440.73999999999995,31,22.037,1.55,15.155000000000001,0.15,20,13,1,Standard Neighbourhood Stores,-1.6672618848311054,-1.2268623751200647
5884,LIME SPRINGS,5,446.13,47,89.226,9.4,12.318000000000001,0.0,5,3,1,Standard Neighbourhood Stores,-2.9677871922830197,-0.7414503836128261
5886,DUBUQUE,58,7086.21,525,122.17603448275862,9.051724137931034,16.673275862068966,0.2413793103448276,56,23,3,Balanced High-Performing Stores,1.9279384266947819,-0.3801239478740314
5887,JOHNSTON,10,1032.0900000000001,191,103.20900000000002,19.1,10.137,0.0,10,6,1,Standard Neighbourhood Stores,-1.4048207788590277,-0.614350367003639
5888,BETTENDORF,26,1428.23,237,54.93192307692308,9.115384615384615,10.163846153846153,0.11538461538461539,23,13,1,Standard Neighbourhood Stores,-0.28332274185297973,-1.2796468529179363
5889,WEST DES MOINES,48,3230.98,192,67.31208333333333,4.0,25.536041666666666,0.5833333333333334,48,24,0,Premium Retail Stores,1.346194438939264,1.028200153178437
5890,MUSCATINE,11,1455.3600000000001,258,132.30545454545455,23.454545454545453,14.652727272727274,0.45454545454545453,10,9,0,Premium Retail Stores,-0.6056698855689788,1.5809703329388871
5891,DES MOINES,13,1758.9,178,135.3,13.692307692307692,13.486153846153845,0.3076923076923077,13,6,1,Standard Neighbourhood Stores,-0.8009531660777673,0.512521400974673
5892,FORT MADISON,19,1529.02,232,80.47473684210526,12.210526315789474,9.8,0.0,19,12,1,Standard Neighbourhood Stores,-0.533948444143124,-1.3375826238446937
5893,WATERLOO,5,523.38,78,104.676,15.6,9.669999999999998,0.2,5,3,1,Standard Neighbourhood Stores,-2.5435170068390294,0.0860779245803639
5896,WYOMING,11,721.49,89,65.59,8.090909090909092,10.072727272727272,0.0,9,7,1,Standard Neighbourhood Stores,-1.94066443024605,-1.3323454138015742
5897,URBANDALE,9,1075.98,97,119.55333333333334,10.777777777777779,14.207777777777778,0.2222222222222222,9,8,1,Standard Neighbourhood Stores,-1.5292304677563335,0.15275137308065503
5900,WATERLOO,32,3732.2400000000002,305,116.63250000000001,9.53125,20.0534375,0.3125,32,16,3,Balanced High-Performing Stores,0.8105350835854982,0.38764264054373815
5901,LE CLAIRE,8,1047.75,67,130.96875,8.375,17.475,0.375,8,8,0,Premium Retail Stores,-1.6471966103953897,0.9055616936840775
5902,MUSCATINE,18,2048.88,254,113.82666666666667,14.11111111111111,18.23,0.2777777777777778,17,11,3,Balanced High-Performing Stores,-0.1777865457432346,0.5680861997703868
5903,BURLINGTON,16,2309.9,150,144.36875,9.375,20.789375,0.3125,16,9,0,Premium Retail Stores,-0.4354805392124219,0.8617745485621137
5906,POLK CITY,15,1116.23,60,74.41533333333334,4.0,19.176,0.3333333333333333,15,9,0,Premium Retail Stores,-1.2336189212446091,0.23596454709873158
5909,DUBUQUE,21,2386.46,369,113.64095238095238,17.571428571428573,14.713333333333335,0.19047619047619047,20,13,3,Balanced High-Performing Stores,0.16565929936862747,0.08266310580781978
5910,ELDRIDGE,38,5364.34,444,141.16684210526316,11.68421052631579,22.91,0.3684210526315789,38,19,3,Balanced High-Performing Stores,1.4569397696824937,0.9365790786842569
5911,BUFFALO CENTER,16,1078.23,79,67.389375,4.9375,20.528125,0.1875,16,12,1,Standard Neighbourhood Stores,-1.0622601099598006,-0.19278516648411856
5912,PERRY,17,2678.31,213,157.54764705882351,12.529411764705882,23.769411764705882,0.47058823529411764,17,13,0,Premium Retail Stores,0.12275082882686375,1.7805855645533026
5913,CLEAR LAKE,6,468.84000000000003,63,78.14,10.5,7.4383333333333335,0.0,6,6,1,Standard Neighbourhood Stores,-2.6480766936633113,-1.2215038717655473
5914,WATERLOO,15,2069.96,250,137.99733333333333,16.666666666666668,10.8,0.06666666666666667,15,9,1,Standard Neighbourhood Stores,-0.5368752408738867,-0.4392082224566402
5915,COUNCIL BLUFFS,48,2913.33,277,60.694375,5.770833333333333,16.0975,0.1875,43,21,3,Balanced High-Performing Stores,0.9452291472344937,-0.9663925976057873
5916,DEWITT,163,69038.21,4019,423.547300613497,24.65644171779141,23.76834355828221,0.4601226993865031,133,36,2,Large High-Volume Stores,5.570185622493826,2.6058450165848726
5917,URBANDALE,56,8488.82,616,151.58607142857142,11.0,21.608392857142857,0.3392857142857143,53,23,3,Balanced High-Performing Stores,2.1813204530871735,0.5929869282757106
5920,HUXLEY,17,1351.1799999999998,105,79.48117647058822,6.176470588235294,15.580588235294117,0.17647058823529413,16,11,1,Standard Neighbourhood Stores,-0.9167570042041441,-0.508707216786897
5921,CLIVE,6,650.8199999999999,44,108.46999999999998,7.333333333333333,15.393333333333333,0.3333333333333333,6,5,0,Premium Retail Stores,-2.3943226646529254,0.5547727581762573
5922,CENTER POINT,10,1782.96,168,178.296,16.8,11.41,0.0,10,9,1,Standard Neighbourhood Stores,-1.059383666963717,-0.3020383115738181
5923,PELLA,8,1404.79,149,175.59875,18.625,15.71,0.375,7,6,0,Premium Retail Stores,-1.2355857321053743,1.501273379067436
5925,FREDERICKSBURG,9,1088.91,54,120.99000000000001,6.0,22.255555555555556,0.3333333333333333,9,5,0,Premium Retail Stores,-1.7399666761422616,0.9959978380356481
5926,IOWA CITY,9,1817.32,104,201.92444444444445,11.555555555555555,18.96777777777778,0.4444444444444444,9,8,0,Premium Retail Stores,-1.0107477220117975,1.7075108349159718
5931,LA PORTE CITY,8,473.35,50,59.16875,6.25,13.0425,0.25,8,6,1,Standard Neighbourhood Stores,-2.350819970366156,-0.29920685978215444
5933,WATERLOO,30,3886.44,571,129.548,19.033333333333335,14.023666666666667,0.16666666666666666,27,14,3,Balanced High-Performing Stores,0.8360820262106934,-0.017900080084713384
5934,IOWA CITY,11,1776.94,153,161.54,13.909090909090908,21.324545454545454,0.36363636363636365,11,8,0,Premium Retail Stores,-0.769243915009638,1.4926622306216188
5935,URBANDALE,6,822.0,246,137.0,41.0,8.071666666666667,0.0,5,4,1,Standard Neighbourhood Stores,-1.7086015196725026,0.6214059794662681
5936,ELKADER,13,529.39,41,40.722307692307695,3.1538461538461537,17.41769230769231,0.38461538461538464,12,9,0,Premium Retail Stores,-1.8324579362407356,0.10967662950797233
5937,LAKE PARK,21,2078.32,126,98.96761904761905,6.0,17.05095238095238,0.23809523809523808,19,12,3,Balanced High-Performing Stores,-0.4167673528663448,-0.1633678029819643
5940,RUTHVEN,9,689.58,82,76.62,9.11111111111111,9.792222222222222,0.0,9,4,1,Standard Neighbourhood Stores,-2.1547620950817286,-1.192088837525897
5941,CEDAR FALLS,31,2068.75,165,66.73387096774194,5.32258064516129,19.828387096774193,0.3225806451612903,31,23,3,Balanced High-Performing Stores,0.4956277979308652,-0.1079023582082866
5944,CEDAR RAPIDS,5,611.52,121,122.304,24.2,13.138,0.2,5,3,1,Standard Neighbourhood Stores,-2.1848032020260972,0.8608685966194024
5945,CEDAR RAPIDS,7,896.16,92,128.02285714285713,13.142857142857142,10.315714285714288,0.0,6,3,1,Standard Neighbourhood Stores,-2.206759932186435,-0.6063136384672935
5946,AMES,21,3519.64,284,167.60190476190476,13.523809523809524,19.034761904761904,0.2857142857142857,19,12,3,Balanced High-Performing Stores,0.2848474755679724,0.8348446542152173
5949,CEDAR RAPIDS,28,4470.01,430,159.6432142857143,15.357142857142858,14.212857142857144,0.17857142857142858,27,16,3,Balanced High-Performing Stores,0.8370039675784009,-0.01015225816467281
5951,RIVERSIDE,7,1793.82,186,256.26,26.571428571428573,15.865714285714287,0.42857142857142855,7,4,0,Premium Retail Stores,-0.9732027880773677,2.484717791928273
5952,IOWA CITY,25,2941.4900000000002,238,117.65960000000001,9.52,14.016399999999999,0.24,20,14,3,Balanced High-Performing Stores,0.14058594596399202,-0.20362571253176487
5955,GOWRIE,6,1230.12,73,205.01999999999998,12.166666666666666,25.708333333333332,0.3333333333333333,6,6,0,Premium Retail Stores,-1.6694274757703285,2.0558534940035225
5956,DUBUQUE,25,2729.19,425,109.16760000000001,17.0,16.154,0.2,22,11,3,Balanced High-Performing Stores,0.31889635872753774,0.16671118377823246
5957,DUBUQUE,20,2785.72,291,139.286,14.55,16.320500000000003,0.2,20,9,3,Balanced High-Performing Stores,-0.00590245408563485,0.27579002875017933
5960,ALTOONA,14,1471.21,126,105.08642857142857,9.0,17.065,0.21428571428571427,14,9,1,Standard Neighbourhood Stores,-0.9301324768404934,0.06527100686932424
5963,FOREST CITY,6,865.98,162,144.33,27.0,6.385000000000001,0.0,5,4,1,Standard Neighbourhood Stores,-1.9883246118760727,-0.15249034270219602
5964,CHARITON,6,637.08,48,106.18,8.0,35.72833333333333,0.5,6,5,0,Premium Retail Stores,-2.055398412481044,2.7791194832485933
5965,CHARITON,6,451.4,92,75.23333333333333,15.333333333333334,20.608333333333334,0.16666666666666666,6,5,1,Standard Neighbourhood Stores,-2.2766440892642588,0.629827261259027
5967,RED OAK,12,830.5,135,69.20833333333333,11.25,8.493333333333334,0.0,10,5,1,Standard Neighbourhood Stores,-1.710485980009971,-1.2978580932795856
5968,RED OAK,8,886.93,64,110.86625,8.0,29.2075,0.375,8,7,0,Premium Retail Stores,-1.671724134190902,1.7520409710656464
5969,BLUE GRASS,6,829.92,99,138.32,16.5,10.876666666666667,0.0,6,4,1,Standard Neighbourhood Stores,-2.178671612447311,-0.346640200220673
5970,DES MOINES,5,184.22,15,36.844,3.0,14.662,0.2,4,3,1,Standard Neighbourhood Stores,-3.7553743146689293,-0.40908524132397434
5971,GLENWOOD,41,1835.88,109,44.77756097560976,2.658536585365854,17.797560975609755,0.21951219512195122,40,25,3,Balanced High-Performing Stores,0.4661603251388754,-0.9568949175481811
5972,INDIANOLA,7,827.36,129,118.19428571428571,18.428571428571427,25.678571428571427,0.2857142857142857,7,5,0,Premium Retail Stores,-1.6004804061590314,1.7546159192884745
5974,CARLISLE,7,1158.1,68,165.44285714285712,9.714285714285714,17.518571428571427,0.42857142857142855,7,6,0,Premium Retail Stores,-1.692379443898913,1.374203963043411
5975,CARLISLE,10,959.26,130,95.926,13.0,16.4,0.2,9,7,1,Standard Neighbourhood Stores,-1.4582178374568262,0.2451913219077884
5979,WOODBINE,14,1315.46,149,93.96142857142857,10.642857142857142,17.09357142857143,0.14285714285714285,13,6,1,Standard Neighbourhood Stores,-1.0932518739614994,-0.10232460783486537
5981,URBANDALE,5,398.62,42,79.724,8.4,9.91,0.0,5,3,1,Standard Neighbourhood Stores,-3.0953329353757417,-1.02953630079057
5982,ALTOONA,10,770.21,79,77.021,7.9,11.462,0.0,10,7,1,Standard Neighbourhood Stores,-1.9282408722071422,-1.176712275364248
5984,OSKALOOSA,13,1116.2,146,85.86153846153846,11.23076923076923,11.432307692307692,0.15384615384615385,12,9,1,Standard Neighbourhood Stores,-1.1706277230358213,-0.5470668969016385
5985,OSKALOOSA,9,686.1,51,76.23333333333333,5.666666666666667,22.23,0.3333333333333333,9,4,0,Premium Retail Stores,-2.0247458835263332,0.7733601464927354
5987,NORTH LIBERTY,8,1026.3600000000001,74,128.29500000000002,9.25,28.42875,0.25,7,5,0,Premium Retail Stores,-1.7463481332101813,1.4538697059800474
5988,GRINNELL,7,753.69,100,107.67,14.285714285714286,8.778571428571428,0.0,7,4,1,Standard Neighbourhood Stores,-2.1712428287961694,-0.8086925523478475
5990,KNOXVILLE,5,459.12,41,91.824,8.2,24.3,0.2,5,5,0,Premium Retail Stores,-2.693905533824983,0.8332780523617157
5992,SPENCER,5,628.46,63,125.69200000000001,12.6,12.687999999999999,0.2,5,2,1,Standard Neighbourhood Stores,-2.5636833248293787,0.29973725218796027
5993,SIGOURNEY,6,735.6600000000001,78,122.61000000000001,13.0,10.466666666666667,0.0,6,4,1,Standard Neighbourhood Stores,-2.3679631574058453,-0.6202360826199765
5994,IOWA CITY,16,3013.54,324,188.34625,20.25,17.396875,0.3125,15,9,3,Balanced High-Performing Stores,0.044937328123188305,1.319090433152272
5995,ALTOONA,18,1627.26,164,90.40333333333334,9.11111111111111,17.991666666666667,0.2222222222222222,18,13,1,Standard Neighbourhood Stores,-0.4417935034775717,-0.02011733976037187
5996,ESTHERVILLE,5,1127.34,171,225.468,34.2,8.114,0.0,5,3,1,Standard Neighbourhood Stores,-1.78573235728861,0.7412945422467714
5998,WILTON,10,1294.79,92,129.47899999999998,9.2,19.143,0.4,8,7,0,Premium Retail Stores,-1.3634849553686954,1.140457787045992
5999,CEDAR RAPIDS,8,902.02,86,112.7525,10.75,9.936250000000001,0.0,8,4,1,Standard Neighbourhood Stores,-2.0716390507183307,-0.8947734835614982
6000,CLINTON,34,1591.46,202,46.807647058823534,5.9411764705882355,12.13529411764706,0.17647058823529413,33,18,3,Balanced High-Performing Stores,0.17089569856716547,-1.260862114899095
6002,SLOAN,11,983.53,89,89.41181818181818,8.090909090909092,13.251818181818182,0.18181818181818182,11,5,1,Standard Neighbourhood Stores,-1.6377049058695552,-0.35384908043486984
6003,AMES,10,969.9,117,96.99,11.7,15.736,0.1,10,6,1,Standard Neighbourhood Stores,-1.5673504758300385,-0.20666499296420526
6004,COLUMBUS JUNCTION,9,1807.32,170,200.81333333333333,18.88888888888889,13.724444444444446,0.2222222222222222,9,6,1,Standard Neighbourhood Stores,-1.0297035975781146,0.9019335037450371
6005,CEDAR FALLS,9,1124.02,171,124.89111111111112,19.0,16.587777777777777,0.1111111111111111,9,7,1,Standard Neighbourhood Stores,-1.301535284145725,0.39808552710622547
6006,JOHNSTON,10,1187.82,135,118.782,13.5,10.425999999999998,0.0,9,7,1,Standard Neighbourhood Stores,-1.521402144679174,-0.7774928017206499
6007,JOHNSTON,14,587.05,69,41.93214285714286,4.928571428571429,10.228571428571428,0.07142857142857142,13,7,1,Standard Neighbourhood Stores,-1.8683166763744132,-1.4388201422543776
6008,IOWA CITY,14,3112.44,127,222.31714285714287,9.071428571428571,34.57357142857143,0.7142857142857143,12,10,0,Premium Retail Stores,-0.03844841335817654,3.7289398593413665
6011,MASON CITY,6,1317.24,192,219.54,32.0,7.265000000000001,0.0,6,4,1,Standard Neighbourhood Stores,-1.5490656315359261,0.48022268377134114
6012,MASON CITY,10,1263.01,140,126.301,14.0,27.47,0.5,10,6,0,Premium Retail Stores,-0.9711684620894941,2.337646515336315
6013,LAKE MILLS,7,189.37,11,27.052857142857142,1.5714285714285714,16.602857142857143,0.14285714285714285,7,5,1,Standard Neighbourhood Stores,-3.479267905812626,-0.7065056001205162
6018,ELDORA,6,808.29,77,134.715,12.833333333333334,13.563333333333333,0.16666666666666666,6,4,1,Standard Neighbourhood Stores,-2.1866703346974075,0.2406644355943542
6019,ANKENY,30,3293.91,321,109.797,10.7,19.984666666666666,0.23333333333333334,28,12,3,Balanced High-Performing Stores,0.503254817826162,0.21599723187173633
6020,INDIANOLA,18,2294.51,194,127.4727777777778,10.777777777777779,36.13444444444445,0.5,18,15,0,Premium Retail Stores,0.2413153498428723,2.6141346074801053
6023,WEST DES MOINES,7,215.26,16,30.75142857142857,2.2857142857142856,13.892857142857142,0.14285714285714285,6,5,1,Standard Neighbourhood Stores,-3.381399268065859,-0.8505159487588013
6024,GRUNDY CENTER,5,425.76,33,85.152,6.6,14.693999999999999,0.2,5,3,1,Standard Neighbourhood Stores,-2.992611629844811,-0.02656275167451112
6026,KEOKUK,8,956.88,125,119.61,15.625,9.2075,0.0,8,5,1,Standard Neighbourhood Stores,-1.8278436436897252,-0.7018362297739335
6027,EDDYVILLE,7,732.54,55,104.64857142857143,7.857142857142857,18.672857142857143,0.42857142857142855,7,6,0,Premium Retail Stores,-2.0195102612319795,1.093196750274291
6028,FORT DODGE,14,1574.27,182,112.44785714285715,13.0,21.541428571428572,0.5,13,9,0,Premium Retail Stores,-0.5253277799423983,1.6250767470467287
6029,MOVILLE,18,1208.58,98,67.14333333333333,5.444444444444445,11.81388888888889,0.16666666666666666,17,8,1,Standard Neighbourhood Stores,-1.1079594900359915,-0.9237973599549808
6030,MARSHALLTOWN,6,672.26,90,112.04333333333334,15.0,19.506666666666668,0.16666666666666666,5,5,1,Standard Neighbourhood Stores,-2.179179251279557,0.7314271853767783
6031,MAQUOKETA,6,423.03999999999996,52,70.50666666666666,8.666666666666666,12.978333333333333,0.16666666666666666,6,5,1,Standard Neighbourhood Stores,-2.656232662256018,-0.3250528023902967
6033,LE MARS,5,839.64,72,167.928,14.4,13.441999999999998,0.2,5,5,1,Standard Neighbourhood Stores,-2.2224283581657307,0.6092724490797373
6034,WHITTEMORE,6,856.9200000000001,43,142.82000000000002,7.166666666666667,24.903333333333336,0.5,6,6,0,Premium Retail Stores,-2.022040599874335,2.0280314813747395
6035,CORALVILLE,46,8041.33,334,174.81152173913043,7.260869565217392,27.930217391304346,0.6521739130434783,45,24,0,Premium Retail Stores,2.070328130775859,2.1341373511177824
6037,MURRAY,5,335.21,49,67.042,9.8,9.812000000000001,0.0,5,4,1,Standard Neighbourhood Stores,-3.0693805494591664,-1.0467968550789781
6038,WATERLOO,7,1253.82,124,179.11714285714285,17.714285714285715,11.745714285714286,0.14285714285714285,6,4,1,Standard Neighbourhood Stores,-1.723535023723871,0.4351307177623757
6040,TRAER,17,3092.55,156,181.91470588235296,9.176470588235293,19.684117647058823,0.5294117647058824,13,9,0,Premium Retail Stores,-0.2057830680414081,1.6952861236304335
6041,IOWA CITY,31,6013.97,332,193.99903225806452,10.709677419354838,23.779032258064515,0.45161290322580644,30,14,3,Balanced High-Performing Stores,1.136749058313173,1.613695138044657
6042,MINDEN,7,486.45,35,69.49285714285715,5.0,23.52,0.14285714285714285,7,5,0,Premium Retail Stores,-2.5747607420186767,0.23000434744641482
6043,MANNING,6,745.2,85,124.2,14.166666666666666,24.340000000000003,0.5,6,3,0,Premium Retail Stores,-1.8941686513255143,2.258963418682039
6044,WEST DES MOINES,8,1117.26,146,139.6575,18.25,10.6975,0.25,8,5,1,Standard Neighbourhood Stores,-1.487975568169957,0.480259812477436
6045,CLIVE,36,2301.2799999999997,260,63.92444444444444,7.222222222222222,14.566944444444443,0.19444444444444445,30,9,3,Balanced High-Performing Stores,0.12369800577288277,-0.74201490456417
6046,WEST DES MOINES,18,1490.28,139,82.79333333333334,7.722222222222222,24.09777777777778,0.2777777777777778,16,10,0,Premium Retail Stores,-0.6206758641024035,0.6128644871553279
6048,FORT MADISON,6,523.56,45,87.25999999999999,7.5,15.836666666666666,0.3333333333333333,6,5,0,Premium Retail Stores,-2.4858677494127375,0.495610322055269
6049,REINBECK,5,686.28,73,137.256,14.6,22.583999999999996,0.2,4,4,0,Premium Retail Stores,-2.3559754403631827,1.2576489947648801
6050,SHENANDOAH,6,414.22,142,69.03666666666668,23.666666666666668,9.583333333333334,0.16666666666666666,6,4,1,Standard Neighbourhood Stores,-2.2219241262169565,0.1171531906130056
6051,SHENANDOAH,8,1531.44,100,191.43,12.5,14.063749999999999,0.125,8,7,1,Standard Neighbourhood Stores,-1.476903133719723,0.27632748407368724
6052,NORWALK,13,1682.71,118,129.43923076923076,9.076923076923077,29.080769230769228,0.46153846153846156,13,9,0,Premium Retail Stores,-0.656438693917461,2.0101993367763082
6053,MELCHER-DALLAS,6,1250.56,110,208.42666666666665,18.333333333333332,13.056666666666667,0.16666666666666666,6,4,1,Standard Neighbourhood Stores,-1.7553770724603308,0.8042838324430839
6054,NORTH LIBERTY,19,2936.46,154,154.55052631578948,8.105263157894736,24.92157894736842,0.42105263157894735,19,12,0,Premium Retail Stores,0.028247899393973635,1.4633591860496435
6055,MILO,8,792.29,89,99.03625,11.125,12.575,0.125,7,5,1,Standard Neighbourhood Stores,-2.031250553517965,-0.29979217947017445
6057,DES MOINES,36,2568.67,217,71.35194444444444,6.027777777777778,21.324722222222224,0.3611111111111111,30,15,3,Balanced High-Performing Stores,0.48698149755049663,0.27731778330767953
6059,IOWA FALLS,7,640.11,105,91.44428571428571,15.0,10.76142857142857,0.14285714285714285,7,6,1,Standard Neighbourhood Stores,-2.0420882619862435,-0.23535173183728836
6060,CHEROKEE,10,839.38,165,83.938,16.5,22.841,0.3,10,9,0,Premium Retail Stores,-1.1545124999185779,1.169720445136233
6061,BROOKLYN,16,1817.95,105,113.621875,6.5625,18.151875,0.3125,14,9,0,Premium Retail Stores,-0.8042111579443454,0.39401707548901427
6062,EDGEWOOD,6,2337.28,97,389.5466666666667,16.166666666666668,21.073333333333334,0.5,6,5,0,Premium Retail Stores,-1.034535042747933,3.2837866865002794
6063,PLEASANT HILL,9,641.4200000000001,89,71.2688888888889,9.88888888888889,12.283333333333333,0.2222222222222222,8,6,1,Standard Neighbourhood Stores,-1.9587211857182105,-0.23740872280898567
6064,DES MOINES,12,2047.94,169,170.66166666666666,14.083333333333334,22.80333333333333,0.25,12,8,0,Premium Retail Stores,-0.6537569847296573,1.255149034958924
6067,MUSCATINE,11,1081.47,218,98.31545454545454,19.818181818181817,16.28909090909091,0.09090909090909091,11,9,1,Standard Neighbourhood Stores,-1.031002363824117,0.13714440599127264
6068,FORT DODGE,28,2485.11,222,88.75392857142857,7.928571428571429,16.505357142857143,0.21428571428571427,27,18,3,Balanced High-Performing Stores,0.33579052037555135,-0.4156782335085192
6069,DUBUQUE,6,283.28,18,47.21333333333333,3.0,18.26666666666667,0.16666666666666666,6,6,1,Standard Neighbourhood Stores,-3.176470511711186,-0.28888803059586154
6072,MUSCATINE,28,2476.21,449,88.43607142857142,16.035714285714285,11.750357142857142,0.14285714285714285,28,15,3,Balanced High-Performing Stores,0.4871080491891792,-0.6305726391000055
6073,CEDAR RAPIDS,23,2946.16,274,128.09391304347827,11.91304347826087,24.291739130434784,0.2608695652173913,21,13,3,Balanced High-Performing Stores,0.2965557673712113,0.8736933822501967
6074,COLESBURG,5,409.86,28,81.97200000000001,5.6,13.498,0.2,5,4,1,Standard Neighbourhood Stores,-3.0548779177343914,-0.1966574880787813
6076,NEWTON,11,1487.64,505,135.24,45.90909090909091,8.594545454545456,0.09090909090909091,8,7,1,Standard Neighbourhood Stores,-0.5856060877780274,1.0176347028383874
6078,BONDURANT,25,1468.32,101,58.7328,4.04,21.288400000000003,0.32,23,14,0,Premium Retail Stores,-0.36878677993831865,0.08724998454193378
6081,WEST DES MOINES,10,370.98,46,37.098,4.6,10.122,0.0,10,7,1,Standard Neighbourhood Stores,-2.486009367764548,-1.6443655663006185
6082,STUART,21,1414.74,111,67.36857142857143,5.285714285714286,19.686666666666667,0.23809523809523808,19,12,0,Premium Retail Stores,-0.6233618578378498,-0.13887508598416462
6083,AMES,15,1896.3,160,126.42,10.666666666666666,17.5,0.26666666666666666,15,12,1,Standard Neighbourhood Stores,-0.5020071337035005,0.4016331645412312
6087,WAUKEE,6,465.5,26,77.58333333333333,4.333333333333333,22.066666666666666,0.3333333333333333,6,5,0,Premium Retail Stores,-2.7061796050611595,0.8056532969557686
6089,PERRY,6,373.5,30,62.25,5.0,12.084999999999999,0.0,6,5,1,Standard Neighbourhood Stores,-3.0620770381652775,-1.1700288702568677
6090,PERRY,7,246.11,32,35.15857142857143,4.571428571428571,8.672857142857143,0.0,7,5,1,Standard Neighbourhood Stores,-3.142228818511222,-1.6506810730013193
6091,IOWA CITY,12,2362.24,111,196.85333333333332,9.25,25.066666666666666,0.5,12,9,0,Premium Retail Stores,-0.5509319530131832,2.1615608136389652
6092,DAVENPORT,8,1220.76,240,152.595,30.0,7.13625,0.0,8,5,1,Standard Neighbourhood Stores,-1.3376543181059024,-0.026585465047866942
6093,SIDNEY,10,295.78999999999996,23,29.578999999999997,2.3,16.675,0.1,10,7,1,Standard Neighbourhood Stores,-2.7185073229123207,-0.9226806855132502
6095,FORT DODGE,16,2303.04,326,143.94,20.375,13.1225,0.25,16,10,1,Standard Neighbourhood Stores,-0.12448566107564595,0.5397701745482487
6096,ALBERT CITY,9,647.37,77,71.93,8.555555555555555,10.818888888888889,0.0,9,9,1,Standard Neighbourhood Stores,-2.020594624130418,-1.216948060284522
6097,SANBORN,6,1207.24,72,201.20666666666668,12.0,15.681666666666667,0.16666666666666666,5,3,1,Standard Neighbourhood Stores,-2.0754292636615914,0.7213102052348546
6098,SPENCER,10,1120.35,137,112.035,13.7,21.81,0.4,10,8,0,Premium Retail Stores,-1.0923330112658105,1.438023112439626
6099,EMMETSBURG,19,1620.6,123,85.29473684210525,6.473684210526316,30.36842105263158,0.3157894736842105,17,13,0,Premium Retail Stores,-0.39911260874850546,1.149642843760567
6100,COUNCIL BLUFFS,8,1089.72,109,136.215,13.625,34.893750000000004,0.375,7,5,0,Premium Retail Stores,-1.3847432900104306,2.640983327539266
6101,POCAHONTAS,35,3641.2200000000003,186,104.03485714285715,5.314285714285714,18.70542857142857,0.4,31,19,3,Balanced High-Performing Stores,0.7374342373091545,0.2754723865328279
6102,SIBLEY,12,1138.97,103,94.91416666666667,8.583333333333334,12.391666666666666,0.16666666666666666,12,8,1,Standard Neighbourhood Stores,-1.3567278572961703,-0.48473631825620567
6103,HARTLEY,8,1257.8799999999999,78,157.23499999999999,9.75,31.02375,0.375,8,7,0,Premium Retail Stores,-1.3785168458730561,2.1998974218357534
6104,STORM LAKE,13,1264.97,67,97.30538461538461,5.153846153846154,22.287692307692307,0.46153846153846156,13,9,0,Premium Retail Stores,-1.11454972386124,1.1256495033214897
6105,SAC CITY,5,201.32999999999998,14,40.266,2.8,15.524000000000001,0.0,5,5,1,Standard Neighbourhood Stores,-3.707892903617251,-1.0584035251773936
6108,WAUKON,48,5006.13,295,104.294375,6.145833333333333,16.988541666666666,0.2708333333333333,46,23,3,Balanced High-Performing Stores,1.3892228720702746,-0.4162642058971962
6115,MOUNT PLEASANT,8,911.13,78,113.89125,9.75,39.96875,0.5,8,6,0,Premium Retail Stores,-1.4165544084667274,3.1505750723720127
6116,CEDAR FALLS,36,4615.12,519,128.1977777777778,14.416666666666666,14.233888888888888,0.19444444444444445,35,13,3,Balanced High-Performing Stores,0.9938589219057308,-0.19064813084183954
6117,COLFAX,16,1700.93,91,106.308125,5.6875,15.05125,0.25,15,10,1,Standard Neighbourhood Stores,-0.903896285462443,-0.16546775185666784
6118,DES MOINES,34,4502.28,528,132.42,15.529411764705882,10.597058823529412,0.08823529411764706,34,17,3,Balanced High-Performing Stores,1.0101593465593777,-0.8034065190684341
6119,WEST DES MOINES,35,2562.11,122,73.20314285714286,3.4857142857142858,38.058571428571426,0.42857142857142855,35,20,0,Premium Retail Stores,0.7015023911873663,1.6694952007763635
6120,CRESCO,8,961.04,112,120.13,14.0,11.50625,0.0,8,6,1,Standard Neighbourhood Stores,-1.8224728339497134,-0.6024469653919072
6121,MANCHESTER,21,3221.33,198,153.39666666666668,9.428571428571429,27.11714285714286,0.2857142857142857,21,15,0,Premium Retail Stores,0.2956211629186189,1.1764700293737482
6123,PRESTON,7,462.68,39,66.09714285714286,5.571428571428571,17.47714285714286,0.42857142857142855,7,4,0,Premium Retail Stores,-2.466255811843919,0.7246116716204496
6125,CLINTON,25,2950.8,332,118.03200000000001,13.28,17.858800000000002,0.2,23,11,3,Balanced High-Performing Stores,0.26771446672051774,0.16269411596308309
6126,DES MOINES,24,3617.8199999999997,264,150.74249999999998,11.0,14.884166666666667,0.25,23,14,3,Balanced High-Performing Stores,0.36996433378026483,0.10789412466054794
6127,MARION,8,596.1999999999999,87,74.52499999999999,10.875,11.215,0.125,8,6,1,Standard Neighbourhood Stores,-2.099256342085468,-0.5741249194217131
6129,DES MOINES,69,5405.36,471,78.33855072463767,6.826086956521739,22.137971014492752,0.37681159420289856,66,25,3,Balanced High-Performing Stores,2.0763633911643105,0.12588736439229123
6130,FORT DODGE,30,2694.88,304,89.82933333333334,10.133333333333333,22.694000000000003,0.3,29,15,3,Balanced High-Performing Stores,0.5738157292420836,0.4951338395474523
6132,DUBUQUE,46,4704.06,411,102.26217391304348,8.934782608695652,16.946521739130436,0.2608695652173913,44,19,3,Balanced High-Performing Stores,1.3235808030538698,-0.27309435377941194
6135,IOWA CITY,28,3336.44,248,119.15857142857143,8.857142857142858,16.36857142857143,0.25,24,13,3,Balanced High-Performing Stores,0.3192969363869558,-0.03806874373751526
6136,CHARLES CITY,14,1543.7,232,110.26428571428572,16.571428571428573,9.67,0.0,14,9,1,Standard Neighbourhood Stores,-0.8193504149127243,-0.8710040056062388
6137,FORT DODGE,28,2668.87,420,95.31678571428571,15.0,14.966785714285715,0.25,26,16,3,Balanced High-Performing Stores,0.5925882277480004,-0.02462745238698871
6139,DAVENPORT,14,1127.96,277,80.56857142857143,19.785714285714285,10.197142857142856,0.07142857142857142,14,12,1,Standard Neighbourhood Stores,-0.7142117847538191,-0.6140492610756049
6140,DES MOINES,25,1813.26,168,72.5304,6.72,17.843200000000003,0.2,23,12,3,Balanced High-Performing Stores,-0.24583629569099527,-0.37949147151526025
6142,OELWEIN,9,292.01,25,32.44555555555556,2.7777777777777777,14.054444444444444,0.1111111111111111,9,7,1,Standard Neighbourhood Stores,-2.790441698225454,-1.0300681645323144
6143,OSKALOOSA,54,5644.77,445,104.53277777777778,8.24074074074074,22.916296296296295,0.4074074074074074,50,23,3,Balanced High-Performing Stores,1.8411268445405053,0.5904992169460959
6144,MASON CITY,77,22240.12,1813,288.83272727272725,23.545454545454547,30.124155844155844,0.45454545454545453,72,30,2,Large High-Volume Stores,3.9177970978182306,2.7190239762457327
6146,WEBSTER CITY,8,633.72,195,79.215,24.375,7.77375,0.0,7,5,1,Standard Neighbourhood Stores,-1.8481104759119709,-0.5749921500373597
6147,CEDAR FALLS,13,1906.41,172,146.6469230769231,13.23076923076923,12.033076923076923,0.15384615384615385,13,11,1,Standard Neighbourhood Stores,-0.7067081481380039,-0.14983384103881162
6148,SIOUX CITY,14,1283.16,78,91.65428571428572,5.571428571428571,20.389285714285712,0.35714285714285715,14,7,0,Premium Retail Stores,-1.1533132161286843,0.6140819883919629
6149,OELWEIN,6,616.62,70,102.77,11.666666666666666,10.305,0.0,6,4,1,Standard Neighbourhood Stores,-2.5113270922296964,-0.7912747788071616
6151,WEST DES MOINES,42,7876.2,340,187.5285714285714,8.095238095238095,25.56142857142857,0.5714285714285714,42,23,3,Balanced High-Performing Stores,1.9115444658546898,1.8046412087660415
6154,AMES,6,645.14,40,107.52333333333333,6.666666666666667,21.708333333333332,0.16666666666666666,6,5,1,Standard Neighbourhood Stores,-2.4831241167113816,0.4682859629367811
6156,LUXEMBURG,5,538.98,19,107.796,3.8,26.016,0.6,5,4,0,Premium Retail Stores,-2.695323706932546,2.205424078271056
6158,MARION,6,903.1199999999999,113,150.51999999999998,18.833333333333332,11.291666666666666,0.16666666666666666,6,5,1,Standard Neighbourhood Stores,-1.913808396453714,0.4049159732009062
6159,COUNCIL BLUFFS,6,944.82,79,157.47,13.166666666666666,24.558333333333337,0.5,6,5,0,Premium Retail Stores,-1.7277534476474903,2.362510105334578
6160,COUNCIL BLUFFS,5,669.41,33,133.882,6.6,17.418,0.4,5,4,0,Premium Retail Stores,-2.5747866401633166,1.0893289800824526
6161,COUNCIL BLUFFS,7,552.87,89,78.98142857142857,12.714285714285714,9.035714285714286,0.14285714285714285,7,6,1,Standard Neighbourhood Stores,-2.21128548413602,-0.5443100351610298
6162,COUNCIL BLUFFS,7,787.08,53,112.44000000000001,7.571428571428571,23.192857142857147,0.2857142857142857,7,5,0,Premium Retail Stores,-2.0822854818894023,1.0131076866072952
6163,COUNCIL BLUFFS,5,698.76,47,139.752,9.4,35.504000000000005,0.4,4,4,0,Premium Retail Stores,-2.2990212237902656,2.7412100879415466
6165,STRAWBERRY POINT,5,378.39,33,75.678,6.6,11.889999999999999,0.0,5,4,1,Standard Neighbourhood Stores,-3.167693717845213,-0.985083585401002
6168,SPENCER,19,1735.42,193,91.3378947368421,10.157894736842104,13.638421052631578,0.21052631578947367,19,13,1,Standard Neighbourhood Stores,-0.35214748710706834,-0.3736848854915355
6173,INDEPENDENCE,25,1959.3899999999999,229,78.37559999999999,9.16,11.6292,0.12,24,14,3,Balanced High-Performing Stores,-0.09495650984571256,-1.0387590379894054
6176,CEDAR FALLS,28,2236.44,186,79.87285714285714,6.642857142857143,15.565357142857142,0.17857142857142858,28,14,3,Balanced High-Performing Stores,0.04747592233387587,-0.6747241478748061
6178,MAQUOKETA,12,2282.46,156,190.205,13.0,16.411666666666665,0.08333333333333333,12,10,1,Standard Neighbourhood Stores,-0.7284448612252848,0.19346534417578934
6180,BOYDEN,7,769.8399999999999,38,109.97714285714285,5.428571428571429,27.571428571428573,0.8571428571428571,7,7,0,Premium Retail Stores,-1.7515540852093048,3.1568966005300703
6186,DAVENPORT,11,1143.06,107,103.91454545454545,9.727272727272727,14.711818181818181,0.36363636363636365,11,7,0,Premium Retail Stores,-1.2774712302075046,0.49995208446379513
6189,MANCHESTER,18,2313.54,165,128.53,9.166666666666666,18.14888888888889,0.2222222222222222,18,15,3,Balanced High-Performing Stores,-0.18891059627442447,0.15481964964305245
6190,CORALVILLE,26,2937.92,204,112.99692307692308,7.846153846153846,23.138076923076923,0.34615384615384615,25,14,0,Premium Retail Stores,0.33616829035177254,0.7473262360849214
6191,WAUKEE,10,326.59000000000003,38,32.659000000000006,3.8,9.075,0.0,10,6,1,Standard Neighbourhood Stores,-2.661349893729071,-1.7783571222555041
6194,NEVADA,19,2605.95,152,137.15526315789472,8.0,25.873684210526317,0.2631578947368421,19,11,0,Premium Retail Stores,-0.17101462587346072,0.9336437225377772
6195,DEWITT,12,1559.06,172,129.92166666666665,14.333333333333334,16.39,0.25,12,10,1,Standard Neighbourhood Stores,-0.7876351186823899,0.5343598170041418
6197,MT PLEASANT,14,1893.3600000000001,622,135.24,44.42857142857143,11.052857142857144,0.07142857142857142,12,9,1,Standard Neighbourhood Stores,-0.08302022249537123,0.9604278164066753
6199,WEST DES MOINES,10,632.02,20,63.202,2.0,33.787,0.9,10,9,0,Premium Retail Stores,-1.6953219760244351,3.298679515058516
6201,MARION,16,1511.74,269,94.48375,16.8125,13.905,0.25,16,10,1,Standard Neighbourhood Stores,-0.4379260501492559,0.19735563664012054
6202,WATERLOO,11,1909.1399999999999,216,173.5581818181818,19.636363636363637,12.138181818181819,0.18181818181818182,11,8,1,Standard Neighbourhood Stores,-0.7540474187675039,0.4665993196649257
6203,WAUKEE,13,1705.6100000000001,102,131.20076923076925,7.846153846153846,28.475384615384616,0.46153846153846156,12,9,0,Premium Retail Stores,-0.7550791085130699,1.9251966786340995
6204,MARSHALLTOWN,28,3515.4,459,125.55,16.392857142857142,29.955714285714286,0.2857142857142857,28,19,3,Balanced High-Performing Stores,1.0927342666783246,1.470184855271586
6205,COUNCIL BLUFFS,34,3131.44,382,92.10117647058824,11.235294117647058,13.69529411764706,0.14705882352941177,32,16,3,Balanced High-Performing Stores,0.6711752473506972,-0.7293632580532643
6206,MARSHALLTOWN,7,952.37,74,136.05285714285714,10.571428571428571,23.154285714285713,0.42857142857142855,7,6,0,Premium Retail Stores,-1.7047253167838012,1.7320816754570785
6209,GRIMES,119,38822.71,1587,326.24126050420165,13.336134453781513,25.354873949579833,0.5126050420168067,111,35,2,Large High-Volume Stores,4.575979656337753,2.0187080223072895
6210,SIOUX CITY,9,804.19,179,89.35444444444445,19.88888888888889,12.964444444444444,0.3333333333333333,8,5,1,Standard Neighbourhood Stores,-1.4574429190143214,0.7671850057076122
6214,ANKENY,11,1066.71,67,96.97363636363637,6.090909090909091,25.927272727272726,0.2727272727272727,11,10,0,Premium Retail Stores,-1.3549901712268972,0.861980048311312
6215,DES MOINES,17,2623.56,261,154.3270588235294,15.352941176470589,14.808823529411764,0.17647058823529413,17,9,1,Standard Neighbourhood Stores,-0.21011139184904837,0.23167133387955033
6216,CEDAR RAPIDS,5,146.35,12,29.27,2.4,17.734,0.2,5,4,1,Standard Neighbourhood Stores,-3.7793332547023906,-0.27407312109614607
6217,ROCK RAPIDS,18,1982.1799999999998,308,110.1211111111111,17.11111111111111,14.375,0.2777777777777778,17,9,3,Balanced High-Performing Stores,-0.20526650066377133,0.4047766720519629
6219,MUSCATINE,6,833.76,120,138.96,20.0,10.365,0.16666666666666666,6,5,1,Standard Neighbourhood Stores,-1.9333157428717405,0.33136498629163424
6220,MASON CITY,9,744.33,63,82.70333333333333,7.0,19.052222222222227,0.1111111111111111,9,7,1,Standard Neighbourhood Stores,-1.963072269520265,-0.17321312208464362
6221,ORANGE CITY,18,2835.84,156,157.54666666666668,8.666666666666666,17.753888888888888,0.2777777777777778,18,11,3,Balanced High-Performing Stores,-0.21689572973595792,0.46981937253125783
6223,WATERLOO,33,4714.11,632,142.85181818181817,19.151515151515152,16.60060606060606,0.15151515151515152,30,14,3,Balanced High-Performing Stores,1.0655434737257008,0.17690717463433323
6224,MASON CITY,24,2219.74,308,92.48916666666666,12.833333333333334,26.32541666666667,0.3333333333333333,24,15,0,Premium Retail Stores,0.4171584724239436,1.1031446776059564
6225,WHEATLAND,6,644.16,71,107.36,11.833333333333334,23.060000000000002,0.3333333333333333,6,6,0,Premium Retail Stores,-2.068153711126793,1.368383325574695
6226,IOWA FALLS,13,849.45,84,65.3423076923077,6.461538461538462,32.79538461538462,0.3076923076923077,12,7,0,Premium Retail Stores,-1.3038495872525837,1.3953010150925786
6228,OELWEIN,7,1092.6,44,156.08571428571426,6.285714285714286,33.78,0.42857142857142855,7,6,0,Premium Retail Stores,-1.7535313993078903,2.484527019180922
6229,STORM LAKE,33,6730.88,340,203.9660606060606,10.303030303030303,20.77939393939394,0.3939393939393939,32,16,3,Balanced High-Performing Stores,1.255896054013274,1.1611790624340221
6233,CEDAR RAPIDS,23,2923.99,337,127.13,14.652173913043478,22.866086956521738,0.391304347826087,23,10,0,Premium Retail Stores,0.3966295941137931,1.3425379736775485
6235,ADEL,6,403.21000000000004,39,67.20166666666667,6.5,17.108333333333334,0.5,6,5,0,Premium Retail Stores,-2.5476407326211215,1.0136387438141483
6236,CEDAR RAPIDS,165,9395.23,417,56.94078787878787,2.5272727272727273,24.58,0.45454545454545453,155,40,2,Large High-Volume Stores,3.550896760229216,-0.16179522685680042
6237,CLINTON,16,1290.21,120,80.638125,7.5,13.620625,0.3125,15,10,1,Standard Neighbourhood Stores,-0.891881616776318,-0.11168434828669742
6239,LARCHWOOD,26,1316.38,132,50.63,5.076923076923077,14.403846153846153,0.23076923076923078,23,18,3,Balanced High-Performing Stores,-0.275365830425726,-0.8165898636840737
6242,WEST DES MOINES,105,50119.74,2031,477.3308571428571,19.34285714285714,35.20723809523809,0.6190476190476191,100,31,2,Large High-Volume Stores,4.9312800036041216,4.222463062416788
6243,INDEPENDENCE,17,2498.37,134,146.9629411764706,7.882352941176471,20.754117647058823,0.35294117647058826,17,11,0,Premium Retail Stores,-0.3101906878622384,0.8961400504162301
6245,ANKENY,40,4156.02,184,103.90050000000001,4.6,36.44025,0.625,40,23,0,Premium Retail Stores,1.4136521727163804,2.3243393955305556
6246,IOWA CITY,11,1539.91,126,139.9918181818182,11.454545454545455,19.491818181818182,0.2727272727272727,10,10,0,Premium Retail Stores,-0.9884502182313978,0.8133331584169079
6247,CHARLES CITY,5,330.95000000000005,43,66.19000000000001,8.6,7.368,0.0,5,4,1,Standard Neighbourhood Stores,-3.158721848586552,-1.3048458462021455
6248,CEDAR RAPIDS,26,2928.34,468,112.62846153846155,18.0,16.365000000000002,0.19230769230769232,25,13,3,Balanced High-Performing Stores,0.537068583567765,0.17177988174980377
6249,MONTICELLO,21,3351.81,235,159.60999999999999,11.19047619047619,20.02190476190476,0.2857142857142857,21,10,3,Balanced High-Performing Stores,0.14579463015034788,0.7735527516499319
6252,FORT DODGE,21,3492.52,212,166.31047619047618,10.095238095238095,17.59047619047619,0.3333333333333333,20,12,3,Balanced High-Performing Stores,0.17764152381687048,0.7020005082098951
6254,MARION,11,562.01,30,51.091818181818184,2.727272727272727,27.84272727272727,0.45454545454545453,11,8,0,Premium Retail Stores,-1.9054716400402296,1.2712252797722607
6256,DES MOINES,58,9511.86,1030,163.99758620689656,17.75862068965517,19.43051724137931,0.29310344827586204,55,22,3,Balanced High-Performing Stores,2.4387563042294875,0.6404421063308403
6257,EVANSDALE,14,1420.56,219,101.46857142857142,15.642857142857142,21.24642857142857,0.35714285714285715,12,8,0,Premium Retail Stores,-0.6476195093227199,1.2175550038149352
6258,FORT MADISON,14,1843.8600000000001,196,131.70428571428573,14.0,16.72142857142857,0.21428571428571427,14,11,1,Standard Neighbourhood Stores,-0.5340282945793428,0.3768760205267681
6260,WEST DES MOINES,24,1331.91,139,55.49625,5.791666666666667,16.5225,0.16666666666666666,23,16,3,Balanced High-Performing Stores,-0.36512536716893973,-0.7691407031448969
6261,WAUKEE,14,3223.83,248,230.27357142857142,17.714285714285715,33.845000000000006,0.35714285714285715,14,11,0,Premium Retail Stores,0.1810171346231938,2.8759750238823547
6262,ROCKWELL CITY,15,1438.72,76,95.91466666666666,5.066666666666666,30.260666666666665,0.3333333333333333,14,12,0,Premium Retail Stores,-0.8273022431018223,1.2618226353158633
6263,ROCK VALLEY,12,1544.04,75,128.67,6.25,19.596666666666668,0.4166666666666667,12,9,0,Premium Retail Stores,-1.073223776300197,0.980821092391066
6264,DES MOINES,28,5774.75,571,206.24107142857142,20.392857142857142,27.912142857142857,0.4642857142857143,27,14,0,Premium Retail Stores,1.3920005484175437,2.538208912978816
6265,STRATFORD,14,954.06,57,68.14714285714285,4.071428571428571,21.642142857142858,0.35714285714285715,13,9,0,Premium Retail Stores,-1.3664183850937917,0.519691564935302
6266,MARSHALLTOWN,8,1011.0,81,126.375,10.125,16.65625,0.25,6,5,1,Standard Neighbourhood Stores,-1.8927471625416827,0.5582620837227151
6267,POLK CITY,16,1454.37,63,90.898125,3.9375,30.543125,0.4375,16,9,0,Premium Retail Stores,-0.8637063313299114,1.5645250153960502
6268,OELWEIN,13,556.62,60,42.816923076923075,4.615384615384615,14.688461538461537,0.07692307692307693,13,11,1,Standard Neighbourhood Stores,-1.7775525315102219,-1.1066816555454073
6269,CEDAR RAPIDS,9,748.71,121,83.19,13.444444444444445,21.863333333333333,0.3333333333333333,9,6,0,Premium Retail Stores,-1.5238301772207097,1.1191456003667752
6270,OLIN,5,963.96,144,192.792,28.8,12.834,0.0,4,4,1,Standard Neighbourhood Stores,-2.000640989246267,0.7335449333758975
6271,KINGSLEY,9,1396.3799999999999,70,155.1533333333333,7.777777777777778,30.28888888888889,0.5555555555555556,8,7,0,Premium Retail Stores,-1.2472290573152127,2.632170562882487
6275,CEDAR RAPIDS,27,2437.27,89,90.26925925925926,3.2962962962962963,30.747037037037035,0.7777777777777778,25,13,0,Premium Retail Stores,0.22379110372157449,2.504592985927903
6277,HIAWATHA,5,554.79,74,110.958,14.8,25.818,0.2,5,4,0,Premium Retail Stores,-2.342827211656205,1.3712949809624413
6279,CEDAR RAPIDS,5,531.8199999999999,146,106.36399999999999,29.2,13.172,0.2,4,4,1,Standard Neighbourhood Stores,-2.185302224024011,1.0474760909759662
6280,CEDAR RAPIDS,7,872.09,50,124.58428571428571,7.142857142857143,18.341428571428573,0.2857142857142857,7,4,0,Premium Retail Stores,-2.14004264415035,0.6707492193691813
6283,CARROLL,9,1306.0,181,145.11111111111111,20.11111111111111,10.678888888888888,0.1111111111111111,9,7,1,Standard Neighbourhood Stores,-1.2490621473494241,0.0691275754837033
6284,SIOUX CITY,11,1121.54,95,101.95818181818181,8.636363636363637,25.516363636363636,0.2727272727272727,11,6,0,Premium Retail Stores,-1.326997201702904,1.0179336338079628
6285,NEWTON,10,1443.96,99,144.39600000000002,9.9,28.547000000000004,0.4,9,7,0,Premium Retail Stores,-1.1280295840909946,1.984881158458302
6287,BETTENDORF,15,2239.82,165,149.32133333333334,11.0,29.627333333333336,0.4,15,9,0,Premium Retail Stores,-0.29901311898095145,1.9892488420541716
6288,PLEASANT HILL,14,2159.66,127,154.26142857142855,9.071428571428571,28.967857142857145,0.6428571428571429,14,12,0,Premium Retail Stores,-0.22131210748502714,2.671496162744732
6290,OSAGE,10,1962.3999999999999,69,196.23999999999998,6.9,27.532999999999998,0.7,10,9,0,Premium Retail Stores,-0.8133604459260338,2.974232616017412
6294,BATAVIA,5,702.52,44,140.504,8.8,17.44,0.2,5,3,1,Standard Neighbourhood Stores,-2.587997567691534,0.5630365779602124
6295,PRIMGHAR,11,1300.78,68,118.25272727272727,6.181818181818182,28.611818181818183,0.45454545454545453,11,6,0,Premium Retail Stores,-1.2509085479335698,1.8443120879511956
6299,DES MOINES,10,725.27,154,72.527,15.4,8.853,0.1,10,5,1,Standard Neighbourhood Stores,-1.6720676315031857,-0.696058634637567
6300,AMES,7,611.16,34,87.30857142857143,4.857142857142857,20.54,0.5714285714285714,7,5,0,Premium Retail Stores,-2.2361877757918323,1.5141653363628504
6303,DES MOINES,53,6495.95,764,122.56509433962263,14.415094339622641,18.119056603773583,0.37735849056603776,48,18,3,Balanced High-Performing Stores,1.8999049948095068,0.5469906959500027
6304,AMES,33,2025.25,191,61.371212121212125,5.787878787878788,23.10969696969697,0.3939393939393939,32,19,0,Premium Retail Stores,0.5143227320149275,0.42453735478178944
6306,ALGONA,12,1893.48,104,157.79,8.666666666666666,18.1275,0.3333333333333333,12,12,0,Premium Retail Stores,-0.7785564717082886,0.795785146622562
6308,AMES,7,441.69,47,63.098571428571425,6.714285714285714,17.264285714285712,0.42857142857142855,7,7,0,Premium Retail Stores,-2.301702908280246,0.7098710489941986
6311,BURLINGTON,12,1060.63,117,88.38583333333334,9.75,20.6925,0.5,11,7,0,Premium Retail Stores,-1.108429383793094,1.3571561043035958
6313,GUTTENBERG,16,940.27,69,58.766875,4.3125,19.60875,0.375,16,13,0,Premium Retail Stores,-1.0310283232303024,0.28043759747656477
6314,MILTON,5,567.83,58,113.566,11.6,26.454,0.2,5,4,0,Premium Retail Stores,-2.4448234346778266,1.2836340253996705
6316,CARROLL,36,9682.48,543,268.9577777777778,15.083333333333334,25.14833333333333,0.4166666666666667,35,17,3,Balanced High-Performing Stores,1.8623164529480833,2.0759513513734738
6317,GRIMES,6,507.18,48,84.53,8.0,12.028333333333334,0.16666666666666666,6,4,1,Standard Neighbourhood Stores,-2.654083642504937,-0.35173635040037365
6318,MELBOURNE,5,318.72,58,63.74400000000001,11.6,19.494,0.6,5,4,0,Premium Retail Stores,-2.5304363375403063,1.824073420939815
6323,DES MOINES,14,1721.49,75,122.96357142857143,5.357142857142857,30.33285714285714,0.5,14,11,0,Premium Retail Stores,-0.6867745500468623,1.9925008184698252
6326,WATERLOO,13,2130.18,192,163.85999999999999,14.76923076923077,20.17538461538462,0.38461538461538464,13,10,0,Premium Retail Stores,-0.39521068365345496,1.4503343597058478
6327,MARENGO,14,984.2,142,70.3,10.142857142857142,15.13642857142857,0.21428571428571427,14,10,1,Standard Neighbourhood Stores,-1.048158170874157,-0.21906752447224684
6329,SIDNEY,7,479.56,46,68.50857142857143,6.571428571428571,18.565714285714286,0.42857142857142855,7,5,0,Premium Retail Stores,-2.333592553622127,0.8591429222328718
6331,MAQUOKETA,31,1512.41,130,48.78741935483871,4.193548387096774,16.05258064516129,0.12903225806451613,29,17,3,Balanced High-Performing Stores,-0.14873280940974584,-1.1270013534110281
6338,DES MOINES,24,3348.99,350,139.54125,14.583333333333334,16.092916666666667,0.2916666666666667,22,9,3,Balanced High-Performing Stores,0.3049401044435632,0.5286963813969384
6339,AINSWORTH,5,789.1800000000001,75,157.836,15.0,14.638,0.4,5,4,0,Premium Retail Stores,-2.13276760233688,1.3724744341737514
6342,URBANDALE,15,1586.79,202,105.786,13.466666666666667,12.135333333333334,0.13333333333333333,15,9,1,Standard Neighbourhood Stores,-0.727881087747772,-0.41199815158271585
6344,SIOUX CITY,13,2632.08,211,202.4676923076923,16.23076923076923,23.063846153846153,0.23076923076923078,13,11,0,Premium Retail Stores,-0.25376851675000295,1.4024519143314587
6345,KNOXVILLE,10,649.89,45,64.989,4.5,14.996,0.1,9,9,1,Standard Neighbourhood Stores,-2.1149168198776467,-0.7779148759205704
9001,SWISHER,11,7608.6,246,691.6909090909091,22.363636363636363,30.115454545454543,0.7272727272727273,8,7,0,Premium Retail Stores,0.8436776856209889,6.288712658060372
9002,LECLAIRE,5,8465.52,426,1693.104,85.2,21.59,0.4,4,4,4,Specialized Wholesale Stores,1.9952061847964722,12.200859530038146
